namespace	key	en	zh
ae2	ae2.rei_jei_integration.budding_quartz_creation_and_worldgen		石英母岩可在陨石中找到，或在水中用充能石英重新生成。
ae2	ae2.rei_jei_integration.budding_quartz_decays_when_broken		石英母岩被破坏后会退化为石英。
ae2	ae2.rei_jei_integration.buds_drop_dust_when_not_fully_grown		未长成的石英芽被破坏时掉落石英粉。
ae2	ae2.rei_jei_integration.certus_quartz_growth		赛特斯石英生长
ae2	ae2.rei_jei_integration.charger_required_power		%d 次转动或 %d AE
ae2	ae2.rei_jei_integration.consumed		已消耗
ae2	ae2.rei_jei_integration.crank_description		将曲柄装在充能器上即可手动供能。
ae2	ae2.rei_jei_integration.crystal_growth_accelerators_effect		已供能的晶体生长加速器会加速相邻石英母岩的生长。
ae2	ae2.rei_jei_integration.decay_chance		%d%% 几率
ae2	ae2.rei_jei_integration.encode_pattern		编码样板
ae2	ae2.rei_jei_integration.entropy_manipulator_cool		降温（%d AE）
ae2	ae2.rei_jei_integration.entropy_manipulator_heat		升温（%d AE）
ae2	ae2.rei_jei_integration.flawless_budding_quartz_description		完美石英母岩在生长石英芽时永不退化，仅能在陨石中找到。
ae2	ae2.rei_jei_integration.flowing_fluid_name		%s（流动）
ae2	ae2.rei_jei_integration.fortune_applies		受时运魔咒影响
ae2	ae2.rei_jei_integration.fully_grown_buds_drop_crystals		长成的石英芽被破坏时掉落晶体。
ae2	ae2.rei_jei_integration.has_encoded_ingredients		高亮元素已可合成
ae2	ae2.rei_jei_integration.imperfect_budding_quartz_decays		瑕疵石英母岩在石英芽生长时可能退化。
ae2	ae2.rei_jei_integration.move_items		移动物品
ae2	ae2.rei_jei_integration.p2p_api_attunement		可用以下任意物品调谐：
ae2	ae2.rei_jei_integration.p2p_tag_attunement		用所示任意物品调谐
ae2	ae2.rei_jei_integration.p2p_tunnel_attunement		P2P 隧道调谐
ae2	ae2.rei_jei_integration.quartz_buds_grow_on_budding_quartz		石英芽生长在石英母岩上。
ae2	ae2.rei_jei_integration.right_click		右击
ae2	ae2.rei_jei_integration.shift_right_click		Shift+右击
ae2	ae2.rei_jei_integration.silk_touch_causes_less_decay		精准采集可减少退化
ae2	ae2.rei_jei_integration.spatial_io_causes_none		空间 IO 不会造成退化
ae2	chat.ae2.InvalidMachinePartiallyRestored		已为不兼容的设备恢复部分配置：%s。
ae2	chat.ae2.MissingBlankPatterns		空白样板不足，无法恢复样板（缺少 %d 个）。
ae2	chat.ae2.MissingUpgrades		%s 不足，无法恢复升级（缺少 %d 个）。
ae2	config.jade.plugin_ae2.charger		AE2 充能器
ae2	config.jade.plugin_ae2.crafting_monitor		AE2 合成监控器
ae2	config.jade.plugin_ae2.debug		AE2 调试信息
ae2	config.jade.plugin_ae2.grid_node_state		AE2 网络状态
ae2	config.jade.plugin_ae2.part_icon		AE2 部件图标
ae2	config.jade.plugin_ae2.part_mod_name		AE2 模组名称
ae2	config.jade.plugin_ae2.part_name		AE2 部件名称
ae2	config.jade.plugin_ae2.part_tooltip		AE2 部件提示
ae2	config.jade.plugin_ae2.pattern_provider		AE2 样板供应器
ae2	config.jade.plugin_ae2.power_storage		AE2 能量状态
ae2	gui.ae2.CPUs		CPU
ae2	gui.ae2.CraftErrorCpuBusy		所选 CPU 正在处理其他任务。
ae2	gui.ae2.CraftErrorCpuOffline		所选 CPU 已离线。
ae2	gui.ae2.CraftErrorCpuTooSmall		所选 CPU 存储空间不足。
ae2	gui.ae2.CraftErrorIncompletePlan		未完成的计划无法提交。
ae2	gui.ae2.CraftErrorMissingIngredient		部分材料无法从网络中提取。
ae2	gui.ae2.CraftErrorNoCpuFound		网络中没有合成 CPU。
ae2	gui.ae2.CraftErrorNoSuitableCpu		没有适合该任务的合成 CPU。
ae2	gui.ae2.CraftErrorNoSuitableCpuBusy		%d 个忙碌
ae2	gui.ae2.CraftErrorNoSuitableCpuExcluded		%d 个已排除
ae2	gui.ae2.CraftErrorNoSuitableCpuOffline		%d 个离线
ae2	gui.ae2.CraftErrorNoSuitableCpuTooSmall		%d 个过小
ae2	gui.ae2.CraftErrorReplan		重新规划
ae2	gui.ae2.CraftErrorRetry		重试
ae2	gui.ae2.CraftingCPUs		合成 CPU
ae2	gui.ae2.CraftingLockIsLocked		合成已锁定
ae2	gui.ae2.CraftingLockIsUnlocked		合成未锁定
ae2	gui.ae2.ETAFormat		HH:mm:ss
ae2	gui.ae2.RestoredGenericSettingConfigInv		配置物品栏
ae2	gui.ae2.RestoredGenericSettingPriority		优先级
ae2	gui.ae2.RestoredGenericSettingSettings		设置
ae2	gui.ae2.RestoredGenericSettingUpgrades		升级
ae2	gui.ae2.SearchPlaceholder		搜索…
ae2	gui.ae2.SearchSettingsAutoFocus		打开时自动聚焦
ae2	gui.ae2.SearchSettingsClearExternal		打开时清除 %s 搜索
ae2	gui.ae2.SearchSettingsRememberSearch		记住上次的搜索内容
ae2	gui.ae2.SearchSettingsReplaceWithExternal		替换为 %s 搜索结果
ae2	gui.ae2.SearchSettingsSearchTooltips		在提示框中搜索
ae2	gui.ae2.SearchSettingsSyncWithExternal		与 %s 搜索同步
ae2	gui.ae2.SearchSettingsTitle		搜索设置
ae2	gui.ae2.SearchSettingsUseExternalSearch		使用 %s
ae2	gui.ae2.SearchSettingsUseInternalSearch		使用 AE
ae2	gui.ae2.SerialNumber		序列号：%s
ae2	gui.ae2.SmithingTablePattern		锻造台样板
ae2	gui.ae2.StonecuttingPattern		切石机样板
ae2	gui.ae2.StorageCellTooltipUpgrades		升级：
ae2	gui.ae2.TerminalSettingsClearGridOnClose		关闭时自动清空终端网格（如适用）
ae2	gui.ae2.TerminalSettingsNotifyForFinishedJobs		合成任务完成时通知（需要无线终端）
ae2	gui.ae2.TerminalSettingsPinAutoCraftedItems		将自动合成物品固定在第一行
ae2	gui.ae2.TerminalSettingsTitle		终端设置
ae2	gui.ae2.ToastCraftingJobFinishedTitle		自动合成完成
ae2	gui.ae2.units.appliedenergistics		AE
ae2	gui.ae2.units.rf		RF
ae2	gui.tooltips.ae2.LockCraftingMode		锁定合成
ae2	gui.tooltips.ae2.LockCraftingModeNone		从不
ae2	gui.tooltips.ae2.LockCraftingUntilRedstonePulse		收到红石脉冲前
ae2	gui.tooltips.ae2.LockCraftingUntilResultReturned		主合成产物返回前
ae2	gui.tooltips.ae2.LockCraftingWhileRedstoneHigh		有红石信号时
ae2	gui.tooltips.ae2.LockCraftingWhileRedstoneLow		无红石信号时
ae2	gui.tooltips.ae2.RequestableAmount		可请求量：%s
ae2	gui.tooltips.ae2.SearchSettingsTooltip		显示搜索设置
ae2	gui.tooltips.ae2.TerminalSettings		终端设置
ae2	item.ae2.smithing_table_pattern		锻造台样板
ae2	item.ae2.stonecutting_pattern		切石机样板
ae2	item.ae2.wrapped_generic_stack		通用堆叠封装
ae2	waila.ae2.CraftingLockedByLackOfRedstoneSignal		因缺少红石信号而锁定
ae2	waila.ae2.CraftingLockedByRedstoneSignal		因红石信号而锁定
ae2	waila.ae2.CraftingLockedUntilPulse		等待红石脉冲以解锁
ae2	waila.ae2.CraftingLockedUntilResult		等待 %s（%d）以解锁
ae2	waila.ae2.P2PFrequency		频率：%s
ae2	waila.ae2.P2PMECarriedChannels		承载频道：%d
ae2additions	itemGroup.ae2additions		AE2 附加
ae2searchimprovements	gui.ae2searchimprovements.SearchTooltipTag		使用 $ 按标签搜索（$ingot）
ae2searchimprovements	gui.ae2searchimprovements.SearchTooltipToolTips		使用 # 在提示框中搜索（#looting）
ae2things	itemGroup.ae2things.item_group		AE2 扩展
aeinfinitybooster	itemGroup.aeinfinitybooster		AE2 无限增幅
alexsmobs	advancements.alexsmobs.la_cucaracha.title		马里亚奇乐队！
alexsmobs	advancements.alexsmobs.maraca.title		马里亚奇乐队？
alexsmobs	advancements.alexsmobs.straddleboard.title		冲浪美利坚
alexsmobs	alexsmobs.sound.subtitle.la_cucaracha		¡La Cucaracha!
alexsmobs	alexsmobs.sound.subtitle.music_disc.daze		Daze
alexsmobs	alexsmobs.sound.subtitle.music_disc.thime		Thime
alexsmobs	alexsmobs.sound.subtitle.music_disc.wormboss		Wormboss
alexsmobs	block.alexsmobs.red_sand_circle		防海熊圈（红沙）
alexsmobs	block.alexsmobs.sand_circle		防海熊圈（沙子）
alexsmobs	block.alexsmobs.terrapin_egg.desc		%s x %s
alexsmobs	entity.alexsmobs.sea_bear		海熊
alexsmobs	item.alexsmobs.music_disc_daze.desc		LudoCrypt - Daze
alexsmobs	item.alexsmobs.music_disc_thime.desc		LudoCrypt - Thime
appbot	itemGroup.appbot.tab		应用植物学
appliedcooking	itemGroup.appliedcooking		应用烹饪
appmek	itemGroup.appmek		应用通用机械
archers_paradox	item.archers_paradox.quiver		箭袋
architects_palette	itemGroup.architects_palette.everything		建筑师的调色板
ars_nouveau	ars_nouveau.glyph_desc.sense_magic		为目标施加魔法感知，使其 75 格内的魔法生物发光。魔法感知还能显示符文上的法术。
ars_nouveau	ars_nouveau.glyph_name.sense_magic		魔法感知
ars_nouveau	ars_nouveau.scryers_eye.no_pos		卷轴上未设置位置。
ars_nouveau	item.ars_nouveau.glyph_sense_magic		魔符：魔法感知
auxiliaryblocks	block.auxiliaryblocks.asphalt		沥青
auxiliaryblocks	block.auxiliaryblocks.asphalt_caution		沥青警示线
auxiliaryblocks	block.auxiliaryblocks.asphalt_line_center		沥青线（中央）
auxiliaryblocks	block.auxiliaryblocks.asphalt_line_edge		沥青线（边缘）
auxiliaryblocks	block.auxiliaryblocks.aurora_bricks		极光砖
auxiliaryblocks	block.auxiliaryblocks.aurora_bricks_slab		极光砖台阶
auxiliaryblocks	block.auxiliaryblocks.aurora_bricks_stairs		极光砖楼梯
auxiliaryblocks	block.auxiliaryblocks.aurora_bricks_wall		极光砖墙
auxiliaryblocks	block.auxiliaryblocks.aurora_calcite		极光方解石
auxiliaryblocks	block.auxiliaryblocks.aurora_calcite_slab		极光方解石台阶
auxiliaryblocks	block.auxiliaryblocks.aurora_calcite_stairs		极光方解石楼梯
auxiliaryblocks	block.auxiliaryblocks.aurora_calcite_wall		极光方解石墙
auxiliaryblocks	block.auxiliaryblocks.aurora_cobblestone		极光圆石
auxiliaryblocks	block.auxiliaryblocks.aurora_cobblestone_slab		极光圆石台阶
auxiliaryblocks	block.auxiliaryblocks.aurora_cobblestone_stairs		极光圆石楼梯
auxiliaryblocks	block.auxiliaryblocks.aurora_cobblestone_wall		极光圆石墙
auxiliaryblocks	block.auxiliaryblocks.aurora_dirt		极光泥土
auxiliaryblocks	block.auxiliaryblocks.aurora_dirt_slab		极光泥土台阶
auxiliaryblocks	block.auxiliaryblocks.aurora_dirt_stairs		极光泥土楼梯
auxiliaryblocks	block.auxiliaryblocks.aurora_dirt_wall		极光泥土墙
auxiliaryblocks	block.auxiliaryblocks.aurora_dripstone		极光滴水石
auxiliaryblocks	block.auxiliaryblocks.aurora_dripstone_block		极光滴水石块
auxiliaryblocks	block.auxiliaryblocks.aurora_dripstone_block_slab		极光滴水石块台阶
auxiliaryblocks	block.auxiliaryblocks.aurora_dripstone_block_stairs		极光滴水石块楼梯
auxiliaryblocks	block.auxiliaryblocks.aurora_dripstone_block_wall		极光滴水石块墙
auxiliaryblocks	block.auxiliaryblocks.aurora_icing		极光糖霜
auxiliaryblocks	block.auxiliaryblocks.aurora_icing_slab		极光糖霜台阶
auxiliaryblocks	block.auxiliaryblocks.aurora_icing_stairs		极光糖霜楼梯
auxiliaryblocks	block.auxiliaryblocks.aurora_icing_wall		极光糖霜墙
auxiliaryblocks	block.auxiliaryblocks.aurora_moss		极光苔藓
auxiliaryblocks	block.auxiliaryblocks.aurora_moss_slab		极光苔藓台阶
auxiliaryblocks	block.auxiliaryblocks.aurora_moss_stairs		极光苔藓楼梯
auxiliaryblocks	block.auxiliaryblocks.aurora_moss_wall		极光苔藓墙
auxiliaryblocks	block.auxiliaryblocks.aurora_mud		极光泥巴
auxiliaryblocks	block.auxiliaryblocks.aurora_mud_slab		极光泥巴台阶
auxiliaryblocks	block.auxiliaryblocks.aurora_mud_stairs		极光泥巴楼梯
auxiliaryblocks	block.auxiliaryblocks.aurora_mud_wall		极光泥巴墙
auxiliaryblocks	block.auxiliaryblocks.aurora_planks		极光木板
auxiliaryblocks	block.auxiliaryblocks.aurora_planks_slab		极光木板台阶
auxiliaryblocks	block.auxiliaryblocks.aurora_planks_stairs		极光木板楼梯
auxiliaryblocks	block.auxiliaryblocks.aurora_planks_wall		极光木板墙
auxiliaryblocks	block.auxiliaryblocks.aurora_stone		极光石头
auxiliaryblocks	block.auxiliaryblocks.aurora_stone_slab		极光石头台阶
auxiliaryblocks	block.auxiliaryblocks.aurora_stone_stairs		极光石头楼梯
auxiliaryblocks	block.auxiliaryblocks.aurora_stone_wall		极光石头墙
auxiliaryblocks	block.auxiliaryblocks.black_crystal		黑色水晶
auxiliaryblocks	block.auxiliaryblocks.black_frameless_glass		黑色无框玻璃
auxiliaryblocks	block.auxiliaryblocks.blue_big_present		蓝色大礼物盒
auxiliaryblocks	block.auxiliaryblocks.blue_crystal		蓝色水晶
auxiliaryblocks	block.auxiliaryblocks.blue_frameless_glass		蓝色无框玻璃
auxiliaryblocks	block.auxiliaryblocks.blue_gelatin		蓝色凝胶
auxiliaryblocks	block.auxiliaryblocks.blue_pastel		蓝色粉彩
auxiliaryblocks	block.auxiliaryblocks.blue_plastic		蓝色塑料
auxiliaryblocks	block.auxiliaryblocks.blue_present		蓝色礼物盒
auxiliaryblocks	block.auxiliaryblocks.brown_frameless_glass		棕色无框玻璃
auxiliaryblocks	block.auxiliaryblocks.candy_cane_block		拐杖糖块
auxiliaryblocks	block.auxiliaryblocks.candy_cane_trapdoor		拐杖糖活板门
auxiliaryblocks	block.auxiliaryblocks.chiseled_gingerbread		錾制姜饼
auxiliaryblocks	block.auxiliaryblocks.chiseled_gingerbread_slab		錾制姜饼台阶
auxiliaryblocks	block.auxiliaryblocks.chiseled_gingerbread_stairs		錾制姜饼楼梯
auxiliaryblocks	block.auxiliaryblocks.chiseled_gingerbread_wall		錾制姜饼墙
auxiliaryblocks	block.auxiliaryblocks.cobbled_sandstone		碎砂岩
auxiliaryblocks	block.auxiliaryblocks.concrete		混凝土
auxiliaryblocks	block.auxiliaryblocks.concrete_vent		混凝土通风口
auxiliaryblocks	block.auxiliaryblocks.cookie_pile		饼干堆
auxiliaryblocks	block.auxiliaryblocks.critter_bat		生物：蝙蝠
auxiliaryblocks	block.auxiliaryblocks.critter_spider		生物：蜘蛛
auxiliaryblocks	block.auxiliaryblocks.critter_spider_2		生物：蜘蛛 #2
auxiliaryblocks	block.auxiliaryblocks.cyan_frameless_glass		青色无框玻璃
auxiliaryblocks	block.auxiliaryblocks.cyan_gelatin		青色凝胶
auxiliaryblocks	block.auxiliaryblocks.cyan_plastic		青色塑料
auxiliaryblocks	block.auxiliaryblocks.dark_asphalt		深色沥青
auxiliaryblocks	block.auxiliaryblocks.dark_asphalt_caution		深色沥青警示线
auxiliaryblocks	block.auxiliaryblocks.dark_asphalt_line_center		深色沥青线（中央）
auxiliaryblocks	block.auxiliaryblocks.dark_asphalt_line_edge		深色沥青线（边缘）
auxiliaryblocks	block.auxiliaryblocks.dark_gray_plastic		深灰色塑料
auxiliaryblocks	block.auxiliaryblocks.dark_purple_diorite		深紫色闪长岩
auxiliaryblocks	block.auxiliaryblocks.dirty_sand		脏沙子
auxiliaryblocks	block.auxiliaryblocks.drippy_icing_block		滴落糖霜块
auxiliaryblocks	block.auxiliaryblocks.festive_cake		节日蛋糕
auxiliaryblocks	block.auxiliaryblocks.gingerbread_block		姜饼块
auxiliaryblocks	block.auxiliaryblocks.gingerbread_bricks		姜饼砖
auxiliaryblocks	block.auxiliaryblocks.gingerbread_bricks_slab		姜饼砖台阶
auxiliaryblocks	block.auxiliaryblocks.gingerbread_bricks_stairs		姜饼砖楼梯
auxiliaryblocks	block.auxiliaryblocks.gingerbread_bricks_wall		姜饼砖墙
auxiliaryblocks	block.auxiliaryblocks.gingerbread_candied_block		撒糖姜饼糖霜块
auxiliaryblocks	block.auxiliaryblocks.gingerbread_house		姜饼屋
auxiliaryblocks	block.auxiliaryblocks.gingerbread_icing_block		姜饼糖霜块
auxiliaryblocks	block.auxiliaryblocks.gloomy_andesite		幽暗安山岩
auxiliaryblocks	block.auxiliaryblocks.gloomy_andesite_slab		幽暗安山岩台阶
auxiliaryblocks	block.auxiliaryblocks.gloomy_andesite_stairs		幽暗安山岩楼梯
auxiliaryblocks	block.auxiliaryblocks.gloomy_bricks		幽暗砖
auxiliaryblocks	block.auxiliaryblocks.gloomy_bricks_slab		幽暗砖台阶
auxiliaryblocks	block.auxiliaryblocks.gloomy_bricks_stairs		幽暗砖楼梯
auxiliaryblocks	block.auxiliaryblocks.gloomy_bright_dust		幽暗亮尘
auxiliaryblocks	block.auxiliaryblocks.gloomy_cobblestone		幽暗圆石
auxiliaryblocks	block.auxiliaryblocks.gloomy_cobblestone_slab		幽暗圆石台阶
auxiliaryblocks	block.auxiliaryblocks.gloomy_cobblestone_stairs		幽暗圆石楼梯
auxiliaryblocks	block.auxiliaryblocks.gloomy_cracked_bricks		幽暗裂纹砖
auxiliaryblocks	block.auxiliaryblocks.gloomy_cracked_bricks_slab		幽暗裂纹砖台阶
auxiliaryblocks	block.auxiliaryblocks.gloomy_cracked_bricks_stairs		幽暗裂纹砖楼梯
auxiliaryblocks	block.auxiliaryblocks.gloomy_crushed_rocks		幽暗碎石
auxiliaryblocks	block.auxiliaryblocks.gloomy_crushed_rocks_slab		幽暗碎石台阶
auxiliaryblocks	block.auxiliaryblocks.gloomy_crushed_rocks_stairs		幽暗碎石楼梯
auxiliaryblocks	block.auxiliaryblocks.gloomy_dark_andesite		幽暗深色安山岩
auxiliaryblocks	block.auxiliaryblocks.gloomy_dark_andesite_slab		幽暗深色安山岩台阶
auxiliaryblocks	block.auxiliaryblocks.gloomy_dark_andesite_stairs		幽暗深色安山岩楼梯
auxiliaryblocks	block.auxiliaryblocks.gloomy_dark_cobblestone		幽暗深色圆石
auxiliaryblocks	block.auxiliaryblocks.gloomy_dark_cobblestone_slab		幽暗深色圆石台阶
auxiliaryblocks	block.auxiliaryblocks.gloomy_dark_cobblestone_stairs		幽暗深色圆石楼梯
auxiliaryblocks	block.auxiliaryblocks.gloomy_dark_stone		幽暗深色石头
auxiliaryblocks	block.auxiliaryblocks.gloomy_dark_stone_slab		幽暗深色石头台阶
auxiliaryblocks	block.auxiliaryblocks.gloomy_dark_stone_stairs		幽暗深色石头楼梯
auxiliaryblocks	block.auxiliaryblocks.gloomy_dirt		幽暗泥土
auxiliaryblocks	block.auxiliaryblocks.gloomy_dirt_slab		幽暗泥土台阶
auxiliaryblocks	block.auxiliaryblocks.gloomy_dirt_stairs		幽暗泥土楼梯
auxiliaryblocks	block.auxiliaryblocks.gloomy_door		幽暗门
auxiliaryblocks	block.auxiliaryblocks.gloomy_dust		幽暗粉尘
auxiliaryblocks	block.auxiliaryblocks.gloomy_fence		幽暗栅栏
auxiliaryblocks	block.auxiliaryblocks.gloomy_fence_gate		幽暗栅栏门
auxiliaryblocks	block.auxiliaryblocks.gloomy_gravel		幽暗沙砾
auxiliaryblocks	block.auxiliaryblocks.gloomy_gravel_slab		幽暗沙砾台阶
auxiliaryblocks	block.auxiliaryblocks.gloomy_gravel_stairs		幽暗沙砾楼梯
auxiliaryblocks	block.auxiliaryblocks.gloomy_jack_o_lantern		幽暗南瓜灯
auxiliaryblocks	block.auxiliaryblocks.gloomy_log		幽暗原木
auxiliaryblocks	block.auxiliaryblocks.gloomy_planks		幽暗木板
auxiliaryblocks	block.auxiliaryblocks.gloomy_slab		幽暗台阶
auxiliaryblocks	block.auxiliaryblocks.gloomy_stairs		幽暗楼梯
auxiliaryblocks	block.auxiliaryblocks.gloomy_stone		幽暗石头
auxiliaryblocks	block.auxiliaryblocks.gloomy_stone_slab		幽暗石头台阶
auxiliaryblocks	block.auxiliaryblocks.gloomy_stone_stairs		幽暗石头楼梯
auxiliaryblocks	block.auxiliaryblocks.gloomy_trapdoor		幽暗活板门
auxiliaryblocks	block.auxiliaryblocks.gloomy_web		幽暗蛛网
auxiliaryblocks	block.auxiliaryblocks.gloomy_web_dark		深色幽暗蛛网
auxiliaryblocks	block.auxiliaryblocks.gloomy_weeping_vines		幽暗垂泪藤
auxiliaryblocks	block.auxiliaryblocks.gloomy_weeping_vines_plant		幽暗垂泪藤植株
auxiliaryblocks	block.auxiliaryblocks.gray_frameless_glass		灰色无框玻璃
auxiliaryblocks	block.auxiliaryblocks.gray_pastel		灰色粉彩
auxiliaryblocks	block.auxiliaryblocks.green_crystal		绿色水晶
auxiliaryblocks	block.auxiliaryblocks.green_frameless_glass		绿色无框玻璃
auxiliaryblocks	block.auxiliaryblocks.green_pastel		绿色粉彩
auxiliaryblocks	block.auxiliaryblocks.green_plastic		绿色塑料
auxiliaryblocks	block.auxiliaryblocks.gumdrop_green		绿色软糖
auxiliaryblocks	block.auxiliaryblocks.gumdrop_purple		紫色软糖
auxiliaryblocks	block.auxiliaryblocks.gumdrop_red		红色软糖
auxiliaryblocks	block.auxiliaryblocks.indigo_crystal		靛蓝色水晶
auxiliaryblocks	block.auxiliaryblocks.lab_blue		实验方块
auxiliaryblocks	block.auxiliaryblocks.lab_chrome		实验方块
auxiliaryblocks	block.auxiliaryblocks.lab_cyan		实验方块
auxiliaryblocks	block.auxiliaryblocks.lab_dark_gray		实验方块
auxiliaryblocks	block.auxiliaryblocks.lab_dark_metallic		实验方块
auxiliaryblocks	block.auxiliaryblocks.lab_gray		实验方块
auxiliaryblocks	block.auxiliaryblocks.lab_green		实验方块
auxiliaryblocks	block.auxiliaryblocks.lab_light_gray		实验方块（基底）
auxiliaryblocks	block.auxiliaryblocks.lab_light_metallic		实验方块
auxiliaryblocks	block.auxiliaryblocks.lab_metallic		实验方块
auxiliaryblocks	block.auxiliaryblocks.lab_red		实验方块
auxiliaryblocks	block.auxiliaryblocks.lab_yellow		实验方块
auxiliaryblocks	block.auxiliaryblocks.light_blue_frameless_glass		淡蓝色无框玻璃
auxiliaryblocks	block.auxiliaryblocks.light_gray_frameless_glass		淡灰色无框玻璃
auxiliaryblocks	block.auxiliaryblocks.light_gray_plastic		淡灰色塑料
auxiliaryblocks	block.auxiliaryblocks.lime_big_present		黄绿色大礼物盒
auxiliaryblocks	block.auxiliaryblocks.lime_frameless_glass		黄绿色无框玻璃
auxiliaryblocks	block.auxiliaryblocks.lime_gelatin		黄绿色凝胶
auxiliaryblocks	block.auxiliaryblocks.lime_present		黄绿色礼物盒
auxiliaryblocks	block.auxiliaryblocks.lollipop_blue		蓝色棒棒糖
auxiliaryblocks	block.auxiliaryblocks.lollipop_green		绿色棒棒糖
auxiliaryblocks	block.auxiliaryblocks.lollipop_pink		粉色棒棒糖
auxiliaryblocks	block.auxiliaryblocks.lollipop_stick		棒棒糖棍
auxiliaryblocks	block.auxiliaryblocks.magenta_big_present		品红色大礼物盒
auxiliaryblocks	block.auxiliaryblocks.magenta_frameless_glass		品红色无框玻璃
auxiliaryblocks	block.auxiliaryblocks.magenta_gelatin		品红色凝胶
auxiliaryblocks	block.auxiliaryblocks.magenta_present		品红色礼物盒
auxiliaryblocks	block.auxiliaryblocks.medium_pumpkin		中型南瓜
auxiliaryblocks	block.auxiliaryblocks.mossy_dirt		覆苔泥土
auxiliaryblocks	block.auxiliaryblocks.mossy_stone		覆苔石头
auxiliaryblocks	block.auxiliaryblocks.nailed_reinforced_concrete		钉固钢筋混凝土
auxiliaryblocks	block.auxiliaryblocks.orange_big_present		橙色大礼物盒
auxiliaryblocks	block.auxiliaryblocks.orange_crystal		橙色水晶
auxiliaryblocks	block.auxiliaryblocks.orange_frameless_glass		橙色无框玻璃
auxiliaryblocks	block.auxiliaryblocks.orange_gelatin		橙色凝胶
auxiliaryblocks	block.auxiliaryblocks.orange_pastel		橙色粉彩
auxiliaryblocks	block.auxiliaryblocks.orange_plastic		橙色塑料
auxiliaryblocks	block.auxiliaryblocks.orange_present		橙色礼物盒
auxiliaryblocks	block.auxiliaryblocks.ornament_blue		蓝色装饰球
auxiliaryblocks	block.auxiliaryblocks.ornament_cyan		青色装饰球
auxiliaryblocks	block.auxiliaryblocks.ornament_green		绿色装饰球
auxiliaryblocks	block.auxiliaryblocks.ornament_light_blue		淡蓝色装饰球
auxiliaryblocks	block.auxiliaryblocks.ornament_lime		黄绿色装饰球
auxiliaryblocks	block.auxiliaryblocks.ornament_magenta		品红色装饰球
auxiliaryblocks	block.auxiliaryblocks.ornament_orange		橙色装饰球
auxiliaryblocks	block.auxiliaryblocks.ornament_pink		粉红色装饰球
auxiliaryblocks	block.auxiliaryblocks.ornament_purple		紫色装饰球
auxiliaryblocks	block.auxiliaryblocks.ornament_red		红色装饰球
auxiliaryblocks	block.auxiliaryblocks.peppermint_mint		薄荷糖
auxiliaryblocks	block.auxiliaryblocks.peppermint_red		红色薄荷糖
auxiliaryblocks	block.auxiliaryblocks.pink_big_present		粉红色大礼物盒
auxiliaryblocks	block.auxiliaryblocks.pink_frameless_glass		粉红色无框玻璃
auxiliaryblocks	block.auxiliaryblocks.pink_pastel		粉红色粉彩
auxiliaryblocks	block.auxiliaryblocks.pink_present		粉红色礼物盒
auxiliaryblocks	block.auxiliaryblocks.plastic		塑料
auxiliaryblocks	block.auxiliaryblocks.plated_concrete		覆板混凝土
auxiliaryblocks	block.auxiliaryblocks.polished_gingerbread		磨制姜饼
auxiliaryblocks	block.auxiliaryblocks.polished_gingerbread_slab		磨制姜饼台阶
auxiliaryblocks	block.auxiliaryblocks.polished_gingerbread_stairs		磨制姜饼楼梯
auxiliaryblocks	block.auxiliaryblocks.polished_gingerbread_wall		磨制姜饼墙
auxiliaryblocks	block.auxiliaryblocks.purple_diorite		紫色闪长岩
auxiliaryblocks	block.auxiliaryblocks.purple_frameless_glass		紫色无框玻璃
auxiliaryblocks	block.auxiliaryblocks.purple_gelatin		紫色凝胶
auxiliaryblocks	block.auxiliaryblocks.purple_pastel		紫色粉彩
auxiliaryblocks	block.auxiliaryblocks.purple_plastic		紫色塑料
auxiliaryblocks	block.auxiliaryblocks.red_big_present		红色大礼物盒
auxiliaryblocks	block.auxiliaryblocks.red_crystal		红色水晶
auxiliaryblocks	block.auxiliaryblocks.red_frameless_glass		红色无框玻璃
auxiliaryblocks	block.auxiliaryblocks.red_gelatin		红色凝胶
auxiliaryblocks	block.auxiliaryblocks.red_plastic		红色塑料
auxiliaryblocks	block.auxiliaryblocks.red_present		红色礼物盒
auxiliaryblocks	block.auxiliaryblocks.reinforced_concrete		钢筋混凝土
auxiliaryblocks	block.auxiliaryblocks.rocky_dirt		多石泥土
auxiliaryblocks	block.auxiliaryblocks.rocky_sand		多石沙子
auxiliaryblocks	block.auxiliaryblocks.rocky_stone		多石石头
auxiliaryblocks	block.auxiliaryblocks.rusty_sheet_metal		锈蚀金属板
auxiliaryblocks	block.auxiliaryblocks.rusty_sheet_metal_section		锈蚀金属板段
auxiliaryblocks	block.auxiliaryblocks.rusty_trapdoor		锈蚀活板门
auxiliaryblocks	block.auxiliaryblocks.sheet_metal		金属板
auxiliaryblocks	block.auxiliaryblocks.sheet_metal_section		金属板段
auxiliaryblocks	block.auxiliaryblocks.smooth_blue_pastel		平滑蓝色粉彩
auxiliaryblocks	block.auxiliaryblocks.smooth_gray_pastel		平滑灰色粉彩
auxiliaryblocks	block.auxiliaryblocks.smooth_green_pastel		平滑绿色粉彩
auxiliaryblocks	block.auxiliaryblocks.smooth_orange_pastel		平滑橙色粉彩
auxiliaryblocks	block.auxiliaryblocks.smooth_pink_pastel		平滑粉红色粉彩
auxiliaryblocks	block.auxiliaryblocks.smooth_purple_pastel		平滑紫色粉彩
auxiliaryblocks	block.auxiliaryblocks.smooth_yellow_pastel		平滑黄色粉彩
auxiliaryblocks	block.auxiliaryblocks.sprinkle		糖霜粒
auxiliaryblocks	block.auxiliaryblocks.tiny_pumpkin		微型南瓜
auxiliaryblocks	block.auxiliaryblocks.violet_crystal		紫罗兰色水晶
auxiliaryblocks	block.auxiliaryblocks.white_crystal		白色水晶
auxiliaryblocks	block.auxiliaryblocks.white_frameless_glass		白色无框玻璃
auxiliaryblocks	block.auxiliaryblocks.yellow_crystal		黄色水晶
auxiliaryblocks	block.auxiliaryblocks.yellow_frameless_glass		黄色无框玻璃
auxiliaryblocks	block.auxiliaryblocks.yellow_gelatin		黄色凝胶
auxiliaryblocks	block.auxiliaryblocks.yellow_pastel		黄色粉彩
auxiliaryblocks	entity.auxiliaryblocks.gingerbread_man		姜饼人
auxiliaryblocks	entity.auxiliaryblocks.gingerbread_man_giant		巨型姜饼人
auxiliaryblocks	entity.auxiliaryblocks.gingerbread_man_small		小型姜饼人
auxiliaryblocks	entity.auxiliaryblocks.snowdood		雪人偶
auxiliaryblocks	entity.auxiliaryblocks.strong_snowball		强力雪球
auxiliaryblocks	entity.auxiliaryblocks.target_minecart		标靶矿车
auxiliaryblocks	fluid.auxiliaryblocks.black_water		黑色水
auxiliaryblocks	fluid.auxiliaryblocks.blue_water		蓝色水
auxiliaryblocks	fluid.auxiliaryblocks.brown_water		棕色水
auxiliaryblocks	fluid.auxiliaryblocks.cyan_water		青色水
auxiliaryblocks	fluid.auxiliaryblocks.gray_water		灰色水
auxiliaryblocks	fluid.auxiliaryblocks.green_water		绿色水
auxiliaryblocks	fluid.auxiliaryblocks.light_blue_water		淡蓝色水
auxiliaryblocks	fluid.auxiliaryblocks.light_gray_water		淡灰色水
auxiliaryblocks	fluid.auxiliaryblocks.lime_water		黄绿色水
auxiliaryblocks	fluid.auxiliaryblocks.magenta_water		品红色水
auxiliaryblocks	fluid.auxiliaryblocks.orange_water		橙色水
auxiliaryblocks	fluid.auxiliaryblocks.pink_water		粉红色水
auxiliaryblocks	fluid.auxiliaryblocks.purple_water		紫色水
auxiliaryblocks	fluid.auxiliaryblocks.red_water		红色水
auxiliaryblocks	fluid.auxiliaryblocks.white_water		白色水
auxiliaryblocks	fluid.auxiliaryblocks.yellow_water		黄色水
auxiliaryblocks	item.auxiliaryblocks.black_water_bucket		黑色水桶
auxiliaryblocks	item.auxiliaryblocks.blue_water_bucket		蓝色水桶
auxiliaryblocks	item.auxiliaryblocks.brown_water_bucket		棕色水桶
auxiliaryblocks	item.auxiliaryblocks.cyan_water_bucket		青色水桶
auxiliaryblocks	item.auxiliaryblocks.gingerbread_man_giant_spawn_egg		巨型姜饼人刷怪蛋
auxiliaryblocks	item.auxiliaryblocks.gingerbread_man_small_spawn_egg		小型姜饼人刷怪蛋
auxiliaryblocks	item.auxiliaryblocks.gingerbread_man_spawn_egg		姜饼人刷怪蛋
auxiliaryblocks	item.auxiliaryblocks.gray_water_bucket		灰色水桶
auxiliaryblocks	item.auxiliaryblocks.green_water_bucket		绿色水桶
auxiliaryblocks	item.auxiliaryblocks.light_blue_water_bucket		淡蓝色水桶
auxiliaryblocks	item.auxiliaryblocks.light_gray_water_bucket		淡灰色水桶
auxiliaryblocks	item.auxiliaryblocks.lime_water_bucket		黄绿色水桶
auxiliaryblocks	item.auxiliaryblocks.magenta_water_bucket		品红色水桶
auxiliaryblocks	item.auxiliaryblocks.orange_water_bucket		橙色水桶
auxiliaryblocks	item.auxiliaryblocks.pink_water_bucket		粉红色水桶
auxiliaryblocks	item.auxiliaryblocks.purple_water_bucket		紫色水桶
auxiliaryblocks	item.auxiliaryblocks.red_water_bucket		红色水桶
auxiliaryblocks	item.auxiliaryblocks.snowdood_spawn_egg		雪人偶刷怪蛋
auxiliaryblocks	item.auxiliaryblocks.target_minecart		标靶矿车
auxiliaryblocks	item.auxiliaryblocks.white_water_bucket		白色水桶
auxiliaryblocks	item.auxiliaryblocks.yellow_water_bucket		黄色水桶
auxiliaryblocks	itemGroup.auxiliaryblocks		辅助方块
auxiliaryblocks	itemGroup.auxiliaryblocks.xmas		圣诞辅助方块
bcc	bcc.gui.tooltip.compatible_server		§3服务器：{0}\n§2客户端（你）：{1}
bcc	bcc.gui.tooltip.incompatible_server		§6你运行的整合包版本与服务器不一致 :(\n \n§4服务器：{0}\n§4客户端（你）：{1}
bdlib	bdlib.config.power.activation		激活能量
bdlib	bdlib.config.power.capacity		能量容量
bdlib	bdlib.config.power.maxinput		最大能量输入
bdlib	bdlib.dumpregistry.error		导出注册表失败：%s
bdlib	bdlib.dumpregistry.saved		注册表已导出至 %s
bdlib	bdlib.format.rate		%s/t
bdlib	bdlib.format.rate.unit		%s %s/t
bdlib	bdlib.multiblock.tip.controller		可用模块：
bdlib	bdlib.multiblock.tip.module		可安装于：
bdlib	bdlib.multiblock.tip.module.max		* %s（最多 %s）
bdlib	bdlib.oredistribution.error		保存矿石分布导出失败：%s
bdlib	bdlib.oredistribution.saved		矿石分布已导出至 %s
bdlib	bdlib.oredistribution.start1		正在检查 (%s,%s,%s) 到 (%s,%s,%s) 的矿石分布，维度 %s
bdlib	bdlib.oredistribution.start2		服务器端可能会卡顿一段时间
bdlib	bdlib.oredistribution.usage		用法：/oredistribution <半径> [<最小高度>] [<最大高度>] [--file]
bdlib	bdlib.oredistribution.warn		%s 警告：%s 生成了多种变体：
bdlib	bdlib.unit.fe		FE
bdlib	bdlib.unit.mb		mB
bettercombat	hud.bettercombat.mine_with_weapons_off		用武器挖掘：否
bettercombat	hud.bettercombat.mine_with_weapons_on		用武器挖掘：是
bettercombat	text.autoconfig.bettercombat.option.client.isAttackInsteadOfMineWhenEnemiesCloseEnabled		改为攻击而非挖掘
bettercombat	text.autoconfig.bettercombat.option.client.isAttackInsteadOfMineWhenEnemiesCloseEnabled.@Tooltip		当敌人近到可以击中时，左键改为攻击而非挖掘
bettercombat	text.autoconfig.bettercombat.option.client.isDebugOBBEnabled		调试判定箱
bettercombat	text.autoconfig.bettercombat.option.client.isDebugOBBEnabled.@Tooltip		显示实体判定箱时同时显示武器判定箱
bettercombat	text.autoconfig.bettercombat.option.client.isShowingOtherHandFirstPerson		第一人称下显示未使用的手
bettercombat	text.autoconfig.bettercombat.option.client.isShowingOtherHandFirstPerson.@Tooltip		在第一人称视角下渲染没有用于攻击的那只手
bettercombat	text.autoconfig.bettercombat.option.client.isSweepingParticleEnabled		显示横扫
bettercombat	text.autoconfig.bettercombat.option.client.isSweepingParticleEnabled.@Tooltip		启用显示剑的横扫粒子效果
bettercombat	text.autoconfig.bettercombat.option.client.swingThruGrassBlacklist		穿透草丛黑名单
bettercombat	text.autoconfig.bettercombat.option.client.swingThruGrassBlacklist.@Tooltip		ID 与该正则表达式匹配的武器永远不会穿透草丛
bettercombat	text.autoconfig.bettercombat.option.client.weaponSwingSoundVolume		武器挥动音量 %
bettercombat	text.autoconfig.bettercombat.option.client.weaponSwingSoundVolume.@Tooltip		调整武器挥动音效的音量
bettercombat	text.autoconfig.bettercombat.title		更好的战斗
betterdeserttemples	text.autoconfig.betterdeserttemples-fabric-1_18.option.general.applyMiningFatigue		应用挖掘疲劳
betterdeserttemples	text.autoconfig.betterdeserttemples-fabric-1_18.option.general.applyMiningFatigue.@Tooltip[0]		是否对神庙内的玩家施加挖掘疲劳，
betterdeserttemples	text.autoconfig.betterdeserttemples-fabric-1_18.option.general.applyMiningFatigue.@Tooltip[1]		若神庙尚未被清理完毕。
betterdeserttemples	text.autoconfig.betterdeserttemples-fabric-1_18.option.general.disableVanillaPyramids		禁用原版金字塔
betterdeserttemples	text.autoconfig.betterdeserttemples-fabric-1_18.option.general.disableVanillaPyramids.@Tooltip		是否禁用原版的沙漠金字塔。
betterdeserttemples	text.autoconfig.betterdeserttemples-fabric-1_18.option.general.startMaxY		沙漠神庙最大生成高度
betterdeserttemples	text.autoconfig.betterdeserttemples-fabric-1_18.option.general.startMaxY.@Tooltip		沙漠神庙能够生成的最大 Y 值。
betterdeserttemples	text.autoconfig.betterdeserttemples-fabric-1_18.option.general.startMinY		沙漠神庙最小生成高度
betterdeserttemples	text.autoconfig.betterdeserttemples-fabric-1_18.option.general.startMinY.@Tooltip		沙漠神庙能够生成的最小 Y 值。
betterdeserttemples	text.autoconfig.betterdeserttemples-fabric-1_18.title		YUNG 的更好的沙漠神庙
betterdungeons	text.autoconfig.betterdungeons-fabric-1_18.option.betterDungeons		YUNG 的更好的地牢
betterdungeons	text.autoconfig.betterdungeons-fabric-1_18.option.betterDungeons.general		通用设置
betterdungeons	text.autoconfig.betterdungeons-fabric-1_18.option.betterDungeons.general.@Tooltip		通用设置
betterdungeons	text.autoconfig.betterdungeons-fabric-1_18.option.betterDungeons.general.enableHeads		启用头颅与骷髅头
betterdungeons	text.autoconfig.betterdungeons-fabric-1_18.option.betterDungeons.general.enableHeads.@Tooltip[0]		是否允许地牢放置骷髅头颅与其他生物头颅。
betterdungeons	text.autoconfig.betterdungeons-fabric-1_18.option.betterDungeons.general.enableHeads.@Tooltip[1]		该选项对部分整合包作者可能有用。
betterdungeons	text.autoconfig.betterdungeons-fabric-1_18.option.betterDungeons.general.enableHeads.@Tooltip[2]		默认值：true
betterdungeons	text.autoconfig.betterdungeons-fabric-1_18.option.betterDungeons.general.enableNetherBlocks		在地牢中启用下界方块
betterdungeons	text.autoconfig.betterdungeons-fabric-1_18.option.betterDungeons.general.enableNetherBlocks.@Tooltip[0]		部分地牢会罕见地生成下界相关方块，如灵魂沙、灵魂营火与灵魂灯笼。
betterdungeons	text.autoconfig.betterdungeons-fabric-1_18.option.betterDungeons.general.enableNetherBlocks.@Tooltip[1]		注意这些方块纯属装饰——不会出现远古残骸这类破坏平衡的东西。
betterdungeons	text.autoconfig.betterdungeons-fabric-1_18.option.betterDungeons.general.enableNetherBlocks.@Tooltip[2]		设为 false 可阻止地牢中生成任何下界相关方块。
betterdungeons	text.autoconfig.betterdungeons-fabric-1_18.option.betterDungeons.general.enableNetherBlocks.@Tooltip[3]		该选项对部分整合包作者可能有用。
betterdungeons	text.autoconfig.betterdungeons-fabric-1_18.option.betterDungeons.general.enableNetherBlocks.@Tooltip[4]		默认值：true
betterdungeons	text.autoconfig.betterdungeons-fabric-1_18.option.betterDungeons.general.removeVanillaDungeons		移除原版地牢
betterdungeons	text.autoconfig.betterdungeons-fabric-1_18.option.betterDungeons.general.removeVanillaDungeons.@Tooltip[0]		是否阻止世界中生成原版地牢。
betterdungeons	text.autoconfig.betterdungeons-fabric-1_18.option.betterDungeons.general.removeVanillaDungeons.@Tooltip[1]		建议关闭它们，因为小型地牢在设计上非常相似。
betterdungeons	text.autoconfig.betterdungeons-fabric-1_18.option.betterDungeons.general.removeVanillaDungeons.@Tooltip[2]		默认值：true
betterdungeons	text.autoconfig.betterdungeons-fabric-1_18.option.betterDungeons.skeletonDungeon		骷髅地牢
betterdungeons	text.autoconfig.betterdungeons-fabric-1_18.option.betterDungeons.skeletonDungeon.@Tooltip		骷髅地牢
betterdungeons	text.autoconfig.betterdungeons-fabric-1_18.option.betterDungeons.skeletonDungeon.skeletonDungeonStartMaxY		骷髅地牢最大起始 Y
betterdungeons	text.autoconfig.betterdungeons-fabric-1_18.option.betterDungeons.skeletonDungeon.skeletonDungeonStartMaxY.@Tooltip[0]		骷髅地牢起始点可生成的最大 y 值。
betterdungeons	text.autoconfig.betterdungeons-fabric-1_18.option.betterDungeons.skeletonDungeon.skeletonDungeonStartMaxY.@Tooltip[1]		注意该点是骷髅地牢的底部，地牢各部件可向上延伸。
betterdungeons	text.autoconfig.betterdungeons-fabric-1_18.option.betterDungeons.skeletonDungeon.skeletonDungeonStartMaxY.@Tooltip[2]		默认值：30
betterdungeons	text.autoconfig.betterdungeons-fabric-1_18.option.betterDungeons.skeletonDungeon.skeletonDungeonStartMinY		骷髅地牢最小起始 Y
betterdungeons	text.autoconfig.betterdungeons-fabric-1_18.option.betterDungeons.skeletonDungeon.skeletonDungeonStartMinY.@Tooltip[0]		骷髅地牢起始点可生成的最小 y 值。
betterdungeons	text.autoconfig.betterdungeons-fabric-1_18.option.betterDungeons.skeletonDungeon.skeletonDungeonStartMinY.@Tooltip[1]		注意该点是骷髅地牢的底部，地牢各部件可向上延伸。
betterdungeons	text.autoconfig.betterdungeons-fabric-1_18.option.betterDungeons.skeletonDungeon.skeletonDungeonStartMinY.@Tooltip[2]		默认值：-50
betterdungeons	text.autoconfig.betterdungeons-fabric-1_18.option.betterDungeons.smallDungeon		小型地牢
betterdungeons	text.autoconfig.betterdungeons-fabric-1_18.option.betterDungeons.smallDungeon.@Tooltip		小型地牢
betterdungeons	text.autoconfig.betterdungeons-fabric-1_18.option.betterDungeons.smallDungeon.bannerMaxCount		小型地牢旗帜最大数量
betterdungeons	text.autoconfig.betterdungeons-fabric-1_18.option.betterDungeons.smallDungeon.bannerMaxCount.@Tooltip[0]		单个小型地牢中可生成的旗帜最大数量。
betterdungeons	text.autoconfig.betterdungeons-fabric-1_18.option.betterDungeons.smallDungeon.bannerMaxCount.@Tooltip[1]		默认值：2
betterdungeons	text.autoconfig.betterdungeons-fabric-1_18.option.betterDungeons.smallDungeon.chestMaxCount		小型地牢箱子最大数量
betterdungeons	text.autoconfig.betterdungeons-fabric-1_18.option.betterDungeons.smallDungeon.chestMaxCount.@Tooltip[0]		单个小型地牢中保证生成的箱子最大数量。
betterdungeons	text.autoconfig.betterdungeons-fabric-1_18.option.betterDungeons.smallDungeon.chestMaxCount.@Tooltip[1]		默认值：2
betterdungeons	text.autoconfig.betterdungeons-fabric-1_18.option.betterDungeons.smallDungeon.chestMinCount		小型地牢箱子最小数量
betterdungeons	text.autoconfig.betterdungeons-fabric-1_18.option.betterDungeons.smallDungeon.chestMinCount.@Tooltip[0]		单个小型地牢中保证生成的箱子最小数量。
betterdungeons	text.autoconfig.betterdungeons-fabric-1_18.option.betterDungeons.smallDungeon.chestMinCount.@Tooltip[1]		默认值：1
betterdungeons	text.autoconfig.betterdungeons-fabric-1_18.option.betterDungeons.smallDungeon.enableOreProps		允许角落出现矿石方块
betterdungeons	text.autoconfig.betterdungeons-fabric-1_18.option.betterDungeons.smallDungeon.enableOreProps.@Tooltip[0]		小型地牢是否会在角落罕见地放置矿石方块。
betterdungeons	text.autoconfig.betterdungeons-fabric-1_18.option.betterDungeons.smallDungeon.enableOreProps.@Tooltip[1]		若设为 false，作为角落装饰生成的矿石方块将替换为空气。
betterdungeons	text.autoconfig.betterdungeons-fabric-1_18.option.betterDungeons.smallDungeon.enableOreProps.@Tooltip[2]		默认值：true
betterdungeons	text.autoconfig.betterdungeons-fabric-1_18.option.betterDungeons.smallDungeon.smallDungeonMaxY		小型地牢最小起始 Y
betterdungeons	text.autoconfig.betterdungeons-fabric-1_18.option.betterDungeons.smallDungeon.smallDungeonMaxY.@Tooltip[0]		小型地牢可生成的最大 y 值。
betterdungeons	text.autoconfig.betterdungeons-fabric-1_18.option.betterDungeons.smallDungeon.smallDungeonMaxY.@Tooltip[1]		默认值：50
betterdungeons	text.autoconfig.betterdungeons-fabric-1_18.option.betterDungeons.smallDungeon.smallDungeonMinY		小型地牢最小起始 Y
betterdungeons	text.autoconfig.betterdungeons-fabric-1_18.option.betterDungeons.smallDungeon.smallDungeonMinY.@Tooltip[0]		小型地牢可生成的最小 y 值。
betterdungeons	text.autoconfig.betterdungeons-fabric-1_18.option.betterDungeons.smallDungeon.smallDungeonMinY.@Tooltip[1]		默认值：-50
betterdungeons	text.autoconfig.betterdungeons-fabric-1_18.option.betterDungeons.spiderDungeon		蜘蛛地牢
betterdungeons	text.autoconfig.betterdungeons-fabric-1_18.option.betterDungeons.spiderDungeon.@Tooltip		蜘蛛地牢
betterdungeons	text.autoconfig.betterdungeons-fabric-1_18.option.betterDungeons.spiderDungeon.spiderDungeonStartMaxY		蜘蛛地牢最大起始 Y
betterdungeons	text.autoconfig.betterdungeons-fabric-1_18.option.betterDungeons.spiderDungeon.spiderDungeonStartMaxY.@Tooltip[0]		蜘蛛地牢起始点可生成的最大 y 值。
betterdungeons	text.autoconfig.betterdungeons-fabric-1_18.option.betterDungeons.spiderDungeon.spiderDungeonStartMaxY.@Tooltip[1]		注意该点是蜘蛛地牢的顶部，地牢各部件可向下延伸很远。
betterdungeons	text.autoconfig.betterdungeons-fabric-1_18.option.betterDungeons.spiderDungeon.spiderDungeonStartMaxY.@Tooltip[2]		任何生成于地表以上（按高度图判断）的部分都不会被放置。
betterdungeons	text.autoconfig.betterdungeons-fabric-1_18.option.betterDungeons.spiderDungeon.spiderDungeonStartMaxY.@Tooltip[3]		默认值：71
betterdungeons	text.autoconfig.betterdungeons-fabric-1_18.option.betterDungeons.spiderDungeon.spiderDungeonStartMinY		蜘蛛地牢最小起始 Y
betterdungeons	text.autoconfig.betterdungeons-fabric-1_18.option.betterDungeons.spiderDungeon.spiderDungeonStartMinY.@Tooltip[0]		蜘蛛地牢起始点可生成的最小 y 值。
betterdungeons	text.autoconfig.betterdungeons-fabric-1_18.option.betterDungeons.spiderDungeon.spiderDungeonStartMinY.@Tooltip[1]		注意该点是蜘蛛地牢的顶部，地牢各部件可向下延伸很远。
betterdungeons	text.autoconfig.betterdungeons-fabric-1_18.option.betterDungeons.spiderDungeon.spiderDungeonStartMinY.@Tooltip[2]		任何生成于地表以上（按高度图判断）的部分都不会被放置。
betterdungeons	text.autoconfig.betterdungeons-fabric-1_18.option.betterDungeons.spiderDungeon.spiderDungeonStartMinY.@Tooltip[3]		默认值：70
betterdungeons	text.autoconfig.betterdungeons-fabric-1_18.option.betterDungeons.zombieDungeon		僵尸地牢
betterdungeons	text.autoconfig.betterdungeons-fabric-1_18.option.betterDungeons.zombieDungeon.@Tooltip		僵尸地牢
betterdungeons	text.autoconfig.betterdungeons-fabric-1_18.option.betterDungeons.zombieDungeon.zombieDungeonMaxSurfaceStaircaseLength		僵尸地牢地表入口楼梯最大长度
betterdungeons	text.autoconfig.betterdungeons-fabric-1_18.option.betterDungeons.zombieDungeon.zombieDungeonMaxSurfaceStaircaseLength.@Tooltip[0]		尝试生成地表入口楼梯时可检查的最长距离。
betterdungeons	text.autoconfig.betterdungeons-fabric-1_18.option.betterDungeons.zombieDungeon.zombieDungeonMaxSurfaceStaircaseLength.@Tooltip[1]		该值设置过大可能导致问题。
betterdungeons	text.autoconfig.betterdungeons-fabric-1_18.option.betterDungeons.zombieDungeon.zombieDungeonMaxSurfaceStaircaseLength.@Tooltip[2]		默认值：20
betterdungeons	text.autoconfig.betterdungeons-fabric-1_18.option.betterDungeons.zombieDungeon.zombieDungeonStartMaxY		僵尸地牢最大起始 Y
betterdungeons	text.autoconfig.betterdungeons-fabric-1_18.option.betterDungeons.zombieDungeon.zombieDungeonStartMaxY.@Tooltip[0]		僵尸地牢起始点可生成的最大 y 值。
betterdungeons	text.autoconfig.betterdungeons-fabric-1_18.option.betterDungeons.zombieDungeon.zombieDungeonStartMaxY.@Tooltip[1]		注意该点是僵尸地牢的底部，地牢各部件可向上延伸。
betterdungeons	text.autoconfig.betterdungeons-fabric-1_18.option.betterDungeons.zombieDungeon.zombieDungeonStartMaxY.@Tooltip[2]		默认值：51
betterdungeons	text.autoconfig.betterdungeons-fabric-1_18.option.betterDungeons.zombieDungeon.zombieDungeonStartMinY		僵尸地牢最小起始 Y
betterdungeons	text.autoconfig.betterdungeons-fabric-1_18.option.betterDungeons.zombieDungeon.zombieDungeonStartMinY.@Tooltip[0]		僵尸地牢起始点可生成的最小 y 值。
betterdungeons	text.autoconfig.betterdungeons-fabric-1_18.option.betterDungeons.zombieDungeon.zombieDungeonStartMinY.@Tooltip[1]		注意该点是僵尸地牢的底部，地牢各部件可向下延伸。
betterdungeons	text.autoconfig.betterdungeons-fabric-1_18.option.betterDungeons.zombieDungeon.zombieDungeonStartMinY.@Tooltip[2]		默认值：50
betterdungeons	text.autoconfig.betterdungeons-fabric-1_18.title		YUNG 的更好的地牢
betterfortresses	Use /locate betterfortresses:fortress instead!		请改用 /locate betterfortresses:fortress 定位！
betterfortresses	text.autoconfig.betterfortresses-fabric-1_18_2.option.general.disableVanillaFortresses		禁用原版下界要塞
betterfortresses	text.autoconfig.betterfortresses-fabric-1_18_2.option.general.disableVanillaFortresses.@Tooltip		是否禁用原版的下界要塞。
betterfortresses	text.autoconfig.betterfortresses-fabric-1_18_2.option.general.startMaxY		最大起始高度
betterfortresses	text.autoconfig.betterfortresses-fabric-1_18_2.option.general.startMaxY.@Tooltip		堡垒能够生成的最大 Y 值。
betterfortresses	text.autoconfig.betterfortresses-fabric-1_18_2.option.general.startMinY		最小起始高度
betterfortresses	text.autoconfig.betterfortresses-fabric-1_18_2.option.general.startMinY.@Tooltip		堡垒能够生成的最小 Y 值。
betterfortresses	text.autoconfig.betterfortresses-fabric-1_18_2.title		YUNG 的更好的下界要塞
betteroceanmonuments	Use /locate betteroceanmonuments:ocean_monument instead!		请改用 /locate betteroceanmonuments:ocean_monument 定位！
betteroceanmonuments	text.autoconfig.betteroceanmonuments-fabric-1_18.option.general.disableVanillaMonuments		禁用原版海底神殿
betteroceanmonuments	text.autoconfig.betteroceanmonuments-fabric-1_18.option.general.disableVanillaMonuments.@Tooltip		是否禁用原版的海底神殿。
betteroceanmonuments	text.autoconfig.betteroceanmonuments-fabric-1_18.option.general.startMaxY		海底神殿最大生成高度
betteroceanmonuments	text.autoconfig.betteroceanmonuments-fabric-1_18.option.general.startMaxY.@Tooltip		海底神殿能够生成的最大 Y 值。
betteroceanmonuments	text.autoconfig.betteroceanmonuments-fabric-1_18.option.general.startMinY		海底神殿最小生成高度
betteroceanmonuments	text.autoconfig.betteroceanmonuments-fabric-1_18.option.general.startMinY.@Tooltip		海底神殿能够生成的最小 Y 值。
betteroceanmonuments	text.autoconfig.betteroceanmonuments-fabric-1_18.title		YUNG 的更好的海底神殿
betterstrongholds	text.autoconfig.betterstrongholds-fabric-1_18.option.betterStrongholds		YUNG 的更好的要塞
betterstrongholds	text.autoconfig.betterstrongholds-fabric-1_18.option.betterStrongholds.blacklistedBiomes		黑名单生物群系
betterstrongholds	text.autoconfig.betterstrongholds-fabric-1_18.option.betterStrongholds.blacklistedBiomes.@Tooltip[0]		不会生成「更好的要塞」的生物群系列表。
betterstrongholds	text.autoconfig.betterstrongholds-fabric-1_18.option.betterStrongholds.blacklistedBiomes.@Tooltip[1]		列表必须为方括号内的逗号分隔值。
betterstrongholds	text.autoconfig.betterstrongholds-fabric-1_18.option.betterStrongholds.blacklistedBiomes.@Tooltip[2]		条目必须包含模组命名空间。
betterstrongholds	text.autoconfig.betterstrongholds-fabric-1_18.option.betterStrongholds.blacklistedBiomes.@Tooltip[3]		例如："[minecraft:plains, byg:alps]"
betterstrongholds	text.autoconfig.betterstrongholds-fabric-1_18.option.betterStrongholds.blacklistedBiomes.@Tooltip[4]		默认值："[minecraft:ocean, minecraft:frozen_ocean, minecraft:deep_ocean, minecraft:warm_ocean, minecraft:lukewarm_ocean, minecraft:cold_ocean, minecraft:deep_lukewarm_ocean, minecraft:deep_cold_ocean, minecraft:deep_frozen_ocean, minecraft:beach, minecraft:snowy_beach, minecraft:river, minecraft:frozen_river]"
betterstrongholds	text.autoconfig.betterstrongholds-fabric-1_18.option.betterStrongholds.general		通用设置
betterstrongholds	text.autoconfig.betterstrongholds-fabric-1_18.option.betterStrongholds.general.@Tooltip		通用设置。
betterstrongholds	text.autoconfig.betterstrongholds-fabric-1_18.option.betterStrongholds.general.cobwebReplacementChanceNormal		蜘蛛网生成率（普通）
betterstrongholds	text.autoconfig.betterstrongholds-fabric-1_18.option.betterStrongholds.general.cobwebReplacementChanceNormal.@Tooltip[0]		要塞各处生成蜘蛛网的比率。
betterstrongholds	text.autoconfig.betterstrongholds-fabric-1_18.option.betterStrongholds.general.cobwebReplacementChanceNormal.@Tooltip[1]		默认值：0.1
betterstrongholds	text.autoconfig.betterstrongholds-fabric-1_18.option.betterStrongholds.general.cobwebReplacementChanceSpawner		蜘蛛网生成率（刷怪笼）
betterstrongholds	text.autoconfig.betterstrongholds-fabric-1_18.option.betterStrongholds.general.cobwebReplacementChanceSpawner.@Tooltip[0]		图书馆中蜘蛛刷怪笼周围生成蜘蛛网的比率。
betterstrongholds	text.autoconfig.betterstrongholds-fabric-1_18.option.betterStrongholds.general.cobwebReplacementChanceSpawner.@Tooltip[1]		默认值：0.3
betterstrongholds	text.autoconfig.betterstrongholds-fabric-1_18.option.betterStrongholds.general.lanternSpawnRate		灯笼生成率
betterstrongholds	text.autoconfig.betterstrongholds-fabric-1_18.option.betterStrongholds.general.lanternSpawnRate.@Tooltip[0]		要塞各处生成灯笼的比率。
betterstrongholds	text.autoconfig.betterstrongholds-fabric-1_18.option.betterStrongholds.general.lanternSpawnRate.@Tooltip[1]		默认值：0.2
betterstrongholds	text.autoconfig.betterstrongholds-fabric-1_18.option.betterStrongholds.general.strongholdMaxY		最大 Y
betterstrongholds	text.autoconfig.betterstrongholds-fabric-1_18.option.betterStrongholds.general.strongholdMaxY.@Tooltip[0]		要塞任意部件可生成的最大 y 值。
betterstrongholds	text.autoconfig.betterstrongholds-fabric-1_18.option.betterStrongholds.general.strongholdMaxY.@Tooltip[1]		若某部件生成后有任何部分高于该 y 值，
betterstrongholds	text.autoconfig.betterstrongholds-fabric-1_18.option.betterStrongholds.general.strongholdMaxY.@Tooltip[2]		则该部件不会生成。
betterstrongholds	text.autoconfig.betterstrongholds-fabric-1_18.option.betterStrongholds.general.strongholdMaxY.@Tooltip[3]		换言之，这是要塞任何部分都不能超过的硬性上限。
betterstrongholds	text.autoconfig.betterstrongholds-fabric-1_18.option.betterStrongholds.general.strongholdMaxY.@Tooltip[4]		默认值：60
betterstrongholds	text.autoconfig.betterstrongholds-fabric-1_18.option.betterStrongholds.general.strongholdSize		要塞规模
betterstrongholds	text.autoconfig.betterstrongholds-fabric-1_18.option.betterStrongholds.general.strongholdSize.@Tooltip[0]		要塞自中心向外生成的最大「部件」数量。
betterstrongholds	text.autoconfig.betterstrongholds-fabric-1_18.option.betterStrongholds.general.strongholdSize.@Tooltip[1]		该数值决定要塞的整体大小。数值越大 = 要塞越大。
betterstrongholds	text.autoconfig.betterstrongholds-fabric-1_18.option.betterStrongholds.general.strongholdSize.@Tooltip[2]		强烈建议保持为偶数。
betterstrongholds	text.autoconfig.betterstrongholds-fabric-1_18.option.betterStrongholds.general.strongholdSize.@Tooltip[3]		默认值：16
betterstrongholds	text.autoconfig.betterstrongholds-fabric-1_18.option.betterStrongholds.general.strongholdStartMaxY		最大起始 Y
betterstrongholds	text.autoconfig.betterstrongholds-fabric-1_18.option.betterStrongholds.general.strongholdStartMaxY.@Tooltip[0]		要塞起始房间可生成的最大 y 值。
betterstrongholds	text.autoconfig.betterstrongholds-fabric-1_18.option.betterStrongholds.general.strongholdStartMaxY.@Tooltip[1]		注意要塞的各个部件可以高于或低于该值。
betterstrongholds	text.autoconfig.betterstrongholds-fabric-1_18.option.betterStrongholds.general.strongholdStartMaxY.@Tooltip[2]		默认值：31
betterstrongholds	text.autoconfig.betterstrongholds-fabric-1_18.option.betterStrongholds.general.strongholdStartMinY		最小起始 Y
betterstrongholds	text.autoconfig.betterstrongholds-fabric-1_18.option.betterStrongholds.general.strongholdStartMinY.@Tooltip[0]		要塞起始房间可生成的最小 y 值。
betterstrongholds	text.autoconfig.betterstrongholds-fabric-1_18.option.betterStrongholds.general.strongholdStartMinY.@Tooltip[1]		注意要塞的各个部件可以高于或低于该值。
betterstrongholds	text.autoconfig.betterstrongholds-fabric-1_18.option.betterStrongholds.general.strongholdStartMinY.@Tooltip[2]		默认值：-30
betterstrongholds	text.autoconfig.betterstrongholds-fabric-1_18.option.betterStrongholds.general.torchSpawnRate		火把生成率
betterstrongholds	text.autoconfig.betterstrongholds-fabric-1_18.option.betterStrongholds.general.torchSpawnRate.@Tooltip[0]		要塞各处生成火把的比率。
betterstrongholds	text.autoconfig.betterstrongholds-fabric-1_18.option.betterStrongholds.general.torchSpawnRate.@Tooltip[1]		默认值：0.1
betterstrongholds	text.autoconfig.betterstrongholds-fabric-1_18.option.betterStrongholds.pieceSettings		部件设置
betterstrongholds	text.autoconfig.betterstrongholds-fabric-1_18.option.betterStrongholds.pieceSettings.@Tooltip		用于控制要塞中各个部件/房间的选项。
betterstrongholds	text.autoconfig.betterstrongholds-fabric-1_18.option.betterStrongholds.pieceSettings.armouryLargeRoomMaxCount		军械库（大型）最大数量
betterstrongholds	text.autoconfig.betterstrongholds-fabric-1_18.option.betterStrongholds.pieceSettings.armouryLargeRoomMaxCount.@Tooltip[0]		单个要塞中可生成的大型军械库最大数量。
betterstrongholds	text.autoconfig.betterstrongholds-fabric-1_18.option.betterStrongholds.pieceSettings.armouryLargeRoomMaxCount.@Tooltip[1]		默认值：2
betterstrongholds	text.autoconfig.betterstrongholds-fabric-1_18.option.betterStrongholds.pieceSettings.armourySmallRoomMaxCount		军械库（小型）最大数量
betterstrongholds	text.autoconfig.betterstrongholds-fabric-1_18.option.betterStrongholds.pieceSettings.armourySmallRoomMaxCount.@Tooltip[0]		单个要塞中可生成的小型军械库最大数量。
betterstrongholds	text.autoconfig.betterstrongholds-fabric-1_18.option.betterStrongholds.pieceSettings.armourySmallRoomMaxCount.@Tooltip[1]		默认值：2
betterstrongholds	text.autoconfig.betterstrongholds-fabric-1_18.option.betterStrongholds.pieceSettings.cmdAcariiMaxCount		指挥官房间（Acarii）最大数量
betterstrongholds	text.autoconfig.betterstrongholds-fabric-1_18.option.betterStrongholds.pieceSettings.cmdAcariiMaxCount.@Tooltip[0]		单个要塞中可生成的指挥官房间（Acarii）最大数量。
betterstrongholds	text.autoconfig.betterstrongholds-fabric-1_18.option.betterStrongholds.pieceSettings.cmdAcariiMaxCount.@Tooltip[1]		默认值：1
betterstrongholds	text.autoconfig.betterstrongholds-fabric-1_18.option.betterStrongholds.pieceSettings.cmdYungMaxCount		指挥官房间（YUNG）最大数量
betterstrongholds	text.autoconfig.betterstrongholds-fabric-1_18.option.betterStrongholds.pieceSettings.cmdYungMaxCount.@Tooltip[0]		单个要塞中可生成的指挥官房间（YUNG）最大数量。
betterstrongholds	text.autoconfig.betterstrongholds-fabric-1_18.option.betterStrongholds.pieceSettings.cmdYungMaxCount.@Tooltip[1]		默认值：1
betterstrongholds	text.autoconfig.betterstrongholds-fabric-1_18.option.betterStrongholds.pieceSettings.grandLibraryMaxCount		大图书馆最大数量
betterstrongholds	text.autoconfig.betterstrongholds-fabric-1_18.option.betterStrongholds.pieceSettings.grandLibraryMaxCount.@Tooltip[0]		单个要塞中可生成的大图书馆最大数量。
betterstrongholds	text.autoconfig.betterstrongholds-fabric-1_18.option.betterStrongholds.pieceSettings.grandLibraryMaxCount.@Tooltip[1]		默认值：1
betterstrongholds	text.autoconfig.betterstrongholds-fabric-1_18.option.betterStrongholds.pieceSettings.portalRoomMaxCount		传送门房间最大数量
betterstrongholds	text.autoconfig.betterstrongholds-fabric-1_18.option.betterStrongholds.pieceSettings.portalRoomMaxCount.@Tooltip[0]		单个要塞中可生成的传送门房间最大数量。
betterstrongholds	text.autoconfig.betterstrongholds-fabric-1_18.option.betterStrongholds.pieceSettings.portalRoomMaxCount.@Tooltip[1]		默认值：1
betterstrongholds	text.autoconfig.betterstrongholds-fabric-1_18.option.betterStrongholds.pieceSettings.prisonMaxCount		监狱最大数量
betterstrongholds	text.autoconfig.betterstrongholds-fabric-1_18.option.betterStrongholds.pieceSettings.prisonMaxCount.@Tooltip[0]		单个要塞中可生成的监狱最大数量。
betterstrongholds	text.autoconfig.betterstrongholds-fabric-1_18.option.betterStrongholds.pieceSettings.prisonMaxCount.@Tooltip[1]		默认值：2
betterstrongholds	text.autoconfig.betterstrongholds-fabric-1_18.option.betterStrongholds.pieceSettings.smallLibraryMaxCount		小图书馆最大数量
betterstrongholds	text.autoconfig.betterstrongholds-fabric-1_18.option.betterStrongholds.pieceSettings.smallLibraryMaxCount.@Tooltip[0]		单个要塞中可生成的小图书馆最大数量。
betterstrongholds	text.autoconfig.betterstrongholds-fabric-1_18.option.betterStrongholds.pieceSettings.smallLibraryMaxCount.@Tooltip[1]		注意这些与大图书馆是不同的房间，体积更小、
betterstrongholds	text.autoconfig.betterstrongholds-fabric-1_18.option.betterStrongholds.pieceSettings.smallLibraryMaxCount.@Tooltip[2]		且（默认）更常见。
betterstrongholds	text.autoconfig.betterstrongholds-fabric-1_18.option.betterStrongholds.pieceSettings.smallLibraryMaxCount.@Tooltip[3]		默认值：2
betterstrongholds	text.autoconfig.betterstrongholds-fabric-1_18.option.betterStrongholds.pieceSettings.treasureRoomMaxCount		宝藏室最大数量
betterstrongholds	text.autoconfig.betterstrongholds-fabric-1_18.option.betterStrongholds.pieceSettings.treasureRoomMaxCount.@Tooltip[0]		单个要塞中可生成的宝藏室最大数量。
betterstrongholds	text.autoconfig.betterstrongholds-fabric-1_18.option.betterStrongholds.pieceSettings.treasureRoomMaxCount.@Tooltip[1]		默认值：2
betterstrongholds	text.autoconfig.betterstrongholds-fabric-1_18.option.betterStrongholds.whitelistedDimensions		白名单维度
betterstrongholds	text.autoconfig.betterstrongholds-fabric-1_18.option.betterStrongholds.whitelistedDimensions.@Tooltip[0]		会生成「更好的要塞」的维度列表。
betterstrongholds	text.autoconfig.betterstrongholds-fabric-1_18.option.betterStrongholds.whitelistedDimensions.@Tooltip[1]		列表必须为方括号内的逗号分隔值。
betterstrongholds	text.autoconfig.betterstrongholds-fabric-1_18.option.betterStrongholds.whitelistedDimensions.@Tooltip[2]		条目必须包含模组命名空间。
betterstrongholds	text.autoconfig.betterstrongholds-fabric-1_18.option.betterStrongholds.whitelistedDimensions.@Tooltip[3]		例如："[minecraft:overworld, minecraft:the_nether, undergarden:undergarden]"
betterstrongholds	text.autoconfig.betterstrongholds-fabric-1_18.option.betterStrongholds.whitelistedDimensions.@Tooltip[4]		默认值："[minecraft:overworld]"
betterstrongholds	text.autoconfig.betterstrongholds-fabric-1_18.title		YUNG 的更好的要塞
betterwitchhuts	Use /locate betterwitchhuts:witch_hut instead!		请改用 /locate betterwitchhuts:witch_hut 定位！
betterwitchhuts	text.autoconfig.betterwitchhuts-fabric-1_18.option.general.disableVanillaWitchHuts		禁用原版沼泽小屋
betterwitchhuts	text.autoconfig.betterwitchhuts-fabric-1_18.option.general.disableVanillaWitchHuts.@Tooltip		是否禁用原版的沼泽小屋。
betterwitchhuts	text.autoconfig.betterwitchhuts-fabric-1_18.title		YUNG 的更好的沼泽小屋
blockcarpentry	advancements.blockcarpentry.pane.description		这些方块简直是一块让人头疼的「板」！
blockcarpentry	advancements.blockcarpentry.pane.title		别「板」慌！
blockcarpentry	advancements.blockcarpentry.sign.description		这是上天的启示！
blockcarpentry	advancements.blockcarpentry.sign.title		在此签名！
blockcarpentry	block.blockcarpentry.standing_frame_sign		框架告示牌（未完成）
blockcarpentry	block.blockcarpentry.standing_illusion_sign		幻象告示牌（未完成）
blockcarpentry	item.blockcarpentry.block_entity_debug_item		方块实体调试杖
blockcarpentry	item.blockcarpentry.explosion_resistance_ball		黑曜石复合块
blockcarpentry	itemGroup.blockcarpentry		方块木工
blockcarpentry	message.blockcarpentry.can_entity_destroy		这个方块再也不会被生物破坏了！
blockcarpentry	message.blockcarpentry.can_entity_destroy_already		这个方块已经免疫生物的破坏了！
blockcarpentry	message.blockcarpentry.chisel.enlarge		放大
blockcarpentry	message.blockcarpentry.chisel.mode		右键完整方块时的凿刻模式：%s
blockcarpentry	message.blockcarpentry.chisel.shrink		缩小
blockcarpentry	message.blockcarpentry.discord1		§6[BlockCarpentry]§r 欢迎来我们的 §3Discord 服务器§r 逛逛。如果你
blockcarpentry	message.blockcarpentry.discord2		不确定某些功能怎么用，可以在那里求助。
blockcarpentry	message.blockcarpentry.discord3		如果你有建议，也可以在那里告诉我们！
blockcarpentry	message.blockcarpentry.discord_disable1		§6[BlockCarpentry]§r 你可以在
blockcarpentry	message.blockcarpentry.discord_disable2		§3BlockCarpentry 配置文件§r 里关闭这条消息。
blockcarpentry	message.blockcarpentry.enchanting_power		这个方块现在拥有附魔之力！
blockcarpentry	message.blockcarpentry.exception		这个方块实体出错了。如果该消息反复出现，请查看游戏日志。
blockcarpentry	message.blockcarpentry.friction		方块摩擦系数：%s
blockcarpentry	message.blockcarpentry.paintbrush.custom		正在设置自定义形状的面
blockcarpentry	message.blockcarpentry.paintbrush.fixed		固定纹理的 UV 坐标
blockcarpentry	message.blockcarpentry.paintbrush.rectangle		正在设置矩形面
blockcarpentry	message.blockcarpentry.paintbrush.relaxed		放宽纹理的 UV 坐标
blockcarpentry	message.blockcarpentry.rotation.axis		沿 %s 轴旋转
blockcarpentry	message.blockcarpentry.rotation.face		顺时针旋转方块面
blockcarpentry	message.blockcarpentry.strength		方块爆炸抗性：%s
blockcarpentry	message.blockcarpentry.strength_max		方块的爆炸抗性已提升至最大值：%s
blockcarpentry	message.blockcarpentry.sustainability		这个方块现在可以承载植物了！
blockcarpentry	tooltip.blockcarpentry.debug_item		§6§o潜行并右键一个方块，即可显示其 NBT 数据。
bobberdetector	block.bobberdetector.bobber_detector		浮漂检测器
bobberdetector	bobberdetector.ponder.detector.header		自动化钓鱼
bobberdetector	bobberdetector.ponder.detector.text_1		可以给动力手装上钓鱼竿，让它替你钓鱼
bobberdetector	bobberdetector.ponder.detector.text_2		遗憾的是你看不到水里的浮漂，只能看到粒子
bobberdetector	bobberdetector.ponder.detector.text_3		但只要浮漂进入它的范围，浮漂检测器就会亮起
bobberdetector	bobberdetector.ponder.detector.text_4		有鱼上钩时，检测器会发出红石信号
bobberdetector	bobberdetector.ponder.detector.text_5		不过你得自己想办法把物品捡起来
bonsaitrees3	gui.bonsaitrees3.label.jei.upgrade.bees		可授粉并获得果实掉落
bonsaitrees3	jei.bonsaitrees3.requiresBees		需要蜂箱升级
bonsaitrees3	jei.bonsaitrees3.requiresUpgrade		需要以下升级之一：
bookmarksharing	key.bookmarksharing.copybookmark		复制书签到剪贴板
botania	advancement.botania:tinyPotatoBirthday		祝福
botania	advancement.botania:tinyPotatoBirthday.desc		在 7 月 19 日庆祝小土豆的生日
botania	block.botania.metamorphic_desert_stone_wall		变质沙漠石头墙
botania	block.botania.metamorphic_forest_stone_wall		变质森林石头墙
botania	block.botania.metamorphic_fungal_stone_wall		变质菌丝石头墙
botania	block.botania.metamorphic_mesa_stone_wall		变质高原石头墙
botania	block.botania.metamorphic_mountain_stone_wall		变质高山石头墙
botania	block.botania.metamorphic_plains_stone_wall		变质平原石头墙
botania	block.botania.metamorphic_swamp_stone_wall		变质沼泽石头墙
botania	block.botania.metamorphic_taiga_stone_wall		变质雪原石头墙
botania	block.botania.stripped_dreamwood_slab		去皮梦之木台阶
botania	block.botania.stripped_dreamwood_stairs		去皮梦之木楼梯
botania	block.botania.stripped_dreamwood_wall		去皮梦之木墙
botania	block.botania.stripped_livingwood_slab		去皮活木台阶
botania	block.botania.stripped_livingwood_stairs		去皮活木楼梯
botania	block.botania.stripped_livingwood_wall		去皮活木墙
botania	botania.page.craftCrate10		合成图案
botania	botania.page.elfResources2.title		梦之木树枝
botania	botania.page.flowers14		神秘花瓣
botania	botania.page.flowers15		染料
botania	botania.page.flowers16		花瓣块
botania	botania.page.manaAlchemy29		木头
botania	botania.page.manaAlchemy30		树苗
botania	botania.page.manaAlchemy31		石英
botania	botania.page.manaAlchemy32		藤蔓与睡莲
botania	botania.page.manaAlchemy33		鱼
botania	botania.page.manaAlchemy34		种子与作物
botania	botania.page.manaAlchemy35		黏液球与仙人掌
botania	botania.page.manaAlchemy36		荧石与红石
botania	botania.page.manaAlchemy37		石头
botania	botania.page.manaAlchemy38		砖与黏土球
botania	botania.page.manaAlchemy39		草
botania	botania.page.manaAlchemy40		花
botania	botania.page.manaAlchemy41		苹果与浆果
botania	botania.page.manaConjuration12		树叶
botania	botania.page.marimorphosis05		$(item)变质沙漠石头$(0) 会生成于沙漠与热带草原；$(item)变质森林石头$(0) 出现在森林生物群系（含针叶林）；$(item)变质菌丝石头$(0) 生成于蘑菇岛与地下生物群系；$(item)变质高原石头$(0) 见于恶地与热带草原。$(p)$(item)变质高山石头$(0) 出现于山地生物群系；$(item)变质平原石头$(0) 生成于平原与沙滩；$(item)变质沼泽石头$(0) 见于沼泽与丛林；$(item)变质雪原石头$(0) 生成于寒冷生物群系与针叶林。
botania	botania.page.mushrooms2		微光蘑菇
botania	botania.page.pool16		魔力钢
botania	botania.page.shinyFlowers4		微光花
botania	botania.page.shinyFlowers5		浮空花
botania	botania.page.spreader12		同样地，手持 $(item)脚手架$(0) 右键点击它，会为它套上一层坚固的框架。这样它就能在四个侧面支撑按钮、拉杆这类脆弱的红石元件，红石粉、中继器等也可以放在它上面。这似乎还让发射器能够完全容纳其中的水。$(p)潜行时右键可再次移除脚手架。
botania	botania.subtitle.prismAddLens		魔力透镜已装上棱镜
botania	botania.subtitle.prismRemoveLens		魔力透镜已从棱镜取下
botania	botania.subtitle.spreaderAddLens		魔力透镜已装上发射器
botania	botania.subtitle.spreaderRemoveLens		魔力透镜已从发射器取下
botania	botania.subtitle.spreaderScaffold		发射器已装上脚手架
botania	botania.subtitle.spreaderUnScaffold		发射器的脚手架已移除
botania	botania.tater_birthday.0		哇，这是给我的吗？
botania	botania.tater_birthday.1		今天是我的生日，我现在 %d 岁啦！
botania	botania.tater_birthday.2		太谢谢你了！希望你这一年也过得很好。
botania	botania.tater_birthday.3		永远记住：我相信你，你一定能做到！❤
botania	botania.tater_birthday.4		哇哦！！！
botania	botaniamisc.creativeSpark		可按需复制所附着方块内的物品
botania	emi.category.botania.botanical_brewery		植物酿造
botania	emi.category.botania.elven_trade		精灵交易
botania	emi.category.botania.mana_infusion		魔力灌注
botania	emi.category.botania.marimorphosis		异构花
botania	emi.category.botania.orechid		凝矿兰
botania	emi.category.botania.orechid_ignem		炎矿兰
botania	emi.category.botania.petal_apothecary		花药台
botania	emi.category.botania.pure_daisy		白雏菊
botania	emi.category.botania.runic_altar		符文祭坛
botania	emi.category.botania.terrestrial_agglomeration		大地聚合
botania	item.botania.corporea_spark_creative		创造模式多媒体火花
botania	item.botania.dreamwood_wand		精灵森林法杖
botania	item.botania.record_gaia_1.desc		Kain Vinosec - 忍受虚无
botania	item.botania.record_gaia_2.desc		Kain Vinosec - 为静谧而战
botania	tag.botania.burst_viewers		魔力流查看方块
botania	tag.botania.double_mystical_flowers		高神秘花
botania	tag.botania.dragonstone_gems		龙石宝石
botania	tag.botania.dreamwood_logs		梦之木原木
botania	tag.botania.elementium_blocks		源质钢块
botania	tag.botania.elementium_ingots		源质钢锭
botania	tag.botania.elementium_nuggets		源质钢粒
botania	tag.botania.floating_flowers		浮空花
botania	tag.botania.functional_special_flowers		功能性特殊花
botania	tag.botania.generating_special_flowers		产能型特殊花
botania	tag.botania.glimmering_dreamwood_logs		微光梦之木原木
botania	tag.botania.glimmering_livingwood_logs		微光活木原木
botania	tag.botania.lens		魔力透镜
botania	tag.botania.livingwood_logs		活木原木
botania	tag.botania.mana_diamond_gems		魔力钻石
botania	tag.botania.mana_dusts		魔力粉
botania	tag.botania.mana_using_items		消耗魔力的物品
botania	tag.botania.manasteel_blocks		魔力钢块
botania	tag.botania.manasteel_ingots		魔力钢锭
botania	tag.botania.manasteel_nuggets		魔力钢粒
botania	tag.botania.mini_flowers		小巧花
botania	tag.botania.misc_special_flowers		杂项特殊花
botania	tag.botania.mundane_floating_flowers		普通浮空花
botania	tag.botania.mystical_flowers		神秘花
botania	tag.botania.petals		花瓣
botania	tag.botania.petals.black		黑色花瓣
botania	tag.botania.petals.blue		蓝色花瓣
botania	tag.botania.petals.brown		棕色花瓣
botania	tag.botania.petals.cyan		青色花瓣
botania	tag.botania.petals.gray		灰色花瓣
botania	tag.botania.petals.green		绿色花瓣
botania	tag.botania.petals.light_blue		淡蓝色花瓣
botania	tag.botania.petals.light_gray		浅灰色花瓣
botania	tag.botania.petals.lime		黄绿色花瓣
botania	tag.botania.petals.magenta		品红色花瓣
botania	tag.botania.petals.orange		橙色花瓣
botania	tag.botania.petals.pink		粉红色花瓣
botania	tag.botania.petals.purple		紫色花瓣
botania	tag.botania.petals.red		红色花瓣
botania	tag.botania.petals.white		白色花瓣
botania	tag.botania.petals.yellow		黄色花瓣
botania	tag.botania.rods		法杖柄
botania	tag.botania.runes		符文
botania	tag.botania.special_floating_flowers		特殊浮空花
botania	tag.botania.special_flowers		特殊花
botania	tag.botania.terrasteel_blocks		泰拉钢块
botania	tag.botania.terrasteel_ingots		泰拉钢锭
botania	tag.botania.terrasteel_nuggets		泰拉钢粒
botanicalextramachinery	block.botanicalextramachinery.advanced_alfheim_market		高级阿尔弗海姆市场
botanicalextramachinery	block.botanicalextramachinery.advanced_apothecary		高级花药台
botanicalextramachinery	block.botanicalextramachinery.advanced_daisy		高级白雏菊
botanicalextramachinery	block.botanicalextramachinery.advanced_industrial_agglomeration_factory		高级工业团聚工厂
botanicalextramachinery	block.botanicalextramachinery.advanced_mana_pool		高级魔力池
botanicalextramachinery	block.botanicalextramachinery.advanced_orechid		高级凝矿兰
botanicalextramachinery	block.botanicalextramachinery.advanced_runic_altar		高级符文祭坛
botanicalextramachinery	block.botanicalextramachinery.base_alfheim_market		基础阿尔弗海姆市场
botanicalextramachinery	block.botanicalextramachinery.base_apothecary		基础花药台
botanicalextramachinery	block.botanicalextramachinery.base_daisy		基础白雏菊
botanicalextramachinery	block.botanicalextramachinery.base_industrial_agglomeration_factory		基础工业团聚工厂
botanicalextramachinery	block.botanicalextramachinery.base_mana_pool		基础魔力池
botanicalextramachinery	block.botanicalextramachinery.base_orechid		基础凝矿兰
botanicalextramachinery	block.botanicalextramachinery.base_runic_altar		基础符文祭坛
botanicalextramachinery	block.botanicalextramachinery.crimson_dragonstone_block		绯红龙石块
botanicalextramachinery	block.botanicalextramachinery.crimson_ingot_block		绯红锭块
botanicalextramachinery	block.botanicalextramachinery.crystal_dragonstone_block		水晶龙石块
botanicalextramachinery	block.botanicalextramachinery.crystal_ingot_block		水晶锭块
botanicalextramachinery	block.botanicalextramachinery.jaded_amaranthus		翡翠苋
botanicalextramachinery	block.botanicalextramachinery.malachite_dragonstone_block		孔雀石龙石块
botanicalextramachinery	block.botanicalextramachinery.malachite_ingot_block		孔雀石锭块
botanicalextramachinery	block.botanicalextramachinery.saffron_dragonstone_block		藏红龙石块
botanicalextramachinery	block.botanicalextramachinery.saffron_ingot_block		藏红锭块
botanicalextramachinery	block.botanicalextramachinery.shadow_dragonstone_block		暗影龙石块
botanicalextramachinery	block.botanicalextramachinery.shadow_ingot_block		暗影锭块
botanicalextramachinery	block.botanicalextramachinery.ultimate_alfheim_market		终极阿尔弗海姆市场
botanicalextramachinery	block.botanicalextramachinery.ultimate_apothecary		终极花药台
botanicalextramachinery	block.botanicalextramachinery.ultimate_daisy		终极白雏菊
botanicalextramachinery	block.botanicalextramachinery.ultimate_industrial_agglomeration_factory		终极工业团聚工厂
botanicalextramachinery	block.botanicalextramachinery.ultimate_mana_pool		终极魔力池
botanicalextramachinery	block.botanicalextramachinery.ultimate_orechid		终极凝矿兰
botanicalextramachinery	block.botanicalextramachinery.ultimate_runic_altar		终极符文祭坛
botanicalextramachinery	block.botanicalextramachinery.upgraded_alfheim_market		进阶阿尔弗海姆市场
botanicalextramachinery	block.botanicalextramachinery.upgraded_apothecary		进阶花药台
botanicalextramachinery	block.botanicalextramachinery.upgraded_daisy		进阶白雏菊
botanicalextramachinery	block.botanicalextramachinery.upgraded_industrial_agglomeration_factory		进阶工业团聚工厂
botanicalextramachinery	block.botanicalextramachinery.upgraded_mana_pool		进阶魔力池
botanicalextramachinery	block.botanicalextramachinery.upgraded_orechid		进阶凝矿兰
botanicalextramachinery	block.botanicalextramachinery.upgraded_runic_altar		进阶符文祭坛
botanicalextramachinery	botanicalextramachinery.tooltip.item.catalyst_petal_1		将 §d神秘花§r 转化为 §a花瓣§r。
botanicalextramachinery	botanicalextramachinery.tooltip.item.catalyst_petal_2		将 §d神秘花§r 转化为 §a花瓣块§r。
botanicalextramachinery	botanicalextramachinery.tooltip.item.catalyst_petal_3		用于 §6机械翡翠苋§r。
botanicalextramachinery	botanicalextramachinery.tooltip.item.mana		§b当前魔力：§r §6 %1$s
botanicalextramachinery	botanicalextramachinery.tooltip.item.sparkTransfer		§a传输 %1$s 魔力
botanicalextramachinery	botanicalextramachinery.tooltip.item.upgrade_speed_1		§6将制作速度提升至 §d4 倍
botanicalextramachinery	botanicalextramachinery.tooltip.item.upgrade_speed_2		§6仅适用于 §c工业团聚工厂
botanicalextramachinery	botanicalextramachinery.tooltip.item.water		§b当前水量：§r §6 %1$s
botanicalextramachinery	botanicalextramachinery.tooltip.screen		%1$s / %2$s 魔力
botanicalextramachinery	botanicalextramachinery.tooltip.screen.catalyst_slot		催化剂槽位
botanicalextramachinery	botanicalextramachinery.tooltip.screen.livingrock_slot		活石槽位
botanicalextramachinery	botanicalextramachinery.tooltip.screen.ore_slot		矿石槽位（过滤）
botanicalextramachinery	botanicalextramachinery.tooltip.screen.seed_slot		种子槽位
botanicalextramachinery	botanicalextramachinery.tooltip.screen.upgrade_slot		升级槽位
botanicalextramachinery	item.botanicalextramachinery.catalyst_living_rock_infinity		无尽活石催化剂
botanicalextramachinery	item.botanicalextramachinery.catalyst_mana_infinity		无尽魔力催化剂
botanicalextramachinery	item.botanicalextramachinery.catalyst_petal		花瓣催化剂
botanicalextramachinery	item.botanicalextramachinery.catalyst_petal_block		花瓣块催化剂
botanicalextramachinery	item.botanicalextramachinery.catalyst_seed_infinity		无尽种子催化剂
botanicalextramachinery	item.botanicalextramachinery.catalyst_speed		速度催化剂
botanicalextramachinery	item.botanicalextramachinery.catalyst_stone_infinity		无尽石头催化剂
botanicalextramachinery	item.botanicalextramachinery.catalyst_water_infinity		无尽水催化剂
botanicalextramachinery	item.botanicalextramachinery.catalyst_wood_infinity		无尽木头催化剂
botanicalextramachinery	item.botanicalextramachinery.crimson_dragonstone		绯红龙石
botanicalextramachinery	item.botanicalextramachinery.crimson_ingot		绯红锭
botanicalextramachinery	item.botanicalextramachinery.crimson_spark		绯红火花
botanicalextramachinery	item.botanicalextramachinery.crystal_dragonstone		水晶龙石
botanicalextramachinery	item.botanicalextramachinery.crystal_ingot		水晶锭
botanicalextramachinery	item.botanicalextramachinery.malachite_dragonstone		孔雀石龙石
botanicalextramachinery	item.botanicalextramachinery.malachite_ingot		孔雀石锭
botanicalextramachinery	item.botanicalextramachinery.malachite_spark		孔雀石火花
botanicalextramachinery	item.botanicalextramachinery.saffron_dragonstone		藏红龙石
botanicalextramachinery	item.botanicalextramachinery.saffron_ingot		藏红锭
botanicalextramachinery	item.botanicalextramachinery.saffron_spark		藏红火花
botanicalextramachinery	item.botanicalextramachinery.shadow_dragonstone		暗影龙石
botanicalextramachinery	item.botanicalextramachinery.shadow_ingot		暗影锭
botanicalextramachinery	item.botanicalextramachinery.shadow_spark		暗影火花
botanicalextramachinery	itemGroup.botanicalextramachinery		植物魔法：额外机械
botanicalextramachinery	text.botanicalextramachinery.advanced_industrial_agglomeration_factory_label_text_1		高级工业
botanicalextramachinery	text.botanicalextramachinery.advanced_industrial_agglomeration_factory_label_text_2		团聚工厂
botanicalextramachinery	text.botanicalextramachinery.base_industrial_agglomeration_factory_label_text_1		基础工业
botanicalextramachinery	text.botanicalextramachinery.base_industrial_agglomeration_factory_label_text_2		团聚工厂
botanicalextramachinery	text.botanicalextramachinery.ultimate_industrial_agglomeration_factory_label_text_1		终极工业
botanicalextramachinery	text.botanicalextramachinery.ultimate_industrial_agglomeration_factory_label_text_2		团聚工厂
botanicalextramachinery	text.botanicalextramachinery.upgraded_industrial_agglomeration_factory_label_text_1		进阶工业
botanicalextramachinery	text.botanicalextramachinery.upgraded_industrial_agglomeration_factory_label_text_2		团聚工厂
botanypots	tooltip.botanypots.harvestable		可收获
botanypots	tooltip.botanypots.time		时间：%s
buildersdelight	itemGroup.tab_blocks		建筑工的乐事｜方块
buildersdelight	itemGroup.tab_decoration		建筑工的乐事｜装饰
buildersdelight	itemGroup.tab_materials		建筑工的乐事｜材料
buildscape	block.buildscape.acacia_leaf_hedge		金合欢树叶篱笆
buildscape	block.buildscape.acacia_leaf_layers		金合欢树叶层
buildscape	block.buildscape.acacia_log_slab		金合欢原木台阶
buildscape	block.buildscape.acacia_log_stairs		金合欢原木楼梯
buildscape	block.buildscape.acacia_log_vertical_slab		金合欢原木竖直台阶
buildscape	block.buildscape.acacia_vertical_slab		金合欢木竖直台阶
buildscape	block.buildscape.acacia_wood_slab		金合欢木台阶
buildscape	block.buildscape.acacia_wood_stairs		金合欢木楼梯
buildscape	block.buildscape.acacia_wood_vertical_slab		金合欢木竖直台阶
buildscape	block.buildscape.acacia_wood_wall		金合欢木墙
buildscape	block.buildscape.amethyst_block_slab		紫水晶块台阶
buildscape	block.buildscape.amethyst_block_stairs		紫水晶块楼梯
buildscape	block.buildscape.amethyst_block_vertical_slab		紫水晶块竖直台阶
buildscape	block.buildscape.ancient_steel_chain		远古钢锁链
buildscape	block.buildscape.andesite_vertical_slab		安山岩竖直台阶
buildscape	block.buildscape.ashenking_diamond_pillar		灰烬王钻石柱
buildscape	block.buildscape.ashenking_emerald_pillar		灰烬王绿宝石柱
buildscape	block.buildscape.ashenking_gold_pillar		灰烬王金柱
buildscape	block.buildscape.ashenking_netherite_pillar		灰烬王下界合金柱
buildscape	block.buildscape.ashpen_black_button		黑色灰烬木按钮
buildscape	block.buildscape.ashpen_black_fence		黑色灰烬木栅栏
buildscape	block.buildscape.ashpen_black_fence_gate		黑色灰烬木栅栏门
buildscape	block.buildscape.ashpen_black_planks		黑色灰烬木木板
buildscape	block.buildscape.ashpen_black_pressure_plate		黑色灰烬木压力板
buildscape	block.buildscape.ashpen_black_slab		黑色灰烬木台阶
buildscape	block.buildscape.ashpen_black_stairs		黑色灰烬木楼梯
buildscape	block.buildscape.ashpen_black_vertical_slab		黑色灰烬木竖直台阶
buildscape	block.buildscape.ashpen_blue_button		蓝色灰烬木按钮
buildscape	block.buildscape.ashpen_blue_fence		蓝色灰烬木栅栏
buildscape	block.buildscape.ashpen_blue_fence_gate		蓝色灰烬木栅栏门
buildscape	block.buildscape.ashpen_blue_planks		蓝色灰烬木木板
buildscape	block.buildscape.ashpen_blue_pressure_plate		蓝色灰烬木压力板
buildscape	block.buildscape.ashpen_blue_slab		蓝色灰烬木台阶
buildscape	block.buildscape.ashpen_blue_stairs		蓝色灰烬木楼梯
buildscape	block.buildscape.ashpen_blue_vertical_slab		蓝色灰烬木竖直台阶
buildscape	block.buildscape.ashpen_brown_button		棕色灰烬木按钮
buildscape	block.buildscape.ashpen_brown_fence		棕色灰烬木栅栏
buildscape	block.buildscape.ashpen_brown_fence_gate		棕色灰烬木栅栏门
buildscape	block.buildscape.ashpen_brown_planks		棕色灰烬木木板
buildscape	block.buildscape.ashpen_brown_pressure_plate		棕色灰烬木压力板
buildscape	block.buildscape.ashpen_brown_slab		棕色灰烬木台阶
buildscape	block.buildscape.ashpen_brown_stairs		棕色灰烬木楼梯
buildscape	block.buildscape.ashpen_brown_vertical_slab		棕色灰烬木竖直台阶
buildscape	block.buildscape.ashpen_cyan_button		青色灰烬木按钮
buildscape	block.buildscape.ashpen_cyan_fence		青色灰烬木栅栏
buildscape	block.buildscape.ashpen_cyan_fence_gate		青色灰烬木栅栏门
buildscape	block.buildscape.ashpen_cyan_planks		青色灰烬木木板
buildscape	block.buildscape.ashpen_cyan_pressure_plate		青色灰烬木压力板
buildscape	block.buildscape.ashpen_cyan_slab		青色灰烬木台阶
buildscape	block.buildscape.ashpen_cyan_stairs		青色灰烬木楼梯
buildscape	block.buildscape.ashpen_cyan_vertical_slab		青色灰烬木竖直台阶
buildscape	block.buildscape.ashpen_gray_button		灰色灰烬木按钮
buildscape	block.buildscape.ashpen_gray_fence		灰色灰烬木栅栏
buildscape	block.buildscape.ashpen_gray_fence_gate		灰色灰烬木栅栏门
buildscape	block.buildscape.ashpen_gray_planks		灰色灰烬木木板
buildscape	block.buildscape.ashpen_gray_pressure_plate		灰色灰烬木压力板
buildscape	block.buildscape.ashpen_gray_slab		灰色灰烬木台阶
buildscape	block.buildscape.ashpen_gray_stairs		灰色灰烬木楼梯
buildscape	block.buildscape.ashpen_gray_vertical_slab		灰色灰烬木竖直台阶
buildscape	block.buildscape.ashpen_green_button		绿色灰烬木按钮
buildscape	block.buildscape.ashpen_green_fence		绿色灰烬木栅栏
buildscape	block.buildscape.ashpen_green_fence_gate		绿色灰烬木栅栏门
buildscape	block.buildscape.ashpen_green_planks		绿色灰烬木木板
buildscape	block.buildscape.ashpen_green_pressure_plate		绿色灰烬木压力板
buildscape	block.buildscape.ashpen_green_slab		绿色灰烬木台阶
buildscape	block.buildscape.ashpen_green_stairs		绿色灰烬木楼梯
buildscape	block.buildscape.ashpen_green_vertical_slab		绿色灰烬木竖直台阶
buildscape	block.buildscape.ashpen_light_blue_button		淡蓝色灰烬木按钮
buildscape	block.buildscape.ashpen_light_blue_fence		淡蓝色灰烬木栅栏
buildscape	block.buildscape.ashpen_light_blue_fence_gate		淡蓝色灰烬木栅栏门
buildscape	block.buildscape.ashpen_light_blue_planks		淡蓝色灰烬木木板
buildscape	block.buildscape.ashpen_light_blue_pressure_plate		淡蓝色灰烬木压力板
buildscape	block.buildscape.ashpen_light_blue_slab		淡蓝色灰烬木台阶
buildscape	block.buildscape.ashpen_light_blue_stairs		淡蓝色灰烬木楼梯
buildscape	block.buildscape.ashpen_light_blue_vertical_slab		淡蓝色灰烬木竖直台阶
buildscape	block.buildscape.ashpen_light_gray_button		淡灰色灰烬木按钮
buildscape	block.buildscape.ashpen_light_gray_fence		淡灰色灰烬木栅栏
buildscape	block.buildscape.ashpen_light_gray_fence_gate		淡灰色灰烬木栅栏门
buildscape	block.buildscape.ashpen_light_gray_planks		淡灰色灰烬木木板
buildscape	block.buildscape.ashpen_light_gray_pressure_plate		淡灰色灰烬木压力板
buildscape	block.buildscape.ashpen_light_gray_slab		淡灰色灰烬木台阶
buildscape	block.buildscape.ashpen_light_gray_stairs		淡灰色灰烬木楼梯
buildscape	block.buildscape.ashpen_light_gray_vertical_slab		淡灰色灰烬木竖直台阶
buildscape	block.buildscape.ashpen_lime_button		黄绿色灰烬木按钮
buildscape	block.buildscape.ashpen_lime_fence		黄绿色灰烬木栅栏
buildscape	block.buildscape.ashpen_lime_fence_gate		黄绿色灰烬木栅栏门
buildscape	block.buildscape.ashpen_lime_planks		黄绿色灰烬木木板
buildscape	block.buildscape.ashpen_lime_pressure_plate		黄绿色灰烬木压力板
buildscape	block.buildscape.ashpen_lime_slab		黄绿色灰烬木台阶
buildscape	block.buildscape.ashpen_lime_stairs		黄绿色灰烬木楼梯
buildscape	block.buildscape.ashpen_lime_vertical_slab		黄绿色灰烬木竖直台阶
buildscape	block.buildscape.ashpen_log		灰烬木原木
buildscape	block.buildscape.ashpen_log_slab		灰烬木原木台阶
buildscape	block.buildscape.ashpen_log_stairs		灰烬木原木楼梯
buildscape	block.buildscape.ashpen_log_vertical_slab		灰烬木原木竖直台阶
buildscape	block.buildscape.ashpen_magenta_button		品红色灰烬木按钮
buildscape	block.buildscape.ashpen_magenta_fence		品红色灰烬木栅栏
buildscape	block.buildscape.ashpen_magenta_fence_gate		品红色灰烬木栅栏门
buildscape	block.buildscape.ashpen_magenta_planks		品红色灰烬木木板
buildscape	block.buildscape.ashpen_magenta_pressure_plate		品红色灰烬木压力板
buildscape	block.buildscape.ashpen_magenta_slab		品红色灰烬木台阶
buildscape	block.buildscape.ashpen_magenta_stairs		品红色灰烬木楼梯
buildscape	block.buildscape.ashpen_magenta_vertical_slab		品红色灰烬木竖直台阶
buildscape	block.buildscape.ashpen_orange_button		橙色灰烬木按钮
buildscape	block.buildscape.ashpen_orange_fence		橙色灰烬木栅栏
buildscape	block.buildscape.ashpen_orange_fence_gate		橙色灰烬木栅栏门
buildscape	block.buildscape.ashpen_orange_planks		橙色灰烬木木板
buildscape	block.buildscape.ashpen_orange_pressure_plate		橙色灰烬木压力板
buildscape	block.buildscape.ashpen_orange_slab		橙色灰烬木台阶
buildscape	block.buildscape.ashpen_orange_stairs		橙色灰烬木楼梯
buildscape	block.buildscape.ashpen_orange_vertical_slab		橙色灰烬木竖直台阶
buildscape	block.buildscape.ashpen_pink_button		粉红色灰烬木按钮
buildscape	block.buildscape.ashpen_pink_fence		粉红色灰烬木栅栏
buildscape	block.buildscape.ashpen_pink_fence_gate		粉红色灰烬木栅栏门
buildscape	block.buildscape.ashpen_pink_planks		粉红色灰烬木木板
buildscape	block.buildscape.ashpen_pink_pressure_plate		粉红色灰烬木压力板
buildscape	block.buildscape.ashpen_pink_slab		粉红色灰烬木台阶
buildscape	block.buildscape.ashpen_pink_stairs		粉红色灰烬木楼梯
buildscape	block.buildscape.ashpen_pink_vertical_slab		粉红色灰烬木竖直台阶
buildscape	block.buildscape.ashpen_purple_button		紫色灰烬木按钮
buildscape	block.buildscape.ashpen_purple_fence		紫色灰烬木栅栏
buildscape	block.buildscape.ashpen_purple_fence_gate		紫色灰烬木栅栏门
buildscape	block.buildscape.ashpen_purple_planks		紫色灰烬木木板
buildscape	block.buildscape.ashpen_purple_pressure_plate		紫色灰烬木压力板
buildscape	block.buildscape.ashpen_purple_slab		紫色灰烬木台阶
buildscape	block.buildscape.ashpen_purple_stairs		紫色灰烬木楼梯
buildscape	block.buildscape.ashpen_purple_vertical_slab		紫色灰烬木竖直台阶
buildscape	block.buildscape.ashpen_red_button		红色灰烬木按钮
buildscape	block.buildscape.ashpen_red_fence		红色灰烬木栅栏
buildscape	block.buildscape.ashpen_red_fence_gate		红色灰烬木栅栏门
buildscape	block.buildscape.ashpen_red_planks		红色灰烬木木板
buildscape	block.buildscape.ashpen_red_pressure_plate		红色灰烬木压力板
buildscape	block.buildscape.ashpen_red_slab		红色灰烬木台阶
buildscape	block.buildscape.ashpen_red_stairs		红色灰烬木楼梯
buildscape	block.buildscape.ashpen_red_vertical_slab		红色灰烬木竖直台阶
buildscape	block.buildscape.ashpen_white_button		白色灰烬木按钮
buildscape	block.buildscape.ashpen_white_fence		白色灰烬木栅栏
buildscape	block.buildscape.ashpen_white_fence_gate		白色灰烬木栅栏门
buildscape	block.buildscape.ashpen_white_planks		白色灰烬木木板
buildscape	block.buildscape.ashpen_white_pressure_plate		白色灰烬木压力板
buildscape	block.buildscape.ashpen_white_slab		白色灰烬木台阶
buildscape	block.buildscape.ashpen_white_stairs		白色灰烬木楼梯
buildscape	block.buildscape.ashpen_white_vertical_slab		白色灰烬木竖直台阶
buildscape	block.buildscape.ashpen_wood		灰烬木
buildscape	block.buildscape.ashpen_wood_slab		灰烬木台阶
buildscape	block.buildscape.ashpen_wood_stairs		灰烬木楼梯
buildscape	block.buildscape.ashpen_wood_vertical_slab		灰烬木竖直台阶
buildscape	block.buildscape.ashpen_yellow_button		黄色灰烬木按钮
buildscape	block.buildscape.ashpen_yellow_fence		黄色灰烬木栅栏
buildscape	block.buildscape.ashpen_yellow_fence_gate		黄色灰烬木栅栏门
buildscape	block.buildscape.ashpen_yellow_planks		黄色灰烬木木板
buildscape	block.buildscape.ashpen_yellow_pressure_plate		黄色灰烬木压力板
buildscape	block.buildscape.ashpen_yellow_slab		黄色灰烬木台阶
buildscape	block.buildscape.ashpen_yellow_stairs		黄色灰烬木楼梯
buildscape	block.buildscape.ashpen_yellow_vertical_slab		黄色灰烬木竖直台阶
buildscape	block.buildscape.azalea_leaf_hedge		杜鹃花丛树叶篱笆
buildscape	block.buildscape.azalea_leaf_layers		杜鹃树叶层
buildscape	block.buildscape.bamboo_block		竹子块
buildscape	block.buildscape.bamboo_block_button		竹子块按钮
buildscape	block.buildscape.bamboo_block_fence		竹子块栅栏
buildscape	block.buildscape.bamboo_block_fence_gate		竹子块栅栏门
buildscape	block.buildscape.bamboo_block_pressure_plate		竹子块压力板
buildscape	block.buildscape.bamboo_block_slab		竹子块台阶
buildscape	block.buildscape.bamboo_block_stairs		竹子块楼梯
buildscape	block.buildscape.bamboo_block_vertical_slab		竹子块竖直台阶
buildscape	block.buildscape.bamboo_block_wall		竹子块墙
buildscape	block.buildscape.bamboo_door		竹门
buildscape	block.buildscape.bamboo_sign		竹子告示牌
buildscape	block.buildscape.bamboo_trapdoor		竹活板门
buildscape	block.buildscape.bamboo_wall_sign		竹子告示牌
buildscape	block.buildscape.bamboo_wood		竹子木
buildscape	block.buildscape.bedrock_pane		基岩板
buildscape	block.buildscape.bedrock_slab		基岩台阶
buildscape	block.buildscape.bedrock_stairs		基岩楼梯
buildscape	block.buildscape.bedrock_wall		基岩墙
buildscape	block.buildscape.big_amethyst_candle		大号紫水晶蜡烛
buildscape	block.buildscape.big_black_candle		大号黑色蜡烛
buildscape	block.buildscape.big_blue_candle		大号蓝色蜡烛
buildscape	block.buildscape.big_book		大号书
buildscape	block.buildscape.big_brown_candle		大号棕色蜡烛
buildscape	block.buildscape.big_candle		大号蜡烛
buildscape	block.buildscape.big_cyan_candle		大号青色蜡烛
buildscape	block.buildscape.big_gray_candle		大号灰色蜡烛
buildscape	block.buildscape.big_green_candle		大号绿色蜡烛
buildscape	block.buildscape.big_light_blue_candle		大号淡蓝色蜡烛
buildscape	block.buildscape.big_light_gray_candle		大号淡灰色蜡烛
buildscape	block.buildscape.big_lime_candle		大号黄绿色蜡烛
buildscape	block.buildscape.big_magenta_candle		大号品红色蜡烛
buildscape	block.buildscape.big_orange_candle		大号橙色蜡烛
buildscape	block.buildscape.big_pink_candle		大号粉红色蜡烛
buildscape	block.buildscape.big_purple_candle		大号紫色蜡烛
buildscape	block.buildscape.big_red_candle		大号红色蜡烛
buildscape	block.buildscape.big_sculk_candle		大号幽匿蜡烛
buildscape	block.buildscape.big_white_candle		大号白色蜡烛
buildscape	block.buildscape.big_yellow_candle		大号黄色蜡烛
buildscape	block.buildscape.birch_leaf_hedge		白桦木树叶篱笆
buildscape	block.buildscape.birch_leaf_layers		白桦树叶层
buildscape	block.buildscape.birch_log_slab		白桦原木台阶
buildscape	block.buildscape.birch_log_stairs		白桦原木楼梯
buildscape	block.buildscape.birch_log_vertical_slab		白桦原木竖直台阶
buildscape	block.buildscape.birch_vertical_slab		白桦木竖直台阶
buildscape	block.buildscape.birch_wood_slab		白桦木台阶
buildscape	block.buildscape.birch_wood_stairs		白桦木楼梯
buildscape	block.buildscape.birch_wood_vertical_slab		白桦木竖直台阶
buildscape	block.buildscape.birch_wood_wall		白桦木墙
buildscape	block.buildscape.bit_chiseled_copper		镶饰錾制铜块
buildscape	block.buildscape.bit_chiseled_tuff		镶饰錾制凝灰岩
buildscape	block.buildscape.bit_chiseled_tuff_bricks		镶饰錾制凝灰岩砖
buildscape	block.buildscape.bit_copper_block		镶饰铜块
buildscape	block.buildscape.bit_copper_block_slab		镶饰铜块台阶
buildscape	block.buildscape.bit_copper_block_stairs		镶饰铜块楼梯
buildscape	block.buildscape.bit_copper_block_vertical_slab		镶饰铜块竖直台阶
buildscape	block.buildscape.bit_copper_block_wall		镶饰铜块墙
buildscape	block.buildscape.bit_copper_bulb		镶饰铜灯
buildscape	block.buildscape.bit_copper_grate		镶饰铜格栅
buildscape	block.buildscape.bit_cut_copper		镶饰切制铜块
buildscape	block.buildscape.bit_cut_copper_slab		镶饰切制铜台阶
buildscape	block.buildscape.bit_cut_copper_stairs		镶饰切制铜楼梯
buildscape	block.buildscape.bit_cut_copper_vertical_slab		镶饰切制铜竖直台阶
buildscape	block.buildscape.bit_cut_copper_wall		镶饰切制铜墙
buildscape	block.buildscape.bit_exposed_chiseled_copper		镶饰斑驳的錾制铜块
buildscape	block.buildscape.bit_exposed_copper_block		镶饰斑驳的铜块
buildscape	block.buildscape.bit_exposed_copper_block_slab		镶饰斑驳的铜块台阶
buildscape	block.buildscape.bit_exposed_copper_block_stairs		镶饰斑驳的铜块楼梯
buildscape	block.buildscape.bit_exposed_copper_block_vertical_slab		镶饰斑驳的铜块竖直台阶
buildscape	block.buildscape.bit_exposed_copper_block_wall		镶饰斑驳的铜块墙
buildscape	block.buildscape.bit_exposed_copper_bulb		镶饰斑驳的铜灯
buildscape	block.buildscape.bit_exposed_copper_grate		镶饰斑驳的铜格栅
buildscape	block.buildscape.bit_exposed_cut_copper		镶饰斑驳的切制铜块
buildscape	block.buildscape.bit_exposed_cut_copper_slab		镶饰斑驳的切制铜台阶
buildscape	block.buildscape.bit_exposed_cut_copper_stairs		镶饰斑驳的切制铜楼梯
buildscape	block.buildscape.bit_exposed_cut_copper_vertical_slab		镶饰斑驳的切制铜竖直台阶
buildscape	block.buildscape.bit_exposed_cut_copper_wall		镶饰斑驳的切制铜墙
buildscape	block.buildscape.bit_oxidized_chiseled_copper		镶饰氧化的錾制铜块
buildscape	block.buildscape.bit_oxidized_copper_block		镶饰氧化的铜块
buildscape	block.buildscape.bit_oxidized_copper_block_slab		镶饰氧化的铜块台阶
buildscape	block.buildscape.bit_oxidized_copper_block_stairs		镶饰氧化的铜块楼梯
buildscape	block.buildscape.bit_oxidized_copper_block_vertical_slab		镶饰氧化的铜块竖直台阶
buildscape	block.buildscape.bit_oxidized_copper_block_wall		镶饰氧化的铜块墙
buildscape	block.buildscape.bit_oxidized_copper_bulb		镶饰氧化的铜灯
buildscape	block.buildscape.bit_oxidized_copper_grate		镶饰氧化的铜格栅
buildscape	block.buildscape.bit_oxidized_cut_copper		镶饰氧化的切制铜块
buildscape	block.buildscape.bit_oxidized_cut_copper_slab		镶饰氧化的切制铜台阶
buildscape	block.buildscape.bit_oxidized_cut_copper_stairs		镶饰氧化的切制铜楼梯
buildscape	block.buildscape.bit_oxidized_cut_copper_vertical_slab		镶饰氧化的切制铜竖直台阶
buildscape	block.buildscape.bit_oxidized_cut_copper_wall		镶饰氧化的切制铜墙
buildscape	block.buildscape.bit_polished_tuff		镶饰磨制凝灰岩
buildscape	block.buildscape.bit_polished_tuff_slab		镶饰磨制凝灰岩台阶
buildscape	block.buildscape.bit_polished_tuff_stairs		镶饰磨制凝灰岩楼梯
buildscape	block.buildscape.bit_polished_tuff_vertical_slab		镶饰磨制凝灰岩竖直台阶
buildscape	block.buildscape.bit_polished_tuff_wall		镶饰磨制凝灰岩墙
buildscape	block.buildscape.bit_tuff_bricks		镶饰凝灰岩砖
buildscape	block.buildscape.bit_tuff_bricks_slab		镶饰凝灰岩砖台阶
buildscape	block.buildscape.bit_tuff_bricks_stairs		镶饰凝灰岩砖楼梯
buildscape	block.buildscape.bit_tuff_bricks_vertical_slab		镶饰凝灰岩砖竖直台阶
buildscape	block.buildscape.bit_tuff_bricks_wall		镶饰凝灰岩砖墙
buildscape	block.buildscape.bit_weathered_chiseled_copper		镶饰锈蚀的錾制铜块
buildscape	block.buildscape.bit_weathered_copper_block		镶饰锈蚀的铜块
buildscape	block.buildscape.bit_weathered_copper_block_slab		镶饰锈蚀的铜块台阶
buildscape	block.buildscape.bit_weathered_copper_block_stairs		镶饰锈蚀的铜块楼梯
buildscape	block.buildscape.bit_weathered_copper_block_vertical_slab		镶饰锈蚀的铜块竖直台阶
buildscape	block.buildscape.bit_weathered_copper_block_wall		镶饰锈蚀的铜块墙
buildscape	block.buildscape.bit_weathered_copper_bulb		镶饰锈蚀的铜灯
buildscape	block.buildscape.bit_weathered_copper_grate		镶饰锈蚀的铜格栅
buildscape	block.buildscape.bit_weathered_cut_copper		镶饰锈蚀的切制铜块
buildscape	block.buildscape.bit_weathered_cut_copper_slab		镶饰锈蚀的切制铜台阶
buildscape	block.buildscape.bit_weathered_cut_copper_stairs		镶饰锈蚀的切制铜楼梯
buildscape	block.buildscape.bit_weathered_cut_copper_vertical_slab		镶饰锈蚀的切制铜竖直台阶
buildscape	block.buildscape.bit_weathered_cut_copper_wall		镶饰锈蚀的切制铜墙
buildscape	block.buildscape.black_big_book		黑色大号书
buildscape	block.buildscape.black_carpet_layers		黑色地毯层
buildscape	block.buildscape.black_concrete_slab		黑色混凝土台阶
buildscape	block.buildscape.black_concrete_stairs		黑色混凝土楼梯
buildscape	block.buildscape.black_concrete_vertical_slab		黑色混凝土竖直台阶
buildscape	block.buildscape.black_concrete_wall		黑色混凝土墙
buildscape	block.buildscape.black_cushion		黑色坐垫
buildscape	block.buildscape.black_decorated_pot		黑色饰纹陶罐
buildscape	block.buildscape.black_dye_sack		黑色染料袋
buildscape	block.buildscape.black_factory_mesh		黑色工厂网格
buildscape	block.buildscape.black_factory_mesh_slab		黑色工厂网格台阶
buildscape	block.buildscape.black_factory_mesh_stairs		黑色工厂网格楼梯
buildscape	block.buildscape.black_factory_mesh_vertical_slab		黑色工厂网格竖直台阶
buildscape	block.buildscape.black_factory_mesh_wall		黑色工厂网格墙
buildscape	block.buildscape.black_festive_stocking		黑色圣诞长袜
buildscape	block.buildscape.black_glazed_glass		黑色釉面玻璃
buildscape	block.buildscape.black_glazed_glass_pane		黑色釉面玻璃板
buildscape	block.buildscape.black_glazed_glass_slab		黑色釉面玻璃台阶
buildscape	block.buildscape.black_glazed_glass_stairs		黑色釉面玻璃楼梯
buildscape	block.buildscape.black_glazed_glass_vertical_slab		黑色釉面玻璃竖直台阶
buildscape	block.buildscape.black_mosaic_glass		黑色马赛克玻璃
buildscape	block.buildscape.black_mosaic_glass_pane		黑色马赛克玻璃板
buildscape	block.buildscape.black_mosaic_glass_slab		黑色马赛克玻璃台阶
buildscape	block.buildscape.black_mosaic_glass_stairs		黑色马赛克玻璃楼梯
buildscape	block.buildscape.black_mosaic_glass_vertical_slab		黑色马赛克玻璃竖直台阶
buildscape	block.buildscape.black_ornament		黑色装饰品
buildscape	block.buildscape.black_redstone_lamp		黑色红石灯
buildscape	block.buildscape.black_rose_vines		黑色玫瑰藤蔓
buildscape	block.buildscape.black_sand		黑色沙子
buildscape	block.buildscape.black_sandstone		黑色砂岩
buildscape	block.buildscape.black_sandstone_slab		黑色砂岩台阶
buildscape	block.buildscape.black_sandstone_stairs		黑色砂岩楼梯
buildscape	block.buildscape.black_sandstone_vertical_slab		黑色砂岩竖直台阶
buildscape	block.buildscape.black_sandstone_wall		黑色砂岩墙
buildscape	block.buildscape.black_smooth_sandstone		黑色平滑砂岩
buildscape	block.buildscape.black_smooth_sandstone_slab		黑色平滑砂岩台阶
buildscape	block.buildscape.black_smooth_sandstone_stairs		黑色平滑砂岩楼梯
buildscape	block.buildscape.black_smooth_sandstone_vertical_slab		黑色平滑砂岩竖直台阶
buildscape	block.buildscape.black_smooth_sandstone_wall		黑色平滑砂岩墙
buildscape	block.buildscape.black_spool		黑色线轴
buildscape	block.buildscape.black_stained_brick_tiles		黑色染色砖瓦
buildscape	block.buildscape.black_stained_brick_tiles_slab		黑色染色砖瓦台阶
buildscape	block.buildscape.black_stained_brick_tiles_stairs		黑色染色砖瓦楼梯
buildscape	block.buildscape.black_stained_brick_tiles_vertical_slab		黑色染色砖瓦竖直台阶
buildscape	block.buildscape.black_stained_brick_tiles_wall		黑色染色砖瓦墙
buildscape	block.buildscape.black_stained_bricks		黑色染色砖
buildscape	block.buildscape.black_stained_bricks_slab		黑色染色砖台阶
buildscape	block.buildscape.black_stained_bricks_stairs		黑色染色砖楼梯
buildscape	block.buildscape.black_stained_bricks_vertical_slab		黑色染色砖竖直台阶
buildscape	block.buildscape.black_stained_bricks_wall		黑色染色砖墙
buildscape	block.buildscape.black_stained_glass_slab		黑色染色玻璃台阶
buildscape	block.buildscape.black_stained_glass_stairs		黑色染色玻璃楼梯
buildscape	block.buildscape.black_stained_glass_vertical_slab		黑色染色玻璃竖直台阶
buildscape	block.buildscape.black_star		黑色星星
buildscape	block.buildscape.black_string_light		黑色串灯
buildscape	block.buildscape.black_terracotta_slab		黑色陶瓦台阶
buildscape	block.buildscape.black_terracotta_stairs		黑色陶瓦楼梯
buildscape	block.buildscape.black_terracotta_vertical_slab		黑色陶瓦竖直台阶
buildscape	block.buildscape.black_tiles		黑色瓦
buildscape	block.buildscape.black_tiles_slab		黑色瓦台阶
buildscape	block.buildscape.black_tiles_stairs		黑色瓦楼梯
buildscape	block.buildscape.black_tiles_vertical_slab		黑色瓦竖直台阶
buildscape	block.buildscape.black_tiles_wall		黑色瓦墙
buildscape	block.buildscape.black_trapped_decorated_pot		黑色陷阱饰纹陶罐
buildscape	block.buildscape.black_wallpaper		黑色墙纸
buildscape	block.buildscape.black_wallpaper_flat		黑色墙纸平板
buildscape	block.buildscape.black_wallpaper_slab		黑色墙纸台阶
buildscape	block.buildscape.black_wallpaper_vertical_slab		黑色墙纸竖直台阶
buildscape	block.buildscape.black_wool_slab		黑色羊毛台阶
buildscape	block.buildscape.black_wool_stairs		黑色羊毛楼梯
buildscape	block.buildscape.black_wool_vertical_slab		黑色羊毛竖直台阶
buildscape	block.buildscape.black_wool_wall		黑色羊毛墙
buildscape	block.buildscape.blackstone_vertical_slab		黑石竖直台阶
buildscape	block.buildscape.blue_big_book		蓝色大号书
buildscape	block.buildscape.blue_carpet_layers		蓝色地毯层
buildscape	block.buildscape.blue_concrete_slab		蓝色混凝土台阶
buildscape	block.buildscape.blue_concrete_stairs		蓝色混凝土楼梯
buildscape	block.buildscape.blue_concrete_vertical_slab		蓝色混凝土竖直台阶
buildscape	block.buildscape.blue_concrete_wall		蓝色混凝土墙
buildscape	block.buildscape.blue_cushion		蓝色坐垫
buildscape	block.buildscape.blue_decorated_pot		蓝色饰纹陶罐
buildscape	block.buildscape.blue_dye_sack		蓝色染料袋
buildscape	block.buildscape.blue_factory_mesh		蓝色工厂网格
buildscape	block.buildscape.blue_factory_mesh_slab		蓝色工厂网格台阶
buildscape	block.buildscape.blue_factory_mesh_stairs		蓝色工厂网格楼梯
buildscape	block.buildscape.blue_factory_mesh_vertical_slab		蓝色工厂网格竖直台阶
buildscape	block.buildscape.blue_factory_mesh_wall		蓝色工厂网格墙
buildscape	block.buildscape.blue_festive_stocking		蓝色圣诞长袜
buildscape	block.buildscape.blue_glazed_glass		蓝色釉面玻璃
buildscape	block.buildscape.blue_glazed_glass_pane		蓝色釉面玻璃板
buildscape	block.buildscape.blue_glazed_glass_slab		蓝色釉面玻璃台阶
buildscape	block.buildscape.blue_glazed_glass_stairs		蓝色釉面玻璃楼梯
buildscape	block.buildscape.blue_glazed_glass_vertical_slab		蓝色釉面玻璃竖直台阶
buildscape	block.buildscape.blue_monets		蓝色莫奈花
buildscape	block.buildscape.blue_mosaic_glass		蓝色马赛克玻璃
buildscape	block.buildscape.blue_mosaic_glass_pane		蓝色马赛克玻璃板
buildscape	block.buildscape.blue_mosaic_glass_slab		蓝色马赛克玻璃台阶
buildscape	block.buildscape.blue_mosaic_glass_stairs		蓝色马赛克玻璃楼梯
buildscape	block.buildscape.blue_mosaic_glass_vertical_slab		蓝色马赛克玻璃竖直台阶
buildscape	block.buildscape.blue_ornament		蓝色装饰品
buildscape	block.buildscape.blue_petal		蓝色花瓣
buildscape	block.buildscape.blue_redstone_lamp		蓝色红石灯
buildscape	block.buildscape.blue_rose_vines		蓝色玫瑰藤蔓
buildscape	block.buildscape.blue_sand		蓝色沙子
buildscape	block.buildscape.blue_sandstone		蓝色砂岩
buildscape	block.buildscape.blue_sandstone_slab		蓝色砂岩台阶
buildscape	block.buildscape.blue_sandstone_stairs		蓝色砂岩楼梯
buildscape	block.buildscape.blue_sandstone_vertical_slab		蓝色砂岩竖直台阶
buildscape	block.buildscape.blue_sandstone_wall		蓝色砂岩墙
buildscape	block.buildscape.blue_smooth_sandstone		蓝色平滑砂岩
buildscape	block.buildscape.blue_smooth_sandstone_slab		蓝色平滑砂岩台阶
buildscape	block.buildscape.blue_smooth_sandstone_stairs		蓝色平滑砂岩楼梯
buildscape	block.buildscape.blue_smooth_sandstone_vertical_slab		蓝色平滑砂岩竖直台阶
buildscape	block.buildscape.blue_smooth_sandstone_wall		蓝色平滑砂岩墙
buildscape	block.buildscape.blue_spool		蓝色线轴
buildscape	block.buildscape.blue_spore_blossom		蓝色孢子花
buildscape	block.buildscape.blue_stained_brick_tiles		蓝色染色砖瓦
buildscape	block.buildscape.blue_stained_brick_tiles_slab		蓝色染色砖瓦台阶
buildscape	block.buildscape.blue_stained_brick_tiles_stairs		蓝色染色砖瓦楼梯
buildscape	block.buildscape.blue_stained_brick_tiles_vertical_slab		蓝色染色砖瓦竖直台阶
buildscape	block.buildscape.blue_stained_brick_tiles_wall		蓝色染色砖瓦墙
buildscape	block.buildscape.blue_stained_bricks		蓝色染色砖
buildscape	block.buildscape.blue_stained_bricks_slab		蓝色染色砖台阶
buildscape	block.buildscape.blue_stained_bricks_stairs		蓝色染色砖楼梯
buildscape	block.buildscape.blue_stained_bricks_vertical_slab		蓝色染色砖竖直台阶
buildscape	block.buildscape.blue_stained_bricks_wall		蓝色染色砖墙
buildscape	block.buildscape.blue_stained_glass_slab		蓝色染色玻璃台阶
buildscape	block.buildscape.blue_stained_glass_stairs		蓝色染色玻璃楼梯
buildscape	block.buildscape.blue_stained_glass_vertical_slab		蓝色染色玻璃竖直台阶
buildscape	block.buildscape.blue_star		蓝色星星
buildscape	block.buildscape.blue_string_light		蓝色串灯
buildscape	block.buildscape.blue_terracotta_slab		蓝色陶瓦台阶
buildscape	block.buildscape.blue_terracotta_stairs		蓝色陶瓦楼梯
buildscape	block.buildscape.blue_terracotta_vertical_slab		蓝色陶瓦竖直台阶
buildscape	block.buildscape.blue_tiles		蓝色瓦
buildscape	block.buildscape.blue_tiles_slab		蓝色瓦台阶
buildscape	block.buildscape.blue_tiles_stairs		蓝色瓦楼梯
buildscape	block.buildscape.blue_tiles_vertical_slab		蓝色瓦竖直台阶
buildscape	block.buildscape.blue_tiles_wall		蓝色瓦墙
buildscape	block.buildscape.blue_trapped_decorated_pot		蓝色陷阱饰纹陶罐
buildscape	block.buildscape.blue_wallpaper		蓝色墙纸
buildscape	block.buildscape.blue_wallpaper_flat		蓝色墙纸平板
buildscape	block.buildscape.blue_wallpaper_slab		蓝色墙纸台阶
buildscape	block.buildscape.blue_wallpaper_vertical_slab		蓝色墙纸竖直台阶
buildscape	block.buildscape.blue_wool_slab		蓝色羊毛台阶
buildscape	block.buildscape.blue_wool_stairs		蓝色羊毛楼梯
buildscape	block.buildscape.blue_wool_vertical_slab		蓝色羊毛竖直台阶
buildscape	block.buildscape.blue_wool_wall		蓝色羊毛墙
buildscape	block.buildscape.bolted_steel_pillar		螺栓钢柱
buildscape	block.buildscape.brick_vertical_slab		砖竖直台阶
buildscape	block.buildscape.brown_big_book		棕色大号书
buildscape	block.buildscape.brown_carpet_layers		棕色地毯层
buildscape	block.buildscape.brown_concrete_slab		棕色混凝土台阶
buildscape	block.buildscape.brown_concrete_stairs		棕色混凝土楼梯
buildscape	block.buildscape.brown_concrete_vertical_slab		棕色混凝土竖直台阶
buildscape	block.buildscape.brown_concrete_wall		棕色混凝土墙
buildscape	block.buildscape.brown_cushion		棕色坐垫
buildscape	block.buildscape.brown_decorated_pot		棕色饰纹陶罐
buildscape	block.buildscape.brown_dye_sack		棕色染料袋
buildscape	block.buildscape.brown_factory_mesh		棕色工厂网格
buildscape	block.buildscape.brown_factory_mesh_slab		棕色工厂网格台阶
buildscape	block.buildscape.brown_factory_mesh_stairs		棕色工厂网格楼梯
buildscape	block.buildscape.brown_factory_mesh_vertical_slab		棕色工厂网格竖直台阶
buildscape	block.buildscape.brown_factory_mesh_wall		棕色工厂网格墙
buildscape	block.buildscape.brown_festive_stocking		棕色圣诞长袜
buildscape	block.buildscape.brown_glazed_glass		棕色釉面玻璃
buildscape	block.buildscape.brown_glazed_glass_pane		棕色釉面玻璃板
buildscape	block.buildscape.brown_glazed_glass_slab		棕色釉面玻璃台阶
buildscape	block.buildscape.brown_glazed_glass_stairs		棕色釉面玻璃楼梯
buildscape	block.buildscape.brown_glazed_glass_vertical_slab		棕色釉面玻璃竖直台阶
buildscape	block.buildscape.brown_mosaic_glass		棕色马赛克玻璃
buildscape	block.buildscape.brown_mosaic_glass_pane		棕色马赛克玻璃板
buildscape	block.buildscape.brown_mosaic_glass_slab		棕色马赛克玻璃台阶
buildscape	block.buildscape.brown_mosaic_glass_stairs		棕色马赛克玻璃楼梯
buildscape	block.buildscape.brown_mosaic_glass_vertical_slab		棕色马赛克玻璃竖直台阶
buildscape	block.buildscape.brown_mushroom_shelves		棕色蘑菇架
buildscape	block.buildscape.brown_ornament		棕色装饰品
buildscape	block.buildscape.brown_redstone_lamp		棕色红石灯
buildscape	block.buildscape.brown_spool		棕色线轴
buildscape	block.buildscape.brown_stained_brick_tiles		棕色染色砖瓦
buildscape	block.buildscape.brown_stained_brick_tiles_slab		棕色染色砖瓦台阶
buildscape	block.buildscape.brown_stained_brick_tiles_stairs		棕色染色砖瓦楼梯
buildscape	block.buildscape.brown_stained_brick_tiles_vertical_slab		棕色染色砖瓦竖直台阶
buildscape	block.buildscape.brown_stained_brick_tiles_wall		棕色染色砖瓦墙
buildscape	block.buildscape.brown_stained_bricks		棕色染色砖
buildscape	block.buildscape.brown_stained_bricks_slab		棕色染色砖台阶
buildscape	block.buildscape.brown_stained_bricks_stairs		棕色染色砖楼梯
buildscape	block.buildscape.brown_stained_bricks_vertical_slab		棕色染色砖竖直台阶
buildscape	block.buildscape.brown_stained_bricks_wall		棕色染色砖墙
buildscape	block.buildscape.brown_stained_glass_slab		棕色染色玻璃台阶
buildscape	block.buildscape.brown_stained_glass_stairs		棕色染色玻璃楼梯
buildscape	block.buildscape.brown_stained_glass_vertical_slab		棕色染色玻璃竖直台阶
buildscape	block.buildscape.brown_star		棕色星星
buildscape	block.buildscape.brown_string_light		棕色串灯
buildscape	block.buildscape.brown_terracotta_slab		棕色陶瓦台阶
buildscape	block.buildscape.brown_terracotta_stairs		棕色陶瓦楼梯
buildscape	block.buildscape.brown_terracotta_vertical_slab		棕色陶瓦竖直台阶
buildscape	block.buildscape.brown_tiles		棕色瓦
buildscape	block.buildscape.brown_tiles_slab		棕色瓦台阶
buildscape	block.buildscape.brown_tiles_stairs		棕色瓦楼梯
buildscape	block.buildscape.brown_tiles_vertical_slab		棕色瓦竖直台阶
buildscape	block.buildscape.brown_tiles_wall		棕色瓦墙
buildscape	block.buildscape.brown_trapped_decorated_pot		棕色陷阱饰纹陶罐
buildscape	block.buildscape.brown_wallpaper		棕色墙纸
buildscape	block.buildscape.brown_wallpaper_flat		棕色墙纸平板
buildscape	block.buildscape.brown_wallpaper_slab		棕色墙纸台阶
buildscape	block.buildscape.brown_wallpaper_vertical_slab		棕色墙纸竖直台阶
buildscape	block.buildscape.brown_wool_slab		棕色羊毛台阶
buildscape	block.buildscape.brown_wool_stairs		棕色羊毛楼梯
buildscape	block.buildscape.brown_wool_vertical_slab		棕色羊毛竖直台阶
buildscape	block.buildscape.brown_wool_wall		棕色羊毛墙
buildscape	block.buildscape.calcite_slab		方解石台阶
buildscape	block.buildscape.calcite_stairs		方解石楼梯
buildscape	block.buildscape.calcite_vertical_slab		方解石竖直台阶
buildscape	block.buildscape.calcite_wall		方解石墙
buildscape	block.buildscape.cascade_block		瀑布块
buildscape	block.buildscape.cascade_block_no_mist		瀑布块（无雾气）
buildscape	block.buildscape.caution_black		黑色警示块
buildscape	block.buildscape.caution_black_slab		黑色警示台阶
buildscape	block.buildscape.caution_black_stairs		黑色警示楼梯
buildscape	block.buildscape.caution_black_vertical_slab		黑色警示竖直台阶
buildscape	block.buildscape.caution_blue		蓝色警示块
buildscape	block.buildscape.caution_blue_slab		蓝色警示台阶
buildscape	block.buildscape.caution_blue_stairs		蓝色警示楼梯
buildscape	block.buildscape.caution_blue_vertical_slab		蓝色警示竖直台阶
buildscape	block.buildscape.caution_candy		糖果警示块
buildscape	block.buildscape.caution_candy_slab		糖果警示台阶
buildscape	block.buildscape.caution_candy_stairs		糖果警示楼梯
buildscape	block.buildscape.caution_candy_vertical_slab		糖果警示竖直台阶
buildscape	block.buildscape.caution_citruscandy		柑橘糖果警示块
buildscape	block.buildscape.caution_citruscandy_slab		柑橘糖果警示台阶
buildscape	block.buildscape.caution_citruscandy_stairs		柑橘糖果警示楼梯
buildscape	block.buildscape.caution_citruscandy_vertical_slab		柑橘糖果警示竖直台阶
buildscape	block.buildscape.caution_cottoncandy		棉花糖果警示块
buildscape	block.buildscape.caution_cottoncandy_slab		棉花糖果警示台阶
buildscape	block.buildscape.caution_cottoncandy_stairs		棉花糖果警示楼梯
buildscape	block.buildscape.caution_cottoncandy_vertical_slab		棉花糖果警示竖直台阶
buildscape	block.buildscape.caution_factory		工厂警示块
buildscape	block.buildscape.caution_factory_slab		工厂警示台阶
buildscape	block.buildscape.caution_factory_stairs		工厂警示楼梯
buildscape	block.buildscape.caution_factory_vertical_slab		工厂警示竖直台阶
buildscape	block.buildscape.caution_lime		黄绿色警示块
buildscape	block.buildscape.caution_lime_slab		黄绿色警示台阶
buildscape	block.buildscape.caution_lime_stairs		黄绿色警示楼梯
buildscape	block.buildscape.caution_lime_vertical_slab		黄绿色警示竖直台阶
buildscape	block.buildscape.caution_mintcandy		薄荷糖果警示块
buildscape	block.buildscape.caution_mintcandy_slab		薄荷糖果警示台阶
buildscape	block.buildscape.caution_mintcandy_stairs		薄荷糖果警示楼梯
buildscape	block.buildscape.caution_mintcandy_vertical_slab		薄荷糖果警示竖直台阶
buildscape	block.buildscape.caution_pink		粉红色警示块
buildscape	block.buildscape.caution_pink_slab		粉红色警示台阶
buildscape	block.buildscape.caution_pink_stairs		粉红色警示楼梯
buildscape	block.buildscape.caution_pink_vertical_slab		粉红色警示竖直台阶
buildscape	block.buildscape.caution_red		红色警示块
buildscape	block.buildscape.caution_red_slab		红色警示台阶
buildscape	block.buildscape.caution_red_stairs		红色警示楼梯
buildscape	block.buildscape.caution_red_vertical_slab		红色警示竖直台阶
buildscape	block.buildscape.caution_white		白色警示块
buildscape	block.buildscape.caution_white_slab		白色警示台阶
buildscape	block.buildscape.caution_white_stairs		白色警示楼梯
buildscape	block.buildscape.caution_white_vertical_slab		白色警示竖直台阶
buildscape	block.buildscape.caution_yellow		黄色警示块
buildscape	block.buildscape.caution_yellow_slab		黄色警示台阶
buildscape	block.buildscape.caution_yellow_stairs		黄色警示楼梯
buildscape	block.buildscape.caution_yellow_vertical_slab		黄色警示竖直台阶
buildscape	block.buildscape.chiseled_cinnabar		錾制朱砂矿
buildscape	block.buildscape.chiseled_sulfur		錾制硫
buildscape	block.buildscape.chiseled_tuff		錾制凝灰岩
buildscape	block.buildscape.chiseled_tuff_bricks		錾制凝灰岩砖
buildscape	block.buildscape.cinnabar		朱砂矿块
buildscape	block.buildscape.cinnabar_bricks		朱砂矿砖
buildscape	block.buildscape.cinnabar_bricks_slab		朱砂矿砖台阶
buildscape	block.buildscape.cinnabar_bricks_stairs		朱砂矿砖楼梯
buildscape	block.buildscape.cinnabar_bricks_vertical_slab		朱砂矿砖竖直台阶
buildscape	block.buildscape.cinnabar_bricks_wall		朱砂矿砖墙
buildscape	block.buildscape.cinnabar_slab		朱砂矿台阶
buildscape	block.buildscape.cinnabar_stairs		朱砂矿楼梯
buildscape	block.buildscape.cinnabar_vertical_slab		朱砂矿竖直台阶
buildscape	block.buildscape.cinnabar_wall		朱砂矿墙
buildscape	block.buildscape.clover		三叶草
buildscape	block.buildscape.cobbled_deepslate_vertical_slab		深板岩圆石竖直台阶
buildscape	block.buildscape.cobblestone_vertical_slab		圆石竖直台阶
buildscape	block.buildscape.copper_chain		铜锁链
buildscape	block.buildscape.crimson_hyphae_slab		绯红菌核台阶
buildscape	block.buildscape.crimson_hyphae_stairs		绯红菌核楼梯
buildscape	block.buildscape.crimson_hyphae_vertical_slab		绯红菌核竖直台阶
buildscape	block.buildscape.crimson_stem_slab		绯红菌柄台阶
buildscape	block.buildscape.crimson_stem_stairs		绯红菌柄楼梯
buildscape	block.buildscape.crimson_stem_vertical_slab		绯红菌柄竖直台阶
buildscape	block.buildscape.crimson_vertical_slab		绯红木竖直台阶
buildscape	block.buildscape.crying_obsidian_slab		哭泣的黑曜石台阶
buildscape	block.buildscape.crying_obsidian_stairs		哭泣的黑曜石楼梯
buildscape	block.buildscape.crying_obsidian_vertical_slab		哭泣的黑曜石竖直台阶
buildscape	block.buildscape.cut_copper_vertical_slab		切制铜竖直台阶
buildscape	block.buildscape.cut_red_sandstone_stairs		切制红砂岩楼梯
buildscape	block.buildscape.cut_red_sandstone_vertical_slab		切制红砂岩竖直台阶
buildscape	block.buildscape.cut_sandstone_stairs		切制砂岩楼梯
buildscape	block.buildscape.cut_sandstone_vertical_slab		切制砂岩竖直台阶
buildscape	block.buildscape.cut_steel		切制钢
buildscape	block.buildscape.cut_steel_slab		切制钢台阶
buildscape	block.buildscape.cut_steel_stairs		切制钢楼梯
buildscape	block.buildscape.cut_steel_vertical_slab		切制钢竖直台阶
buildscape	block.buildscape.cut_steel_wall		切制钢墙
buildscape	block.buildscape.cyan_big_book		青色大号书
buildscape	block.buildscape.cyan_carpet_layers		青色地毯层
buildscape	block.buildscape.cyan_concrete_slab		青色混凝土台阶
buildscape	block.buildscape.cyan_concrete_stairs		青色混凝土楼梯
buildscape	block.buildscape.cyan_concrete_vertical_slab		青色混凝土竖直台阶
buildscape	block.buildscape.cyan_concrete_wall		青色混凝土墙
buildscape	block.buildscape.cyan_cushion		青色坐垫
buildscape	block.buildscape.cyan_decorated_pot		青色饰纹陶罐
buildscape	block.buildscape.cyan_dye_sack		青色染料袋
buildscape	block.buildscape.cyan_festive_stocking		青色圣诞长袜
buildscape	block.buildscape.cyan_glazed_glass		青色釉面玻璃
buildscape	block.buildscape.cyan_glazed_glass_pane		青色釉面玻璃板
buildscape	block.buildscape.cyan_glazed_glass_slab		青色釉面玻璃台阶
buildscape	block.buildscape.cyan_glazed_glass_stairs		青色釉面玻璃楼梯
buildscape	block.buildscape.cyan_glazed_glass_vertical_slab		青色釉面玻璃竖直台阶
buildscape	block.buildscape.cyan_mosaic_glass		青色马赛克玻璃
buildscape	block.buildscape.cyan_mosaic_glass_pane		青色马赛克玻璃板
buildscape	block.buildscape.cyan_mosaic_glass_slab		青色马赛克玻璃台阶
buildscape	block.buildscape.cyan_mosaic_glass_stairs		青色马赛克玻璃楼梯
buildscape	block.buildscape.cyan_mosaic_glass_vertical_slab		青色马赛克玻璃竖直台阶
buildscape	block.buildscape.cyan_ornament		青色装饰品
buildscape	block.buildscape.cyan_redstone_lamp		青色红石灯
buildscape	block.buildscape.cyan_spool		青色线轴
buildscape	block.buildscape.cyan_spore_blossom		青色孢子花
buildscape	block.buildscape.cyan_stained_brick_tiles		青色染色砖瓦
buildscape	block.buildscape.cyan_stained_brick_tiles_slab		青色染色砖瓦台阶
buildscape	block.buildscape.cyan_stained_brick_tiles_stairs		青色染色砖瓦楼梯
buildscape	block.buildscape.cyan_stained_brick_tiles_vertical_slab		青色染色砖瓦竖直台阶
buildscape	block.buildscape.cyan_stained_brick_tiles_wall		青色染色砖瓦墙
buildscape	block.buildscape.cyan_stained_bricks		青色染色砖
buildscape	block.buildscape.cyan_stained_bricks_slab		青色染色砖台阶
buildscape	block.buildscape.cyan_stained_bricks_stairs		青色染色砖楼梯
buildscape	block.buildscape.cyan_stained_bricks_vertical_slab		青色染色砖竖直台阶
buildscape	block.buildscape.cyan_stained_bricks_wall		青色染色砖墙
buildscape	block.buildscape.cyan_stained_glass_slab		青色染色玻璃台阶
buildscape	block.buildscape.cyan_stained_glass_stairs		青色染色玻璃楼梯
buildscape	block.buildscape.cyan_stained_glass_vertical_slab		青色染色玻璃竖直台阶
buildscape	block.buildscape.cyan_star		青色星星
buildscape	block.buildscape.cyan_string_light		青色串灯
buildscape	block.buildscape.cyan_terracotta_slab		青色陶瓦台阶
buildscape	block.buildscape.cyan_terracotta_stairs		青色陶瓦楼梯
buildscape	block.buildscape.cyan_terracotta_vertical_slab		青色陶瓦竖直台阶
buildscape	block.buildscape.cyan_tiles		青色瓦
buildscape	block.buildscape.cyan_tiles_slab		青色瓦台阶
buildscape	block.buildscape.cyan_tiles_stairs		青色瓦楼梯
buildscape	block.buildscape.cyan_tiles_vertical_slab		青色瓦竖直台阶
buildscape	block.buildscape.cyan_tiles_wall		青色瓦墙
buildscape	block.buildscape.cyan_trapped_decorated_pot		青色陷阱饰纹陶罐
buildscape	block.buildscape.cyan_wallpaper		青色墙纸
buildscape	block.buildscape.cyan_wallpaper_flat		青色墙纸平板
buildscape	block.buildscape.cyan_wallpaper_slab		青色墙纸台阶
buildscape	block.buildscape.cyan_wallpaper_vertical_slab		青色墙纸竖直台阶
buildscape	block.buildscape.cyan_wool_slab		青色羊毛台阶
buildscape	block.buildscape.cyan_wool_stairs		青色羊毛楼梯
buildscape	block.buildscape.cyan_wool_vertical_slab		青色羊毛竖直台阶
buildscape	block.buildscape.cyan_wool_wall		青色羊毛墙
buildscape	block.buildscape.dark_oak_leaf_hedge		深色橡木树叶篱笆
buildscape	block.buildscape.dark_oak_leaf_layers		深色橡树树叶层
buildscape	block.buildscape.dark_oak_log_slab		深色橡木原木台阶
buildscape	block.buildscape.dark_oak_log_stairs		深色橡木原木楼梯
buildscape	block.buildscape.dark_oak_log_vertical_slab		深色橡木原木竖直台阶
buildscape	block.buildscape.dark_oak_vertical_slab		深色橡木竖直台阶
buildscape	block.buildscape.dark_oak_wood_slab		深色橡木台阶
buildscape	block.buildscape.dark_oak_wood_stairs		深色橡木楼梯
buildscape	block.buildscape.dark_oak_wood_vertical_slab		深色橡木竖直台阶
buildscape	block.buildscape.dark_oak_wood_wall		深色橡木墙
buildscape	block.buildscape.dark_prismarine_vertical_slab		暗海晶石竖直台阶
buildscape	block.buildscape.dark_prismarine_wall		暗海晶石墙
buildscape	block.buildscape.decorated_pot		饰纹陶罐
buildscape	block.buildscape.deepslate_brick_vertical_slab		深板岩砖竖直台阶
buildscape	block.buildscape.deepslate_pillar		深板岩柱
buildscape	block.buildscape.deepslate_tile_vertical_slab		深板岩瓦竖直台阶
buildscape	block.buildscape.diamond_chain		钻石锁链
buildscape	block.buildscape.diorite_vertical_slab		闪长岩竖直台阶
buildscape	block.buildscape.dirt_slab		泥土台阶
buildscape	block.buildscape.dirt_stairs		泥土楼梯
buildscape	block.buildscape.dirt_vertical_slab		泥土竖直台阶
buildscape	block.buildscape.dripstone_block_slab		滴水石块台阶
buildscape	block.buildscape.dripstone_block_stairs		滴水石块楼梯
buildscape	block.buildscape.dripstone_block_vertical_slab		滴水石块竖直台阶
buildscape	block.buildscape.dripstone_block_wall		滴水石块墙
buildscape	block.buildscape.emerald_chain		绿宝石锁链
buildscape	block.buildscape.end_stone_brick_vertical_slab		末地石砖竖直台阶
buildscape	block.buildscape.end_stone_slab		末地石台阶
buildscape	block.buildscape.end_stone_stairs		末地石楼梯
buildscape	block.buildscape.end_stone_vertical_slab		末地石竖直台阶
buildscape	block.buildscape.end_stone_wall		末地石墙
buildscape	block.buildscape.exposed_copper_chain		斑驳的铜锁链
buildscape	block.buildscape.exposed_cut_copper_vertical_slab		斑驳的切制铜竖直台阶
buildscape	block.buildscape.factory_black_glass		工厂黑色玻璃
buildscape	block.buildscape.factory_black_glass_pane		工厂黑色玻璃板
buildscape	block.buildscape.factory_black_glass_slab		工厂黑色玻璃台阶
buildscape	block.buildscape.factory_black_glass_stairs		工厂黑色玻璃楼梯
buildscape	block.buildscape.factory_black_glass_vertical_slab		工厂黑色玻璃竖直台阶
buildscape	block.buildscape.factory_blue_glass		工厂蓝色玻璃
buildscape	block.buildscape.factory_blue_glass_pane		工厂蓝色玻璃板
buildscape	block.buildscape.factory_blue_glass_slab		工厂蓝色玻璃台阶
buildscape	block.buildscape.factory_blue_glass_stairs		工厂蓝色玻璃楼梯
buildscape	block.buildscape.factory_blue_glass_vertical_slab		工厂蓝色玻璃竖直台阶
buildscape	block.buildscape.factory_brown_glass		工厂棕色玻璃
buildscape	block.buildscape.factory_brown_glass_pane		工厂棕色玻璃板
buildscape	block.buildscape.factory_brown_glass_slab		工厂棕色玻璃台阶
buildscape	block.buildscape.factory_brown_glass_stairs		工厂棕色玻璃楼梯
buildscape	block.buildscape.factory_brown_glass_vertical_slab		工厂棕色玻璃竖直台阶
buildscape	block.buildscape.factory_cyan_glass		工厂青色玻璃
buildscape	block.buildscape.factory_cyan_glass_pane		工厂青色玻璃板
buildscape	block.buildscape.factory_cyan_glass_slab		工厂青色玻璃台阶
buildscape	block.buildscape.factory_cyan_glass_stairs		工厂青色玻璃楼梯
buildscape	block.buildscape.factory_cyan_glass_vertical_slab		工厂青色玻璃竖直台阶
buildscape	block.buildscape.factory_gray_glass		工厂灰色玻璃
buildscape	block.buildscape.factory_gray_glass_pane		工厂灰色玻璃板
buildscape	block.buildscape.factory_gray_glass_slab		工厂灰色玻璃台阶
buildscape	block.buildscape.factory_gray_glass_stairs		工厂灰色玻璃楼梯
buildscape	block.buildscape.factory_gray_glass_vertical_slab		工厂灰色玻璃竖直台阶
buildscape	block.buildscape.factory_green_glass		工厂绿色玻璃
buildscape	block.buildscape.factory_green_glass_pane		工厂绿色玻璃板
buildscape	block.buildscape.factory_green_glass_slab		工厂绿色玻璃台阶
buildscape	block.buildscape.factory_green_glass_stairs		工厂绿色玻璃楼梯
buildscape	block.buildscape.factory_green_glass_vertical_slab		工厂绿色玻璃竖直台阶
buildscape	block.buildscape.factory_light_blue_glass		工厂淡蓝色玻璃
buildscape	block.buildscape.factory_light_blue_glass_pane		工厂淡蓝色玻璃板
buildscape	block.buildscape.factory_light_blue_glass_slab		工厂淡蓝色玻璃台阶
buildscape	block.buildscape.factory_light_blue_glass_stairs		工厂淡蓝色玻璃楼梯
buildscape	block.buildscape.factory_light_blue_glass_vertical_slab		工厂淡蓝色玻璃竖直台阶
buildscape	block.buildscape.factory_light_gray_glass		工厂淡灰色玻璃
buildscape	block.buildscape.factory_light_gray_glass_pane		工厂淡灰色玻璃板
buildscape	block.buildscape.factory_light_gray_glass_slab		工厂淡灰色玻璃台阶
buildscape	block.buildscape.factory_light_gray_glass_stairs		工厂淡灰色玻璃楼梯
buildscape	block.buildscape.factory_light_gray_glass_vertical_slab		工厂淡灰色玻璃竖直台阶
buildscape	block.buildscape.factory_lime_glass		工厂黄绿色玻璃
buildscape	block.buildscape.factory_lime_glass_pane		工厂黄绿色玻璃板
buildscape	block.buildscape.factory_lime_glass_slab		工厂黄绿色玻璃台阶
buildscape	block.buildscape.factory_lime_glass_stairs		工厂黄绿色玻璃楼梯
buildscape	block.buildscape.factory_lime_glass_vertical_slab		工厂黄绿色玻璃竖直台阶
buildscape	block.buildscape.factory_magenta_glass		工厂品红色玻璃
buildscape	block.buildscape.factory_magenta_glass_pane		工厂品红色玻璃板
buildscape	block.buildscape.factory_magenta_glass_slab		工厂品红色玻璃台阶
buildscape	block.buildscape.factory_magenta_glass_stairs		工厂品红色玻璃楼梯
buildscape	block.buildscape.factory_magenta_glass_vertical_slab		工厂品红色玻璃竖直台阶
buildscape	block.buildscape.factory_orange_glass		工厂橙色玻璃
buildscape	block.buildscape.factory_orange_glass_pane		工厂橙色玻璃板
buildscape	block.buildscape.factory_orange_glass_slab		工厂橙色玻璃台阶
buildscape	block.buildscape.factory_orange_glass_stairs		工厂橙色玻璃楼梯
buildscape	block.buildscape.factory_orange_glass_vertical_slab		工厂橙色玻璃竖直台阶
buildscape	block.buildscape.factory_pink_glass		工厂粉红色玻璃
buildscape	block.buildscape.factory_pink_glass_pane		工厂粉红色玻璃板
buildscape	block.buildscape.factory_pink_glass_slab		工厂粉红色玻璃台阶
buildscape	block.buildscape.factory_pink_glass_stairs		工厂粉红色玻璃楼梯
buildscape	block.buildscape.factory_pink_glass_vertical_slab		工厂粉红色玻璃竖直台阶
buildscape	block.buildscape.factory_purple_glass		工厂紫色玻璃
buildscape	block.buildscape.factory_purple_glass_pane		工厂紫色玻璃板
buildscape	block.buildscape.factory_purple_glass_slab		工厂紫色玻璃台阶
buildscape	block.buildscape.factory_purple_glass_stairs		工厂紫色玻璃楼梯
buildscape	block.buildscape.factory_purple_glass_vertical_slab		工厂紫色玻璃竖直台阶
buildscape	block.buildscape.factory_red_glass		工厂红色玻璃
buildscape	block.buildscape.factory_red_glass_pane		工厂红色玻璃板
buildscape	block.buildscape.factory_red_glass_slab		工厂红色玻璃台阶
buildscape	block.buildscape.factory_red_glass_stairs		工厂红色玻璃楼梯
buildscape	block.buildscape.factory_red_glass_vertical_slab		工厂红色玻璃竖直台阶
buildscape	block.buildscape.factory_steel_panel		工厂钢板
buildscape	block.buildscape.factory_white_glass		工厂白色玻璃
buildscape	block.buildscape.factory_white_glass_pane		工厂白色玻璃板
buildscape	block.buildscape.factory_white_glass_slab		工厂白色玻璃台阶
buildscape	block.buildscape.factory_white_glass_stairs		工厂白色玻璃楼梯
buildscape	block.buildscape.factory_white_glass_vertical_slab		工厂白色玻璃竖直台阶
buildscape	block.buildscape.factory_yellow_glass		工厂黄色玻璃
buildscape	block.buildscape.factory_yellow_glass_pane		工厂黄色玻璃板
buildscape	block.buildscape.factory_yellow_glass_slab		工厂黄色玻璃台阶
buildscape	block.buildscape.factory_yellow_glass_stairs		工厂黄色玻璃楼梯
buildscape	block.buildscape.factory_yellow_glass_vertical_slab		工厂黄色玻璃竖直台阶
buildscape	block.buildscape.festive_lamp		圣诞灯
buildscape	block.buildscape.festive_stocking		圣诞长袜
buildscape	block.buildscape.flowering_azalea_leaf_hedge		盛开的杜鹃花丛树叶篱笆
buildscape	block.buildscape.flowering_azalea_leaf_layers		盛开的杜鹃树叶层
buildscape	block.buildscape.framed_caution		镶框警示块
buildscape	block.buildscape.framed_caution_slab		镶框警示台阶
buildscape	block.buildscape.framed_caution_stairs		镶框警示楼梯
buildscape	block.buildscape.framed_caution_vertical_slab		镶框警示竖直台阶
buildscape	block.buildscape.frost_rose		冰霜玫瑰
buildscape	block.buildscape.glass_ornament		玻璃装饰品
buildscape	block.buildscape.glass_slab		玻璃台阶
buildscape	block.buildscape.glass_stairs		玻璃楼梯
buildscape	block.buildscape.glass_vertical_slab		玻璃竖直台阶
buildscape	block.buildscape.glow_ink_sack		荧光墨囊
buildscape	block.buildscape.glow_lights		荧光灯
buildscape	block.buildscape.glow_star		荧光星星
buildscape	block.buildscape.glowing_big_book		发光大号书
buildscape	block.buildscape.glowing_spool		发光线轴
buildscape	block.buildscape.gold_chain		金锁链
buildscape	block.buildscape.granite_vertical_slab		花岗岩竖直台阶
buildscape	block.buildscape.gray_big_book		灰色大号书
buildscape	block.buildscape.gray_carpet_layers		灰色地毯层
buildscape	block.buildscape.gray_concrete_slab		灰色混凝土台阶
buildscape	block.buildscape.gray_concrete_stairs		灰色混凝土楼梯
buildscape	block.buildscape.gray_concrete_vertical_slab		灰色混凝土竖直台阶
buildscape	block.buildscape.gray_concrete_wall		灰色混凝土墙
buildscape	block.buildscape.gray_cushion		灰色坐垫
buildscape	block.buildscape.gray_decorated_pot		灰色饰纹陶罐
buildscape	block.buildscape.gray_dye_sack		灰色染料袋
buildscape	block.buildscape.gray_factory_mesh		灰色工厂网格
buildscape	block.buildscape.gray_factory_mesh_slab		灰色工厂网格台阶
buildscape	block.buildscape.gray_factory_mesh_stairs		灰色工厂网格楼梯
buildscape	block.buildscape.gray_factory_mesh_vertical_slab		灰色工厂网格竖直台阶
buildscape	block.buildscape.gray_factory_mesh_wall		灰色工厂网格墙
buildscape	block.buildscape.gray_festive_stocking		灰色圣诞长袜
buildscape	block.buildscape.gray_glazed_glass		灰色釉面玻璃
buildscape	block.buildscape.gray_glazed_glass_pane		灰色釉面玻璃板
buildscape	block.buildscape.gray_glazed_glass_slab		灰色釉面玻璃台阶
buildscape	block.buildscape.gray_glazed_glass_stairs		灰色釉面玻璃楼梯
buildscape	block.buildscape.gray_glazed_glass_vertical_slab		灰色釉面玻璃竖直台阶
buildscape	block.buildscape.gray_mosaic_glass		灰色马赛克玻璃
buildscape	block.buildscape.gray_mosaic_glass_pane		灰色马赛克玻璃板
buildscape	block.buildscape.gray_mosaic_glass_slab		灰色马赛克玻璃台阶
buildscape	block.buildscape.gray_mosaic_glass_stairs		灰色马赛克玻璃楼梯
buildscape	block.buildscape.gray_mosaic_glass_vertical_slab		灰色马赛克玻璃竖直台阶
buildscape	block.buildscape.gray_ornament		灰色装饰品
buildscape	block.buildscape.gray_redstone_lamp		灰色红石灯
buildscape	block.buildscape.gray_spool		灰色线轴
buildscape	block.buildscape.gray_stained_brick_tiles		灰色染色砖瓦
buildscape	block.buildscape.gray_stained_brick_tiles_slab		灰色染色砖瓦台阶
buildscape	block.buildscape.gray_stained_brick_tiles_stairs		灰色染色砖瓦楼梯
buildscape	block.buildscape.gray_stained_brick_tiles_vertical_slab		灰色染色砖瓦竖直台阶
buildscape	block.buildscape.gray_stained_brick_tiles_wall		灰色染色砖瓦墙
buildscape	block.buildscape.gray_stained_bricks		灰色染色砖
buildscape	block.buildscape.gray_stained_bricks_slab		灰色染色砖台阶
buildscape	block.buildscape.gray_stained_bricks_stairs		灰色染色砖楼梯
buildscape	block.buildscape.gray_stained_bricks_vertical_slab		灰色染色砖竖直台阶
buildscape	block.buildscape.gray_stained_bricks_wall		灰色染色砖墙
buildscape	block.buildscape.gray_stained_glass_slab		灰色染色玻璃台阶
buildscape	block.buildscape.gray_stained_glass_stairs		灰色染色玻璃楼梯
buildscape	block.buildscape.gray_stained_glass_vertical_slab		灰色染色玻璃竖直台阶
buildscape	block.buildscape.gray_star		灰色星星
buildscape	block.buildscape.gray_string_light		灰色串灯
buildscape	block.buildscape.gray_terracotta_slab		灰色陶瓦台阶
buildscape	block.buildscape.gray_terracotta_stairs		灰色陶瓦楼梯
buildscape	block.buildscape.gray_terracotta_vertical_slab		灰色陶瓦竖直台阶
buildscape	block.buildscape.gray_tiles		灰色瓦
buildscape	block.buildscape.gray_tiles_slab		灰色瓦台阶
buildscape	block.buildscape.gray_tiles_stairs		灰色瓦楼梯
buildscape	block.buildscape.gray_tiles_vertical_slab		灰色瓦竖直台阶
buildscape	block.buildscape.gray_tiles_wall		灰色瓦墙
buildscape	block.buildscape.gray_trapped_decorated_pot		灰色陷阱饰纹陶罐
buildscape	block.buildscape.gray_wallpaper		灰色墙纸
buildscape	block.buildscape.gray_wallpaper_flat		灰色墙纸平板
buildscape	block.buildscape.gray_wallpaper_slab		灰色墙纸台阶
buildscape	block.buildscape.gray_wallpaper_vertical_slab		灰色墙纸竖直台阶
buildscape	block.buildscape.gray_wool_slab		灰色羊毛台阶
buildscape	block.buildscape.gray_wool_stairs		灰色羊毛楼梯
buildscape	block.buildscape.gray_wool_vertical_slab		灰色羊毛竖直台阶
buildscape	block.buildscape.gray_wool_wall		灰色羊毛墙
buildscape	block.buildscape.green_big_book		绿色大号书
buildscape	block.buildscape.green_carpet_layers		绿色地毯层
buildscape	block.buildscape.green_concrete_slab		绿色混凝土台阶
buildscape	block.buildscape.green_concrete_stairs		绿色混凝土楼梯
buildscape	block.buildscape.green_concrete_vertical_slab		绿色混凝土竖直台阶
buildscape	block.buildscape.green_concrete_wall		绿色混凝土墙
buildscape	block.buildscape.green_cushion		绿色坐垫
buildscape	block.buildscape.green_decorated_pot		绿色饰纹陶罐
buildscape	block.buildscape.green_dye_sack		绿色染料袋
buildscape	block.buildscape.green_factory_mesh		绿色工厂网格
buildscape	block.buildscape.green_factory_mesh_slab		绿色工厂网格台阶
buildscape	block.buildscape.green_factory_mesh_stairs		绿色工厂网格楼梯
buildscape	block.buildscape.green_factory_mesh_vertical_slab		绿色工厂网格竖直台阶
buildscape	block.buildscape.green_factory_mesh_wall		绿色工厂网格墙
buildscape	block.buildscape.green_festive_stocking		绿色圣诞长袜
buildscape	block.buildscape.green_glazed_glass		绿色釉面玻璃
buildscape	block.buildscape.green_glazed_glass_pane		绿色釉面玻璃板
buildscape	block.buildscape.green_glazed_glass_slab		绿色釉面玻璃台阶
buildscape	block.buildscape.green_glazed_glass_stairs		绿色釉面玻璃楼梯
buildscape	block.buildscape.green_glazed_glass_vertical_slab		绿色釉面玻璃竖直台阶
buildscape	block.buildscape.green_mosaic_glass		绿色马赛克玻璃
buildscape	block.buildscape.green_mosaic_glass_pane		绿色马赛克玻璃板
buildscape	block.buildscape.green_mosaic_glass_slab		绿色马赛克玻璃台阶
buildscape	block.buildscape.green_mosaic_glass_stairs		绿色马赛克玻璃楼梯
buildscape	block.buildscape.green_mosaic_glass_vertical_slab		绿色马赛克玻璃竖直台阶
buildscape	block.buildscape.green_ornament		绿色装饰品
buildscape	block.buildscape.green_redstone_lamp		绿色红石灯
buildscape	block.buildscape.green_sand		绿色沙子
buildscape	block.buildscape.green_sandstone		绿色砂岩
buildscape	block.buildscape.green_sandstone_slab		绿色砂岩台阶
buildscape	block.buildscape.green_sandstone_stairs		绿色砂岩楼梯
buildscape	block.buildscape.green_sandstone_vertical_slab		绿色砂岩竖直台阶
buildscape	block.buildscape.green_sandstone_wall		绿色砂岩墙
buildscape	block.buildscape.green_smooth_sandstone		绿色平滑砂岩
buildscape	block.buildscape.green_smooth_sandstone_slab		绿色平滑砂岩台阶
buildscape	block.buildscape.green_smooth_sandstone_stairs		绿色平滑砂岩楼梯
buildscape	block.buildscape.green_smooth_sandstone_vertical_slab		绿色平滑砂岩竖直台阶
buildscape	block.buildscape.green_smooth_sandstone_wall		绿色平滑砂岩墙
buildscape	block.buildscape.green_spool		绿色线轴
buildscape	block.buildscape.green_stained_brick_tiles		绿色染色砖瓦
buildscape	block.buildscape.green_stained_brick_tiles_slab		绿色染色砖瓦台阶
buildscape	block.buildscape.green_stained_brick_tiles_stairs		绿色染色砖瓦楼梯
buildscape	block.buildscape.green_stained_brick_tiles_vertical_slab		绿色染色砖瓦竖直台阶
buildscape	block.buildscape.green_stained_brick_tiles_wall		绿色染色砖瓦墙
buildscape	block.buildscape.green_stained_bricks		绿色染色砖
buildscape	block.buildscape.green_stained_bricks_slab		绿色染色砖台阶
buildscape	block.buildscape.green_stained_bricks_stairs		绿色染色砖楼梯
buildscape	block.buildscape.green_stained_bricks_vertical_slab		绿色染色砖竖直台阶
buildscape	block.buildscape.green_stained_bricks_wall		绿色染色砖墙
buildscape	block.buildscape.green_stained_glass_slab		绿色染色玻璃台阶
buildscape	block.buildscape.green_stained_glass_stairs		绿色染色玻璃楼梯
buildscape	block.buildscape.green_stained_glass_vertical_slab		绿色染色玻璃竖直台阶
buildscape	block.buildscape.green_star		绿色星星
buildscape	block.buildscape.green_string_light		绿色串灯
buildscape	block.buildscape.green_terracotta_slab		绿色陶瓦台阶
buildscape	block.buildscape.green_terracotta_stairs		绿色陶瓦楼梯
buildscape	block.buildscape.green_terracotta_vertical_slab		绿色陶瓦竖直台阶
buildscape	block.buildscape.green_tiles		绿色瓦
buildscape	block.buildscape.green_tiles_slab		绿色瓦台阶
buildscape	block.buildscape.green_tiles_stairs		绿色瓦楼梯
buildscape	block.buildscape.green_tiles_vertical_slab		绿色瓦竖直台阶
buildscape	block.buildscape.green_tiles_wall		绿色瓦墙
buildscape	block.buildscape.green_trapped_decorated_pot		绿色陷阱饰纹陶罐
buildscape	block.buildscape.green_wallpaper		绿色墙纸
buildscape	block.buildscape.green_wallpaper_flat		绿色墙纸平板
buildscape	block.buildscape.green_wallpaper_slab		绿色墙纸台阶
buildscape	block.buildscape.green_wallpaper_vertical_slab		绿色墙纸竖直台阶
buildscape	block.buildscape.green_wool_slab		绿色羊毛台阶
buildscape	block.buildscape.green_wool_stairs		绿色羊毛楼梯
buildscape	block.buildscape.green_wool_vertical_slab		绿色羊毛竖直台阶
buildscape	block.buildscape.green_wool_wall		绿色羊毛墙
buildscape	block.buildscape.hay_bale_slab		干草块台阶
buildscape	block.buildscape.hay_bale_stairs		干草块楼梯
buildscape	block.buildscape.hay_bale_vertical_slab		干草块竖直台阶
buildscape	block.buildscape.icicle		冰锥
buildscape	block.buildscape.icicle_block		冰锥块
buildscape	block.buildscape.icicle_cauldron		冰锥炼药锅
buildscape	block.buildscape.jungle_leaf_hedge		丛林树叶篱笆
buildscape	block.buildscape.jungle_leaf_layers		丛林树叶层
buildscape	block.buildscape.jungle_log_slab		丛林原木台阶
buildscape	block.buildscape.jungle_log_stairs		丛林原木楼梯
buildscape	block.buildscape.jungle_log_vertical_slab		丛林原木竖直台阶
buildscape	block.buildscape.jungle_vertical_slab		丛林木竖直台阶
buildscape	block.buildscape.jungle_wood_slab		丛林木台阶
buildscape	block.buildscape.jungle_wood_stairs		丛林木楼梯
buildscape	block.buildscape.jungle_wood_vertical_slab		丛林木竖直台阶
buildscape	block.buildscape.jungle_wood_wall		丛林木墙
buildscape	block.buildscape.large_ancient_steel_chain		大远古钢锁链
buildscape	block.buildscape.large_diamond_chain		大钻石锁链
buildscape	block.buildscape.large_emerald_chain		大绿宝石锁链
buildscape	block.buildscape.large_gold_chain		大金锁链
buildscape	block.buildscape.large_iron_chain		大铁锁链
buildscape	block.buildscape.large_netherite_chain		大下界合金锁链
buildscape	block.buildscape.light_blue_big_book		淡蓝色大号书
buildscape	block.buildscape.light_blue_carpet_layers		淡蓝色地毯层
buildscape	block.buildscape.light_blue_concrete_slab		淡蓝色混凝土台阶
buildscape	block.buildscape.light_blue_concrete_stairs		淡蓝色混凝土楼梯
buildscape	block.buildscape.light_blue_concrete_vertical_slab		淡蓝色混凝土竖直台阶
buildscape	block.buildscape.light_blue_concrete_wall		淡蓝色混凝土墙
buildscape	block.buildscape.light_blue_cushion		淡蓝色坐垫
buildscape	block.buildscape.light_blue_decorated_pot		淡蓝色饰纹陶罐
buildscape	block.buildscape.light_blue_dye_sack		淡蓝色染料袋
buildscape	block.buildscape.light_blue_festive_stocking		淡蓝色圣诞长袜
buildscape	block.buildscape.light_blue_glazed_glass		淡蓝色釉面玻璃
buildscape	block.buildscape.light_blue_glazed_glass_pane		淡蓝色釉面玻璃板
buildscape	block.buildscape.light_blue_glazed_glass_slab		淡蓝色釉面玻璃台阶
buildscape	block.buildscape.light_blue_glazed_glass_stairs		淡蓝色釉面玻璃楼梯
buildscape	block.buildscape.light_blue_glazed_glass_vertical_slab		淡蓝色釉面玻璃竖直台阶
buildscape	block.buildscape.light_blue_monets		淡蓝色莫奈花
buildscape	block.buildscape.light_blue_mosaic_glass		淡蓝色马赛克玻璃
buildscape	block.buildscape.light_blue_mosaic_glass_pane		淡蓝色马赛克玻璃板
buildscape	block.buildscape.light_blue_mosaic_glass_slab		淡蓝色马赛克玻璃台阶
buildscape	block.buildscape.light_blue_mosaic_glass_stairs		淡蓝色马赛克玻璃楼梯
buildscape	block.buildscape.light_blue_mosaic_glass_vertical_slab		淡蓝色马赛克玻璃竖直台阶
buildscape	block.buildscape.light_blue_ornament		淡蓝色装饰品
buildscape	block.buildscape.light_blue_redstone_lamp		淡蓝色红石灯
buildscape	block.buildscape.light_blue_spool		淡蓝色线轴
buildscape	block.buildscape.light_blue_stained_brick_tiles		淡蓝色染色砖瓦
buildscape	block.buildscape.light_blue_stained_brick_tiles_slab		淡蓝色染色砖瓦台阶
buildscape	block.buildscape.light_blue_stained_brick_tiles_stairs		淡蓝色染色砖瓦楼梯
buildscape	block.buildscape.light_blue_stained_brick_tiles_vertical_slab		淡蓝色染色砖瓦竖直台阶
buildscape	block.buildscape.light_blue_stained_brick_tiles_wall		淡蓝色染色砖瓦墙
buildscape	block.buildscape.light_blue_stained_bricks		淡蓝色染色砖
buildscape	block.buildscape.light_blue_stained_bricks_slab		淡蓝色染色砖台阶
buildscape	block.buildscape.light_blue_stained_bricks_stairs		淡蓝色染色砖楼梯
buildscape	block.buildscape.light_blue_stained_bricks_vertical_slab		淡蓝色染色砖竖直台阶
buildscape	block.buildscape.light_blue_stained_bricks_wall		淡蓝色染色砖墙
buildscape	block.buildscape.light_blue_stained_glass_slab		淡蓝色染色玻璃台阶
buildscape	block.buildscape.light_blue_stained_glass_stairs		淡蓝色染色玻璃楼梯
buildscape	block.buildscape.light_blue_stained_glass_vertical_slab		淡蓝色染色玻璃竖直台阶
buildscape	block.buildscape.light_blue_star		淡蓝色星星
buildscape	block.buildscape.light_blue_string_light		淡蓝色串灯
buildscape	block.buildscape.light_blue_terracotta_slab		淡蓝色陶瓦台阶
buildscape	block.buildscape.light_blue_terracotta_stairs		淡蓝色陶瓦楼梯
buildscape	block.buildscape.light_blue_terracotta_vertical_slab		淡蓝色陶瓦竖直台阶
buildscape	block.buildscape.light_blue_tiles		淡蓝色瓦
buildscape	block.buildscape.light_blue_tiles_slab		淡蓝色瓦台阶
buildscape	block.buildscape.light_blue_tiles_stairs		淡蓝色瓦楼梯
buildscape	block.buildscape.light_blue_tiles_vertical_slab		淡蓝色瓦竖直台阶
buildscape	block.buildscape.light_blue_tiles_wall		淡蓝色瓦墙
buildscape	block.buildscape.light_blue_trapped_decorated_pot		淡蓝色陷阱饰纹陶罐
buildscape	block.buildscape.light_blue_wallpaper		淡蓝色墙纸
buildscape	block.buildscape.light_blue_wallpaper_flat		淡蓝色墙纸平板
buildscape	block.buildscape.light_blue_wallpaper_slab		淡蓝色墙纸台阶
buildscape	block.buildscape.light_blue_wallpaper_vertical_slab		淡蓝色墙纸竖直台阶
buildscape	block.buildscape.light_blue_wool_slab		淡蓝色羊毛台阶
buildscape	block.buildscape.light_blue_wool_stairs		淡蓝色羊毛楼梯
buildscape	block.buildscape.light_blue_wool_vertical_slab		淡蓝色羊毛竖直台阶
buildscape	block.buildscape.light_blue_wool_wall		淡蓝色羊毛墙
buildscape	block.buildscape.light_gray_big_book		淡灰色大号书
buildscape	block.buildscape.light_gray_carpet_layers		淡灰色地毯层
buildscape	block.buildscape.light_gray_concrete_slab		淡灰色混凝土台阶
buildscape	block.buildscape.light_gray_concrete_stairs		淡灰色混凝土楼梯
buildscape	block.buildscape.light_gray_concrete_vertical_slab		淡灰色混凝土竖直台阶
buildscape	block.buildscape.light_gray_concrete_wall		淡灰色混凝土墙
buildscape	block.buildscape.light_gray_cushion		淡灰色坐垫
buildscape	block.buildscape.light_gray_decorated_pot		淡灰色饰纹陶罐
buildscape	block.buildscape.light_gray_dye_sack		淡灰色染料袋
buildscape	block.buildscape.light_gray_factory_mesh		淡灰色工厂网格
buildscape	block.buildscape.light_gray_factory_mesh_slab		淡灰色工厂网格台阶
buildscape	block.buildscape.light_gray_factory_mesh_stairs		淡灰色工厂网格楼梯
buildscape	block.buildscape.light_gray_factory_mesh_vertical_slab		淡灰色工厂网格竖直台阶
buildscape	block.buildscape.light_gray_factory_mesh_wall		淡灰色工厂网格墙
buildscape	block.buildscape.light_gray_festive_stocking		淡灰色圣诞长袜
buildscape	block.buildscape.light_gray_glazed_glass		淡灰色釉面玻璃
buildscape	block.buildscape.light_gray_glazed_glass_pane		淡灰色釉面玻璃板
buildscape	block.buildscape.light_gray_glazed_glass_slab		淡灰色釉面玻璃台阶
buildscape	block.buildscape.light_gray_glazed_glass_stairs		淡灰色釉面玻璃楼梯
buildscape	block.buildscape.light_gray_glazed_glass_vertical_slab		淡灰色釉面玻璃竖直台阶
buildscape	block.buildscape.light_gray_mosaic_glass		淡灰色马赛克玻璃
buildscape	block.buildscape.light_gray_mosaic_glass_pane		淡灰色马赛克玻璃板
buildscape	block.buildscape.light_gray_mosaic_glass_slab		淡灰色马赛克玻璃台阶
buildscape	block.buildscape.light_gray_mosaic_glass_stairs		淡灰色马赛克玻璃楼梯
buildscape	block.buildscape.light_gray_mosaic_glass_vertical_slab		淡灰色马赛克玻璃竖直台阶
buildscape	block.buildscape.light_gray_ornament		淡灰色装饰品
buildscape	block.buildscape.light_gray_redstone_lamp		淡灰色红石灯
buildscape	block.buildscape.light_gray_spool		淡灰色线轴
buildscape	block.buildscape.light_gray_stained_brick_tiles		淡灰色染色砖瓦
buildscape	block.buildscape.light_gray_stained_brick_tiles_slab		淡灰色染色砖瓦台阶
buildscape	block.buildscape.light_gray_stained_brick_tiles_stairs		淡灰色染色砖瓦楼梯
buildscape	block.buildscape.light_gray_stained_brick_tiles_vertical_slab		淡灰色染色砖瓦竖直台阶
buildscape	block.buildscape.light_gray_stained_brick_tiles_wall		淡灰色染色砖瓦墙
buildscape	block.buildscape.light_gray_stained_bricks		淡灰色染色砖
buildscape	block.buildscape.light_gray_stained_bricks_slab		淡灰色染色砖台阶
buildscape	block.buildscape.light_gray_stained_bricks_stairs		淡灰色染色砖楼梯
buildscape	block.buildscape.light_gray_stained_bricks_vertical_slab		淡灰色染色砖竖直台阶
buildscape	block.buildscape.light_gray_stained_bricks_wall		淡灰色染色砖墙
buildscape	block.buildscape.light_gray_stained_glass_slab		淡灰色染色玻璃台阶
buildscape	block.buildscape.light_gray_stained_glass_stairs		淡灰色染色玻璃楼梯
buildscape	block.buildscape.light_gray_stained_glass_vertical_slab		淡灰色染色玻璃竖直台阶
buildscape	block.buildscape.light_gray_star		淡灰色星星
buildscape	block.buildscape.light_gray_string_light		淡灰色串灯
buildscape	block.buildscape.light_gray_terracotta_slab		淡灰色陶瓦台阶
buildscape	block.buildscape.light_gray_terracotta_stairs		淡灰色陶瓦楼梯
buildscape	block.buildscape.light_gray_terracotta_vertical_slab		淡灰色陶瓦竖直台阶
buildscape	block.buildscape.light_gray_tiles		淡灰色瓦
buildscape	block.buildscape.light_gray_tiles_slab		淡灰色瓦台阶
buildscape	block.buildscape.light_gray_tiles_stairs		淡灰色瓦楼梯
buildscape	block.buildscape.light_gray_tiles_vertical_slab		淡灰色瓦竖直台阶
buildscape	block.buildscape.light_gray_tiles_wall		淡灰色瓦墙
buildscape	block.buildscape.light_gray_trapped_decorated_pot		淡灰色陷阱饰纹陶罐
buildscape	block.buildscape.light_gray_wallpaper		淡灰色墙纸
buildscape	block.buildscape.light_gray_wallpaper_flat		淡灰色墙纸平板
buildscape	block.buildscape.light_gray_wallpaper_slab		淡灰色墙纸台阶
buildscape	block.buildscape.light_gray_wallpaper_vertical_slab		淡灰色墙纸竖直台阶
buildscape	block.buildscape.light_gray_wool_slab		淡灰色羊毛台阶
buildscape	block.buildscape.light_gray_wool_stairs		淡灰色羊毛楼梯
buildscape	block.buildscape.light_gray_wool_vertical_slab		淡灰色羊毛竖直台阶
buildscape	block.buildscape.light_gray_wool_wall		淡灰色羊毛墙
buildscape	block.buildscape.lime_big_book		黄绿色大号书
buildscape	block.buildscape.lime_carpet_layers		黄绿色地毯层
buildscape	block.buildscape.lime_concrete_slab		黄绿色混凝土台阶
buildscape	block.buildscape.lime_concrete_stairs		黄绿色混凝土楼梯
buildscape	block.buildscape.lime_concrete_vertical_slab		黄绿色混凝土竖直台阶
buildscape	block.buildscape.lime_concrete_wall		黄绿色混凝土墙
buildscape	block.buildscape.lime_cushion		黄绿色坐垫
buildscape	block.buildscape.lime_decorated_pot		黄绿色饰纹陶罐
buildscape	block.buildscape.lime_dye_sack		黄绿色染料袋
buildscape	block.buildscape.lime_factory_mesh		黄绿色工厂网格
buildscape	block.buildscape.lime_factory_mesh_slab		黄绿色工厂网格台阶
buildscape	block.buildscape.lime_factory_mesh_stairs		黄绿色工厂网格楼梯
buildscape	block.buildscape.lime_factory_mesh_vertical_slab		黄绿色工厂网格竖直台阶
buildscape	block.buildscape.lime_factory_mesh_wall		黄绿色工厂网格墙
buildscape	block.buildscape.lime_festive_stocking		黄绿色圣诞长袜
buildscape	block.buildscape.lime_glazed_glass		黄绿色釉面玻璃
buildscape	block.buildscape.lime_glazed_glass_pane		黄绿色釉面玻璃板
buildscape	block.buildscape.lime_glazed_glass_slab		黄绿色釉面玻璃台阶
buildscape	block.buildscape.lime_glazed_glass_stairs		黄绿色釉面玻璃楼梯
buildscape	block.buildscape.lime_glazed_glass_vertical_slab		黄绿色釉面玻璃竖直台阶
buildscape	block.buildscape.lime_mosaic_glass		黄绿色马赛克玻璃
buildscape	block.buildscape.lime_mosaic_glass_pane		黄绿色马赛克玻璃板
buildscape	block.buildscape.lime_mosaic_glass_slab		黄绿色马赛克玻璃台阶
buildscape	block.buildscape.lime_mosaic_glass_stairs		黄绿色马赛克玻璃楼梯
buildscape	block.buildscape.lime_mosaic_glass_vertical_slab		黄绿色马赛克玻璃竖直台阶
buildscape	block.buildscape.lime_ornament		黄绿色装饰品
buildscape	block.buildscape.lime_redstone_lamp		黄绿色红石灯
buildscape	block.buildscape.lime_spool		黄绿色线轴
buildscape	block.buildscape.lime_stained_brick_tiles		黄绿色染色砖瓦
buildscape	block.buildscape.lime_stained_brick_tiles_slab		黄绿色染色砖瓦台阶
buildscape	block.buildscape.lime_stained_brick_tiles_stairs		黄绿色染色砖瓦楼梯
buildscape	block.buildscape.lime_stained_brick_tiles_vertical_slab		黄绿色染色砖瓦竖直台阶
buildscape	block.buildscape.lime_stained_brick_tiles_wall		黄绿色染色砖瓦墙
buildscape	block.buildscape.lime_stained_bricks		黄绿色染色砖
buildscape	block.buildscape.lime_stained_bricks_slab		黄绿色染色砖台阶
buildscape	block.buildscape.lime_stained_bricks_stairs		黄绿色染色砖楼梯
buildscape	block.buildscape.lime_stained_bricks_vertical_slab		黄绿色染色砖竖直台阶
buildscape	block.buildscape.lime_stained_bricks_wall		黄绿色染色砖墙
buildscape	block.buildscape.lime_stained_glass_slab		黄绿色染色玻璃台阶
buildscape	block.buildscape.lime_stained_glass_stairs		黄绿色染色玻璃楼梯
buildscape	block.buildscape.lime_stained_glass_vertical_slab		黄绿色染色玻璃竖直台阶
buildscape	block.buildscape.lime_star		黄绿色星星
buildscape	block.buildscape.lime_string_light		黄绿色串灯
buildscape	block.buildscape.lime_terracotta_slab		黄绿色陶瓦台阶
buildscape	block.buildscape.lime_terracotta_stairs		黄绿色陶瓦楼梯
buildscape	block.buildscape.lime_terracotta_vertical_slab		黄绿色陶瓦竖直台阶
buildscape	block.buildscape.lime_tiles		黄绿色瓦
buildscape	block.buildscape.lime_tiles_slab		黄绿色瓦台阶
buildscape	block.buildscape.lime_tiles_stairs		黄绿色瓦楼梯
buildscape	block.buildscape.lime_tiles_vertical_slab		黄绿色瓦竖直台阶
buildscape	block.buildscape.lime_tiles_wall		黄绿色瓦墙
buildscape	block.buildscape.lime_trapped_decorated_pot		黄绿色陷阱饰纹陶罐
buildscape	block.buildscape.lime_wallpaper		黄绿色墙纸
buildscape	block.buildscape.lime_wallpaper_flat		黄绿色墙纸平板
buildscape	block.buildscape.lime_wallpaper_slab		黄绿色墙纸台阶
buildscape	block.buildscape.lime_wallpaper_vertical_slab		黄绿色墙纸竖直台阶
buildscape	block.buildscape.lime_wool_slab		黄绿色羊毛台阶
buildscape	block.buildscape.lime_wool_stairs		黄绿色羊毛楼梯
buildscape	block.buildscape.lime_wool_vertical_slab		黄绿色羊毛竖直台阶
buildscape	block.buildscape.lime_wool_wall		黄绿色羊毛墙
buildscape	block.buildscape.magenta_big_book		品红色大号书
buildscape	block.buildscape.magenta_carpet_layers		品红色地毯层
buildscape	block.buildscape.magenta_concrete_slab		品红色混凝土台阶
buildscape	block.buildscape.magenta_concrete_stairs		品红色混凝土楼梯
buildscape	block.buildscape.magenta_concrete_vertical_slab		品红色混凝土竖直台阶
buildscape	block.buildscape.magenta_concrete_wall		品红色混凝土墙
buildscape	block.buildscape.magenta_cushion		品红色坐垫
buildscape	block.buildscape.magenta_decorated_pot		品红色饰纹陶罐
buildscape	block.buildscape.magenta_dye_sack		品红色染料袋
buildscape	block.buildscape.magenta_festive_stocking		品红色圣诞长袜
buildscape	block.buildscape.magenta_glazed_glass		品红色釉面玻璃
buildscape	block.buildscape.magenta_glazed_glass_pane		品红色釉面玻璃板
buildscape	block.buildscape.magenta_glazed_glass_slab		品红色釉面玻璃台阶
buildscape	block.buildscape.magenta_glazed_glass_stairs		品红色釉面玻璃楼梯
buildscape	block.buildscape.magenta_glazed_glass_vertical_slab		品红色釉面玻璃竖直台阶
buildscape	block.buildscape.magenta_mosaic_glass		品红色马赛克玻璃
buildscape	block.buildscape.magenta_mosaic_glass_pane		品红色马赛克玻璃板
buildscape	block.buildscape.magenta_mosaic_glass_slab		品红色马赛克玻璃台阶
buildscape	block.buildscape.magenta_mosaic_glass_stairs		品红色马赛克玻璃楼梯
buildscape	block.buildscape.magenta_mosaic_glass_vertical_slab		品红色马赛克玻璃竖直台阶
buildscape	block.buildscape.magenta_ornament		品红色装饰品
buildscape	block.buildscape.magenta_redstone_lamp		品红色红石灯
buildscape	block.buildscape.magenta_spool		品红色线轴
buildscape	block.buildscape.magenta_stained_brick_tiles		品红色染色砖瓦
buildscape	block.buildscape.magenta_stained_brick_tiles_slab		品红色染色砖瓦台阶
buildscape	block.buildscape.magenta_stained_brick_tiles_stairs		品红色染色砖瓦楼梯
buildscape	block.buildscape.magenta_stained_brick_tiles_vertical_slab		品红色染色砖瓦竖直台阶
buildscape	block.buildscape.magenta_stained_brick_tiles_wall		品红色染色砖瓦墙
buildscape	block.buildscape.magenta_stained_bricks		品红色染色砖
buildscape	block.buildscape.magenta_stained_bricks_slab		品红色染色砖台阶
buildscape	block.buildscape.magenta_stained_bricks_stairs		品红色染色砖楼梯
buildscape	block.buildscape.magenta_stained_bricks_vertical_slab		品红色染色砖竖直台阶
buildscape	block.buildscape.magenta_stained_bricks_wall		品红色染色砖墙
buildscape	block.buildscape.magenta_stained_glass_slab		品红色染色玻璃台阶
buildscape	block.buildscape.magenta_stained_glass_stairs		品红色染色玻璃楼梯
buildscape	block.buildscape.magenta_stained_glass_vertical_slab		品红色染色玻璃竖直台阶
buildscape	block.buildscape.magenta_star		品红色星星
buildscape	block.buildscape.magenta_string_light		品红色串灯
buildscape	block.buildscape.magenta_terracotta_slab		品红色陶瓦台阶
buildscape	block.buildscape.magenta_terracotta_stairs		品红色陶瓦楼梯
buildscape	block.buildscape.magenta_terracotta_vertical_slab		品红色陶瓦竖直台阶
buildscape	block.buildscape.magenta_tiles		品红色瓦
buildscape	block.buildscape.magenta_tiles_slab		品红色瓦台阶
buildscape	block.buildscape.magenta_tiles_stairs		品红色瓦楼梯
buildscape	block.buildscape.magenta_tiles_vertical_slab		品红色瓦竖直台阶
buildscape	block.buildscape.magenta_tiles_wall		品红色瓦墙
buildscape	block.buildscape.magenta_trapped_decorated_pot		品红色陷阱饰纹陶罐
buildscape	block.buildscape.magenta_wallpaper		品红色墙纸
buildscape	block.buildscape.magenta_wallpaper_flat		品红色墙纸平板
buildscape	block.buildscape.magenta_wallpaper_slab		品红色墙纸台阶
buildscape	block.buildscape.magenta_wallpaper_vertical_slab		品红色墙纸竖直台阶
buildscape	block.buildscape.magenta_wool_slab		品红色羊毛台阶
buildscape	block.buildscape.magenta_wool_stairs		品红色羊毛楼梯
buildscape	block.buildscape.magenta_wool_vertical_slab		品红色羊毛竖直台阶
buildscape	block.buildscape.magenta_wool_wall		品红色羊毛墙
buildscape	block.buildscape.mangrove_button		红树按钮
buildscape	block.buildscape.mangrove_door		红树门
buildscape	block.buildscape.mangrove_fence		红树栅栏
buildscape	block.buildscape.mangrove_fence_gate		红树栅栏门
buildscape	block.buildscape.mangrove_leaf_hedge		红树树叶篱笆
buildscape	block.buildscape.mangrove_leaf_layers		红树树叶层
buildscape	block.buildscape.mangrove_leaves		红树树叶
buildscape	block.buildscape.mangrove_log		红树原木
buildscape	block.buildscape.mangrove_log_slab		红树原木台阶
buildscape	block.buildscape.mangrove_log_stairs		红树原木楼梯
buildscape	block.buildscape.mangrove_log_vertical_slab		红树原木竖直台阶
buildscape	block.buildscape.mangrove_planks		红树木板
buildscape	block.buildscape.mangrove_pressure_plate		红树压力板
buildscape	block.buildscape.mangrove_propagule		红树胎生苗
buildscape	block.buildscape.mangrove_roots		红树根
buildscape	block.buildscape.mangrove_sign		红树告示牌
buildscape	block.buildscape.mangrove_slab		红树台阶
buildscape	block.buildscape.mangrove_stairs		红树楼梯
buildscape	block.buildscape.mangrove_trapdoor		红树活板门
buildscape	block.buildscape.mangrove_vertical_slab		红树竖直台阶
buildscape	block.buildscape.mangrove_wall_sign		红树墙告示牌
buildscape	block.buildscape.mangrove_wood		红树木
buildscape	block.buildscape.mangrove_wood_wall		红树木墙
buildscape	block.buildscape.moss_block_slab		苔藓块台阶
buildscape	block.buildscape.moss_block_stairs		苔藓块楼梯
buildscape	block.buildscape.moss_block_vertical_slab		苔藓块竖直台阶
buildscape	block.buildscape.moss_layers		苔藓层
buildscape	block.buildscape.moss_overlay		苔藓覆盖层
buildscape	block.buildscape.mossy_calcite		苔藓方解石
buildscape	block.buildscape.mossy_calcite_slab		苔藓方解石台阶
buildscape	block.buildscape.mossy_calcite_stairs		苔藓方解石楼梯
buildscape	block.buildscape.mossy_calcite_vertical_slab		苔藓方解石竖直台阶
buildscape	block.buildscape.mossy_calcite_wall		苔藓方解石墙
buildscape	block.buildscape.mossy_cobblestone_vertical_slab		苔石竖直台阶
buildscape	block.buildscape.mossy_pillar		苔藓柱
buildscape	block.buildscape.mossy_stone_brick_vertical_slab		苔圆石砖竖直台阶
buildscape	block.buildscape.mud		泥
buildscape	block.buildscape.mud_brick_slab		泥砖台阶
buildscape	block.buildscape.mud_brick_stairs		泥砖楼梯
buildscape	block.buildscape.mud_brick_vertical_slab		泥砖竖直台阶
buildscape	block.buildscape.mud_brick_wall		泥砖墙
buildscape	block.buildscape.mud_bricks		泥砖
buildscape	block.buildscape.mud_slab		泥台阶
buildscape	block.buildscape.mud_stairs		泥楼梯
buildscape	block.buildscape.mud_vertical_slab		泥竖直台阶
buildscape	block.buildscape.muddy_mangrove_roots		泥泞的红树根
buildscape	block.buildscape.muff_block		消音块
buildscape	block.buildscape.multicolor_glow_lights		多彩荧光灯
buildscape	block.buildscape.multicolor_string_light		多彩串灯
buildscape	block.buildscape.mycelium_slab		菌丝台阶
buildscape	block.buildscape.mycelium_stairs		菌丝楼梯
buildscape	block.buildscape.mycelium_vertical_slab		菌丝竖直台阶
buildscape	block.buildscape.nether_brick_vertical_slab		下界砖竖直台阶
buildscape	block.buildscape.netherite_chain		下界合金锁链
buildscape	block.buildscape.oak_leaf_hedge		橡木树叶篱笆
buildscape	block.buildscape.oak_leaf_layers		橡树树叶层
buildscape	block.buildscape.oak_log_slab		橡木原木台阶
buildscape	block.buildscape.oak_log_stairs		橡木原木楼梯
buildscape	block.buildscape.oak_log_vertical_slab		橡木原木竖直台阶
buildscape	block.buildscape.oak_vertical_slab		橡木竖直台阶
buildscape	block.buildscape.oak_wood_slab		橡木台阶
buildscape	block.buildscape.oak_wood_stairs		橡木楼梯
buildscape	block.buildscape.oak_wood_vertical_slab		橡木竖直台阶
buildscape	block.buildscape.oak_wood_wall		橡木墙
buildscape	block.buildscape.obsidian_slab		黑曜石台阶
buildscape	block.buildscape.obsidian_stairs		黑曜石楼梯
buildscape	block.buildscape.obsidian_vertical_slab		黑曜石竖直台阶
buildscape	block.buildscape.orange_big_book		橙色大号书
buildscape	block.buildscape.orange_carpet_layers		橙色地毯层
buildscape	block.buildscape.orange_concrete_slab		橙色混凝土台阶
buildscape	block.buildscape.orange_concrete_stairs		橙色混凝土楼梯
buildscape	block.buildscape.orange_concrete_vertical_slab		橙色混凝土竖直台阶
buildscape	block.buildscape.orange_concrete_wall		橙色混凝土墙
buildscape	block.buildscape.orange_cushion		橙色坐垫
buildscape	block.buildscape.orange_decorated_pot		橙色饰纹陶罐
buildscape	block.buildscape.orange_dye_sack		橙色染料袋
buildscape	block.buildscape.orange_factory_mesh		橙色工厂网格
buildscape	block.buildscape.orange_factory_mesh_slab		橙色工厂网格台阶
buildscape	block.buildscape.orange_factory_mesh_stairs		橙色工厂网格楼梯
buildscape	block.buildscape.orange_factory_mesh_vertical_slab		橙色工厂网格竖直台阶
buildscape	block.buildscape.orange_factory_mesh_wall		橙色工厂网格墙
buildscape	block.buildscape.orange_festive_stocking		橙色圣诞长袜
buildscape	block.buildscape.orange_glazed_glass		橙色釉面玻璃
buildscape	block.buildscape.orange_glazed_glass_pane		橙色釉面玻璃板
buildscape	block.buildscape.orange_glazed_glass_slab		橙色釉面玻璃台阶
buildscape	block.buildscape.orange_glazed_glass_stairs		橙色釉面玻璃楼梯
buildscape	block.buildscape.orange_glazed_glass_vertical_slab		橙色釉面玻璃竖直台阶
buildscape	block.buildscape.orange_mosaic_glass		橙色马赛克玻璃
buildscape	block.buildscape.orange_mosaic_glass_pane		橙色马赛克玻璃板
buildscape	block.buildscape.orange_mosaic_glass_slab		橙色马赛克玻璃台阶
buildscape	block.buildscape.orange_mosaic_glass_stairs		橙色马赛克玻璃楼梯
buildscape	block.buildscape.orange_mosaic_glass_vertical_slab		橙色马赛克玻璃竖直台阶
buildscape	block.buildscape.orange_moss_block		橙色苔藓块
buildscape	block.buildscape.orange_moss_block_slab		橙色苔藓块台阶
buildscape	block.buildscape.orange_moss_block_stairs		橙色苔藓块楼梯
buildscape	block.buildscape.orange_moss_block_vertical_slab		橙色苔藓块竖直台阶
buildscape	block.buildscape.orange_moss_carpet		橙色苔藓地毯
buildscape	block.buildscape.orange_moss_layers		橙色苔藓层
buildscape	block.buildscape.orange_moss_overlay		橙色苔藓覆盖层
buildscape	block.buildscape.orange_ornament		橙色装饰品
buildscape	block.buildscape.orange_petal		橙色花瓣
buildscape	block.buildscape.orange_poplar_leaves		橙色杨树树叶
buildscape	block.buildscape.orange_redstone_lamp		橙色红石灯
buildscape	block.buildscape.orange_sand		橙色沙子
buildscape	block.buildscape.orange_sandstone		橙色砂岩
buildscape	block.buildscape.orange_sandstone_slab		橙色砂岩台阶
buildscape	block.buildscape.orange_sandstone_stairs		橙色砂岩楼梯
buildscape	block.buildscape.orange_sandstone_vertical_slab		橙色砂岩竖直台阶
buildscape	block.buildscape.orange_sandstone_wall		橙色砂岩墙
buildscape	block.buildscape.orange_smooth_sandstone		橙色平滑砂岩
buildscape	block.buildscape.orange_smooth_sandstone_slab		橙色平滑砂岩台阶
buildscape	block.buildscape.orange_smooth_sandstone_stairs		橙色平滑砂岩楼梯
buildscape	block.buildscape.orange_smooth_sandstone_vertical_slab		橙色平滑砂岩竖直台阶
buildscape	block.buildscape.orange_smooth_sandstone_wall		橙色平滑砂岩墙
buildscape	block.buildscape.orange_spool		橙色线轴
buildscape	block.buildscape.orange_spore_blossom		橙色孢子花
buildscape	block.buildscape.orange_stained_brick_tiles		橙色染色砖瓦
buildscape	block.buildscape.orange_stained_brick_tiles_slab		橙色染色砖瓦台阶
buildscape	block.buildscape.orange_stained_brick_tiles_stairs		橙色染色砖瓦楼梯
buildscape	block.buildscape.orange_stained_brick_tiles_vertical_slab		橙色染色砖瓦竖直台阶
buildscape	block.buildscape.orange_stained_brick_tiles_wall		橙色染色砖瓦墙
buildscape	block.buildscape.orange_stained_bricks		橙色染色砖
buildscape	block.buildscape.orange_stained_bricks_slab		橙色染色砖台阶
buildscape	block.buildscape.orange_stained_bricks_stairs		橙色染色砖楼梯
buildscape	block.buildscape.orange_stained_bricks_vertical_slab		橙色染色砖竖直台阶
buildscape	block.buildscape.orange_stained_bricks_wall		橙色染色砖墙
buildscape	block.buildscape.orange_stained_glass_slab		橙色染色玻璃台阶
buildscape	block.buildscape.orange_stained_glass_stairs		橙色染色玻璃楼梯
buildscape	block.buildscape.orange_stained_glass_vertical_slab		橙色染色玻璃竖直台阶
buildscape	block.buildscape.orange_star		橙色星星
buildscape	block.buildscape.orange_string_light		橙色串灯
buildscape	block.buildscape.orange_terracotta_slab		橙色陶瓦台阶
buildscape	block.buildscape.orange_terracotta_stairs		橙色陶瓦楼梯
buildscape	block.buildscape.orange_terracotta_vertical_slab		橙色陶瓦竖直台阶
buildscape	block.buildscape.orange_tiles		橙色瓦
buildscape	block.buildscape.orange_tiles_slab		橙色瓦台阶
buildscape	block.buildscape.orange_tiles_stairs		橙色瓦楼梯
buildscape	block.buildscape.orange_tiles_vertical_slab		橙色瓦竖直台阶
buildscape	block.buildscape.orange_tiles_wall		橙色瓦墙
buildscape	block.buildscape.orange_trapped_decorated_pot		橙色陷阱饰纹陶罐
buildscape	block.buildscape.orange_wallpaper		橙色墙纸
buildscape	block.buildscape.orange_wallpaper_flat		橙色墙纸平板
buildscape	block.buildscape.orange_wallpaper_slab		橙色墙纸台阶
buildscape	block.buildscape.orange_wallpaper_vertical_slab		橙色墙纸竖直台阶
buildscape	block.buildscape.orange_wool_slab		橙色羊毛台阶
buildscape	block.buildscape.orange_wool_stairs		橙色羊毛楼梯
buildscape	block.buildscape.orange_wool_vertical_slab		橙色羊毛竖直台阶
buildscape	block.buildscape.orange_wool_wall		橙色羊毛墙
buildscape	block.buildscape.oxidized_copper_chain		氧化的铜锁链
buildscape	block.buildscape.oxidized_cut_copper_vertical_slab		氧化的切制铜竖直台阶
buildscape	block.buildscape.packed_icicle_block		密实冰锥块
buildscape	block.buildscape.packed_mud		泥坯
buildscape	block.buildscape.packed_mud_slab		泥坯台阶
buildscape	block.buildscape.packed_mud_stairs		泥坯楼梯
buildscape	block.buildscape.packed_mud_vertical_slab		泥坯竖直台阶
buildscape	block.buildscape.packed_mud_wall		泥坯墙
buildscape	block.buildscape.pink_big_book		粉红色大号书
buildscape	block.buildscape.pink_carpet_layers		粉红色地毯层
buildscape	block.buildscape.pink_concrete_slab		粉红色混凝土台阶
buildscape	block.buildscape.pink_concrete_stairs		粉红色混凝土楼梯
buildscape	block.buildscape.pink_concrete_vertical_slab		粉红色混凝土竖直台阶
buildscape	block.buildscape.pink_concrete_wall		粉红色混凝土墙
buildscape	block.buildscape.pink_cushion		粉红色坐垫
buildscape	block.buildscape.pink_decorated_pot		粉红色饰纹陶罐
buildscape	block.buildscape.pink_dye_sack		粉红色染料袋
buildscape	block.buildscape.pink_festive_stocking		粉红色圣诞长袜
buildscape	block.buildscape.pink_glazed_glass		粉红色釉面玻璃
buildscape	block.buildscape.pink_glazed_glass_pane		粉红色釉面玻璃板
buildscape	block.buildscape.pink_glazed_glass_slab		粉红色釉面玻璃台阶
buildscape	block.buildscape.pink_glazed_glass_stairs		粉红色釉面玻璃楼梯
buildscape	block.buildscape.pink_glazed_glass_vertical_slab		粉红色釉面玻璃竖直台阶
buildscape	block.buildscape.pink_monets		粉红色莫奈花
buildscape	block.buildscape.pink_mosaic_glass		粉红色马赛克玻璃
buildscape	block.buildscape.pink_mosaic_glass_pane		粉红色马赛克玻璃板
buildscape	block.buildscape.pink_mosaic_glass_slab		粉红色马赛克玻璃台阶
buildscape	block.buildscape.pink_mosaic_glass_stairs		粉红色马赛克玻璃楼梯
buildscape	block.buildscape.pink_mosaic_glass_vertical_slab		粉红色马赛克玻璃竖直台阶
buildscape	block.buildscape.pink_ornament		粉红色装饰品
buildscape	block.buildscape.pink_petal		粉红色花瓣
buildscape	block.buildscape.pink_redstone_lamp		粉红色红石灯
buildscape	block.buildscape.pink_sand		粉红色沙子
buildscape	block.buildscape.pink_sandstone		粉红色砂岩
buildscape	block.buildscape.pink_sandstone_slab		粉红色砂岩台阶
buildscape	block.buildscape.pink_sandstone_stairs		粉红色砂岩楼梯
buildscape	block.buildscape.pink_sandstone_vertical_slab		粉红色砂岩竖直台阶
buildscape	block.buildscape.pink_sandstone_wall		粉红色砂岩墙
buildscape	block.buildscape.pink_smooth_sandstone		粉红色平滑砂岩
buildscape	block.buildscape.pink_smooth_sandstone_slab		粉红色平滑砂岩台阶
buildscape	block.buildscape.pink_smooth_sandstone_stairs		粉红色平滑砂岩楼梯
buildscape	block.buildscape.pink_smooth_sandstone_vertical_slab		粉红色平滑砂岩竖直台阶
buildscape	block.buildscape.pink_smooth_sandstone_wall		粉红色平滑砂岩墙
buildscape	block.buildscape.pink_spool		粉红色线轴
buildscape	block.buildscape.pink_stained_brick_tiles		粉红色染色砖瓦
buildscape	block.buildscape.pink_stained_brick_tiles_slab		粉红色染色砖瓦台阶
buildscape	block.buildscape.pink_stained_brick_tiles_stairs		粉红色染色砖瓦楼梯
buildscape	block.buildscape.pink_stained_brick_tiles_vertical_slab		粉红色染色砖瓦竖直台阶
buildscape	block.buildscape.pink_stained_brick_tiles_wall		粉红色染色砖瓦墙
buildscape	block.buildscape.pink_stained_bricks		粉红色染色砖
buildscape	block.buildscape.pink_stained_bricks_slab		粉红色染色砖台阶
buildscape	block.buildscape.pink_stained_bricks_stairs		粉红色染色砖楼梯
buildscape	block.buildscape.pink_stained_bricks_vertical_slab		粉红色染色砖竖直台阶
buildscape	block.buildscape.pink_stained_bricks_wall		粉红色染色砖墙
buildscape	block.buildscape.pink_stained_glass_slab		粉红色染色玻璃台阶
buildscape	block.buildscape.pink_stained_glass_stairs		粉红色染色玻璃楼梯
buildscape	block.buildscape.pink_stained_glass_vertical_slab		粉红色染色玻璃竖直台阶
buildscape	block.buildscape.pink_star		粉红色星星
buildscape	block.buildscape.pink_string_light		粉红色串灯
buildscape	block.buildscape.pink_terracotta_slab		粉红色陶瓦台阶
buildscape	block.buildscape.pink_terracotta_stairs		粉红色陶瓦楼梯
buildscape	block.buildscape.pink_terracotta_vertical_slab		粉红色陶瓦竖直台阶
buildscape	block.buildscape.pink_tiles		粉红色瓦
buildscape	block.buildscape.pink_tiles_slab		粉红色瓦台阶
buildscape	block.buildscape.pink_tiles_stairs		粉红色瓦楼梯
buildscape	block.buildscape.pink_tiles_vertical_slab		粉红色瓦竖直台阶
buildscape	block.buildscape.pink_tiles_wall		粉红色瓦墙
buildscape	block.buildscape.pink_trapped_decorated_pot		粉红色陷阱饰纹陶罐
buildscape	block.buildscape.pink_wallpaper		粉红色墙纸
buildscape	block.buildscape.pink_wallpaper_flat		粉红色墙纸平板
buildscape	block.buildscape.pink_wallpaper_slab		粉红色墙纸台阶
buildscape	block.buildscape.pink_wallpaper_vertical_slab		粉红色墙纸竖直台阶
buildscape	block.buildscape.pink_wool_slab		粉红色羊毛台阶
buildscape	block.buildscape.pink_wool_stairs		粉红色羊毛楼梯
buildscape	block.buildscape.pink_wool_vertical_slab		粉红色羊毛竖直台阶
buildscape	block.buildscape.pink_wool_wall		粉红色羊毛墙
buildscape	block.buildscape.podzol_slab		灰化土台阶
buildscape	block.buildscape.podzol_stairs		灰化土楼梯
buildscape	block.buildscape.podzol_vertical_slab		灰化土竖直台阶
buildscape	block.buildscape.polished_andesite_vertical_slab		磨制安山岩竖直台阶
buildscape	block.buildscape.polished_basalt_slab		磨制玄武岩台阶
buildscape	block.buildscape.polished_basalt_stairs		磨制玄武岩楼梯
buildscape	block.buildscape.polished_basalt_vertical_slab		磨制玄武岩竖直台阶
buildscape	block.buildscape.polished_basalt_wall		磨制玄武岩墙
buildscape	block.buildscape.polished_black_concrete		磨制黑色混凝土
buildscape	block.buildscape.polished_black_concrete_slab		磨制黑色混凝土台阶
buildscape	block.buildscape.polished_black_concrete_stairs		磨制黑色混凝土楼梯
buildscape	block.buildscape.polished_black_concrete_vertical_slab		磨制黑色混凝土竖直台阶
buildscape	block.buildscape.polished_black_concrete_wall		磨制黑色混凝土墙
buildscape	block.buildscape.polished_blackstone_brick_vertical_slab		磨制黑石砖竖直台阶
buildscape	block.buildscape.polished_blackstone_vertical_slab		磨制黑石竖直台阶
buildscape	block.buildscape.polished_blue_concrete		磨制蓝色混凝土
buildscape	block.buildscape.polished_blue_concrete_slab		磨制蓝色混凝土台阶
buildscape	block.buildscape.polished_blue_concrete_stairs		磨制蓝色混凝土楼梯
buildscape	block.buildscape.polished_blue_concrete_vertical_slab		磨制蓝色混凝土竖直台阶
buildscape	block.buildscape.polished_blue_concrete_wall		磨制蓝色混凝土墙
buildscape	block.buildscape.polished_brown_concrete		磨制棕色混凝土
buildscape	block.buildscape.polished_brown_concrete_slab		磨制棕色混凝土台阶
buildscape	block.buildscape.polished_brown_concrete_stairs		磨制棕色混凝土楼梯
buildscape	block.buildscape.polished_brown_concrete_vertical_slab		磨制棕色混凝土竖直台阶
buildscape	block.buildscape.polished_brown_concrete_wall		磨制棕色混凝土墙
buildscape	block.buildscape.polished_cinnabar		磨制朱砂矿
buildscape	block.buildscape.polished_cinnabar_slab		磨制朱砂矿台阶
buildscape	block.buildscape.polished_cinnabar_stairs		磨制朱砂矿楼梯
buildscape	block.buildscape.polished_cinnabar_vertical_slab		磨制朱砂矿竖直台阶
buildscape	block.buildscape.polished_cinnabar_wall		磨制朱砂矿墙
buildscape	block.buildscape.polished_cyan_concrete		磨制青色混凝土
buildscape	block.buildscape.polished_cyan_concrete_slab		磨制青色混凝土台阶
buildscape	block.buildscape.polished_cyan_concrete_stairs		磨制青色混凝土楼梯
buildscape	block.buildscape.polished_cyan_concrete_vertical_slab		磨制青色混凝土竖直台阶
buildscape	block.buildscape.polished_cyan_concrete_wall		磨制青色混凝土墙
buildscape	block.buildscape.polished_deepslate_vertical_slab		磨制深板岩竖直台阶
buildscape	block.buildscape.polished_diorite_vertical_slab		磨制闪长岩竖直台阶
buildscape	block.buildscape.polished_granite_vertical_slab		磨制花岗岩竖直台阶
buildscape	block.buildscape.polished_gray_concrete		磨制灰色混凝土
buildscape	block.buildscape.polished_gray_concrete_slab		磨制灰色混凝土台阶
buildscape	block.buildscape.polished_gray_concrete_stairs		磨制灰色混凝土楼梯
buildscape	block.buildscape.polished_gray_concrete_vertical_slab		磨制灰色混凝土竖直台阶
buildscape	block.buildscape.polished_gray_concrete_wall		磨制灰色混凝土墙
buildscape	block.buildscape.polished_green_concrete		磨制绿色混凝土
buildscape	block.buildscape.polished_green_concrete_slab		磨制绿色混凝土台阶
buildscape	block.buildscape.polished_green_concrete_stairs		磨制绿色混凝土楼梯
buildscape	block.buildscape.polished_green_concrete_vertical_slab		磨制绿色混凝土竖直台阶
buildscape	block.buildscape.polished_green_concrete_wall		磨制绿色混凝土墙
buildscape	block.buildscape.polished_light_blue_concrete		磨制淡蓝色混凝土
buildscape	block.buildscape.polished_light_blue_concrete_slab		磨制淡蓝色混凝土台阶
buildscape	block.buildscape.polished_light_blue_concrete_stairs		磨制淡蓝色混凝土楼梯
buildscape	block.buildscape.polished_light_blue_concrete_vertical_slab		磨制淡蓝色混凝土竖直台阶
buildscape	block.buildscape.polished_light_blue_concrete_wall		磨制淡蓝色混凝土墙
buildscape	block.buildscape.polished_light_gray_concrete		磨制淡灰色混凝土
buildscape	block.buildscape.polished_light_gray_concrete_slab		磨制淡灰色混凝土台阶
buildscape	block.buildscape.polished_light_gray_concrete_stairs		磨制淡灰色混凝土楼梯
buildscape	block.buildscape.polished_light_gray_concrete_vertical_slab		磨制淡灰色混凝土竖直台阶
buildscape	block.buildscape.polished_light_gray_concrete_wall		磨制淡灰色混凝土墙
buildscape	block.buildscape.polished_lime_concrete		磨制黄绿色混凝土
buildscape	block.buildscape.polished_lime_concrete_slab		磨制黄绿色混凝土台阶
buildscape	block.buildscape.polished_lime_concrete_stairs		磨制黄绿色混凝土楼梯
buildscape	block.buildscape.polished_lime_concrete_vertical_slab		磨制黄绿色混凝土竖直台阶
buildscape	block.buildscape.polished_lime_concrete_wall		磨制黄绿色混凝土墙
buildscape	block.buildscape.polished_magenta_concrete		磨制品红色混凝土
buildscape	block.buildscape.polished_magenta_concrete_slab		磨制品红色混凝土台阶
buildscape	block.buildscape.polished_magenta_concrete_stairs		磨制品红色混凝土楼梯
buildscape	block.buildscape.polished_magenta_concrete_vertical_slab		磨制品红色混凝土竖直台阶
buildscape	block.buildscape.polished_magenta_concrete_wall		磨制品红色混凝土墙
buildscape	block.buildscape.polished_orange_concrete		磨制橙色混凝土
buildscape	block.buildscape.polished_orange_concrete_slab		磨制橙色混凝土台阶
buildscape	block.buildscape.polished_orange_concrete_stairs		磨制橙色混凝土楼梯
buildscape	block.buildscape.polished_orange_concrete_vertical_slab		磨制橙色混凝土竖直台阶
buildscape	block.buildscape.polished_orange_concrete_wall		磨制橙色混凝土墙
buildscape	block.buildscape.polished_pink_concrete		磨制粉红色混凝土
buildscape	block.buildscape.polished_pink_concrete_slab		磨制粉红色混凝土台阶
buildscape	block.buildscape.polished_pink_concrete_stairs		磨制粉红色混凝土楼梯
buildscape	block.buildscape.polished_pink_concrete_vertical_slab		磨制粉红色混凝土竖直台阶
buildscape	block.buildscape.polished_pink_concrete_wall		磨制粉红色混凝土墙
buildscape	block.buildscape.polished_purple_concrete		磨制紫色混凝土
buildscape	block.buildscape.polished_purple_concrete_slab		磨制紫色混凝土台阶
buildscape	block.buildscape.polished_purple_concrete_stairs		磨制紫色混凝土楼梯
buildscape	block.buildscape.polished_purple_concrete_vertical_slab		磨制紫色混凝土竖直台阶
buildscape	block.buildscape.polished_purple_concrete_wall		磨制紫色混凝土墙
buildscape	block.buildscape.polished_red_concrete		磨制红色混凝土
buildscape	block.buildscape.polished_red_concrete_slab		磨制红色混凝土台阶
buildscape	block.buildscape.polished_red_concrete_stairs		磨制红色混凝土楼梯
buildscape	block.buildscape.polished_red_concrete_vertical_slab		磨制红色混凝土竖直台阶
buildscape	block.buildscape.polished_red_concrete_wall		磨制红色混凝土墙
buildscape	block.buildscape.polished_steel		磨制钢
buildscape	block.buildscape.polished_steel_slab		磨制钢台阶
buildscape	block.buildscape.polished_steel_stairs		磨制钢楼梯
buildscape	block.buildscape.polished_steel_vertical_slab		磨制钢竖直台阶
buildscape	block.buildscape.polished_steel_wall		磨制钢墙
buildscape	block.buildscape.polished_sulfur		磨制硫
buildscape	block.buildscape.polished_sulfur_slab		磨制硫台阶
buildscape	block.buildscape.polished_sulfur_stairs		磨制硫楼梯
buildscape	block.buildscape.polished_sulfur_vertical_slab		磨制硫竖直台阶
buildscape	block.buildscape.polished_sulfur_wall		磨制硫墙
buildscape	block.buildscape.polished_tuff		磨制凝灰岩
buildscape	block.buildscape.polished_tuff_slab		磨制凝灰岩台阶
buildscape	block.buildscape.polished_tuff_stairs		磨制凝灰岩楼梯
buildscape	block.buildscape.polished_tuff_vertical_slab		磨制凝灰岩竖直台阶
buildscape	block.buildscape.polished_tuff_wall		磨制凝灰岩墙
buildscape	block.buildscape.polished_white_concrete		磨制白色混凝土
buildscape	block.buildscape.polished_white_concrete_slab		磨制白色混凝土台阶
buildscape	block.buildscape.polished_white_concrete_stairs		磨制白色混凝土楼梯
buildscape	block.buildscape.polished_white_concrete_vertical_slab		磨制白色混凝土竖直台阶
buildscape	block.buildscape.polished_white_concrete_wall		磨制白色混凝土墙
buildscape	block.buildscape.polished_yellow_concrete		磨制黄色混凝土
buildscape	block.buildscape.polished_yellow_concrete_slab		磨制黄色混凝土台阶
buildscape	block.buildscape.polished_yellow_concrete_stairs		磨制黄色混凝土楼梯
buildscape	block.buildscape.polished_yellow_concrete_vertical_slab		磨制黄色混凝土竖直台阶
buildscape	block.buildscape.polished_yellow_concrete_wall		磨制黄色混凝土墙
buildscape	block.buildscape.poplar_button		杨树按钮
buildscape	block.buildscape.poplar_door		杨树门
buildscape	block.buildscape.poplar_fence		杨树栅栏
buildscape	block.buildscape.poplar_fence_gate		杨树栅栏门
buildscape	block.buildscape.poplar_log		杨树原木
buildscape	block.buildscape.poplar_log_slab		杨树原木台阶
buildscape	block.buildscape.poplar_log_stairs		杨树原木楼梯
buildscape	block.buildscape.poplar_log_vertical_slab		杨树原木竖直台阶
buildscape	block.buildscape.poplar_log_wall		杨树原木墙
buildscape	block.buildscape.poplar_planks		杨树木板
buildscape	block.buildscape.poplar_pressure_plate		杨树压力板
buildscape	block.buildscape.poplar_sapling		杨树树苗
buildscape	block.buildscape.poplar_slab		杨树台阶
buildscape	block.buildscape.poplar_stairs		杨树楼梯
buildscape	block.buildscape.poplar_trapdoor		杨树活板门
buildscape	block.buildscape.poplar_vertical_slab		杨树竖直台阶
buildscape	block.buildscape.poplar_wood		杨树木
buildscape	block.buildscape.poplar_wood_slab		杨树木台阶
buildscape	block.buildscape.poplar_wood_stairs		杨树木楼梯
buildscape	block.buildscape.poplar_wood_vertical_slab		杨树木竖直台阶
buildscape	block.buildscape.potent_sulfur		强效硫
buildscape	block.buildscape.pressed_steel		压制钢
buildscape	block.buildscape.pressed_steel_slab		压制钢台阶
buildscape	block.buildscape.pressed_steel_stairs		压制钢楼梯
buildscape	block.buildscape.pressed_steel_vertical_slab		压制钢竖直台阶
buildscape	block.buildscape.pressed_steel_wall		压制钢墙
buildscape	block.buildscape.prismarine_brick_vertical_slab		海晶石砖竖直台阶
buildscape	block.buildscape.prismarine_bricks_wall		海晶石砖墙
buildscape	block.buildscape.prismarine_vertical_slab		海晶石竖直台阶
buildscape	block.buildscape.purple_big_book		紫色大号书
buildscape	block.buildscape.purple_carpet_layers		紫色地毯层
buildscape	block.buildscape.purple_concrete_slab		紫色混凝土台阶
buildscape	block.buildscape.purple_concrete_stairs		紫色混凝土楼梯
buildscape	block.buildscape.purple_concrete_vertical_slab		紫色混凝土竖直台阶
buildscape	block.buildscape.purple_concrete_wall		紫色混凝土墙
buildscape	block.buildscape.purple_cushion		紫色坐垫
buildscape	block.buildscape.purple_decorated_pot		紫色饰纹陶罐
buildscape	block.buildscape.purple_dye_sack		紫色染料袋
buildscape	block.buildscape.purple_festive_stocking		紫色圣诞长袜
buildscape	block.buildscape.purple_glazed_glass		紫色釉面玻璃
buildscape	block.buildscape.purple_glazed_glass_pane		紫色釉面玻璃板
buildscape	block.buildscape.purple_glazed_glass_slab		紫色釉面玻璃台阶
buildscape	block.buildscape.purple_glazed_glass_stairs		紫色釉面玻璃楼梯
buildscape	block.buildscape.purple_glazed_glass_vertical_slab		紫色釉面玻璃竖直台阶
buildscape	block.buildscape.purple_monets		紫色莫奈花
buildscape	block.buildscape.purple_mosaic_glass		紫色马赛克玻璃
buildscape	block.buildscape.purple_mosaic_glass_pane		紫色马赛克玻璃板
buildscape	block.buildscape.purple_mosaic_glass_slab		紫色马赛克玻璃台阶
buildscape	block.buildscape.purple_mosaic_glass_stairs		紫色马赛克玻璃楼梯
buildscape	block.buildscape.purple_mosaic_glass_vertical_slab		紫色马赛克玻璃竖直台阶
buildscape	block.buildscape.purple_ornament		紫色装饰品
buildscape	block.buildscape.purple_petal		紫色花瓣
buildscape	block.buildscape.purple_redstone_lamp		紫色红石灯
buildscape	block.buildscape.purple_spool		紫色线轴
buildscape	block.buildscape.purple_spore_blossom		紫色孢子花
buildscape	block.buildscape.purple_stained_brick_tiles		紫色染色砖瓦
buildscape	block.buildscape.purple_stained_brick_tiles_slab		紫色染色砖瓦台阶
buildscape	block.buildscape.purple_stained_brick_tiles_stairs		紫色染色砖瓦楼梯
buildscape	block.buildscape.purple_stained_brick_tiles_vertical_slab		紫色染色砖瓦竖直台阶
buildscape	block.buildscape.purple_stained_brick_tiles_wall		紫色染色砖瓦墙
buildscape	block.buildscape.purple_stained_bricks		紫色染色砖
buildscape	block.buildscape.purple_stained_bricks_slab		紫色染色砖台阶
buildscape	block.buildscape.purple_stained_bricks_stairs		紫色染色砖楼梯
buildscape	block.buildscape.purple_stained_bricks_vertical_slab		紫色染色砖竖直台阶
buildscape	block.buildscape.purple_stained_bricks_wall		紫色染色砖墙
buildscape	block.buildscape.purple_stained_glass_slab		紫色染色玻璃台阶
buildscape	block.buildscape.purple_stained_glass_stairs		紫色染色玻璃楼梯
buildscape	block.buildscape.purple_stained_glass_vertical_slab		紫色染色玻璃竖直台阶
buildscape	block.buildscape.purple_star		紫色星星
buildscape	block.buildscape.purple_string_light		紫色串灯
buildscape	block.buildscape.purple_terracotta_slab		紫色陶瓦台阶
buildscape	block.buildscape.purple_terracotta_stairs		紫色陶瓦楼梯
buildscape	block.buildscape.purple_terracotta_vertical_slab		紫色陶瓦竖直台阶
buildscape	block.buildscape.purple_tiles		紫色瓦
buildscape	block.buildscape.purple_tiles_slab		紫色瓦台阶
buildscape	block.buildscape.purple_tiles_stairs		紫色瓦楼梯
buildscape	block.buildscape.purple_tiles_vertical_slab		紫色瓦竖直台阶
buildscape	block.buildscape.purple_tiles_wall		紫色瓦墙
buildscape	block.buildscape.purple_trapped_decorated_pot		紫色陷阱饰纹陶罐
buildscape	block.buildscape.purple_wallpaper		紫色墙纸
buildscape	block.buildscape.purple_wallpaper_flat		紫色墙纸平板
buildscape	block.buildscape.purple_wallpaper_slab		紫色墙纸台阶
buildscape	block.buildscape.purple_wallpaper_vertical_slab		紫色墙纸竖直台阶
buildscape	block.buildscape.purple_wool_slab		紫色羊毛台阶
buildscape	block.buildscape.purple_wool_stairs		紫色羊毛楼梯
buildscape	block.buildscape.purple_wool_vertical_slab		紫色羊毛竖直台阶
buildscape	block.buildscape.purple_wool_wall		紫色羊毛墙
buildscape	block.buildscape.purpur_vertical_slab		紫珀竖直台阶
buildscape	block.buildscape.quartz_block_wall		石英块墙
buildscape	block.buildscape.quartz_bricks_slab		石英砖台阶
buildscape	block.buildscape.quartz_bricks_stairs		石英砖楼梯
buildscape	block.buildscape.quartz_bricks_vertical_slab		石英砖竖直台阶
buildscape	block.buildscape.quartz_bricks_wall		石英砖墙
buildscape	block.buildscape.quartz_pillar		石英柱
buildscape	block.buildscape.quartz_pillar_slab		石英柱台阶
buildscape	block.buildscape.quartz_pillar_stairs		石英柱楼梯
buildscape	block.buildscape.quartz_pillar_vertical_slab		石英柱竖直台阶
buildscape	block.buildscape.quartz_pillar_wall		石英柱墙
buildscape	block.buildscape.quartz_vertical_slab		石英竖直台阶
buildscape	block.buildscape.red_big_book		红色大号书
buildscape	block.buildscape.red_carpet_layers		红色地毯层
buildscape	block.buildscape.red_concrete_slab		红色混凝土台阶
buildscape	block.buildscape.red_concrete_stairs		红色混凝土楼梯
buildscape	block.buildscape.red_concrete_vertical_slab		红色混凝土竖直台阶
buildscape	block.buildscape.red_concrete_wall		红色混凝土墙
buildscape	block.buildscape.red_cushion		红色坐垫
buildscape	block.buildscape.red_decorated_pot		红色饰纹陶罐
buildscape	block.buildscape.red_dye_sack		红色染料袋
buildscape	block.buildscape.red_factory_mesh		红色工厂网格
buildscape	block.buildscape.red_factory_mesh_slab		红色工厂网格台阶
buildscape	block.buildscape.red_factory_mesh_stairs		红色工厂网格楼梯
buildscape	block.buildscape.red_factory_mesh_vertical_slab		红色工厂网格竖直台阶
buildscape	block.buildscape.red_factory_mesh_wall		红色工厂网格墙
buildscape	block.buildscape.red_festive_stocking		红色圣诞长袜
buildscape	block.buildscape.red_glazed_glass		红色釉面玻璃
buildscape	block.buildscape.red_glazed_glass_pane		红色釉面玻璃板
buildscape	block.buildscape.red_glazed_glass_slab		红色釉面玻璃台阶
buildscape	block.buildscape.red_glazed_glass_stairs		红色釉面玻璃楼梯
buildscape	block.buildscape.red_glazed_glass_vertical_slab		红色釉面玻璃竖直台阶
buildscape	block.buildscape.red_monets		红色莫奈花
buildscape	block.buildscape.red_mosaic_glass		红色马赛克玻璃
buildscape	block.buildscape.red_mosaic_glass_pane		红色马赛克玻璃板
buildscape	block.buildscape.red_mosaic_glass_slab		红色马赛克玻璃台阶
buildscape	block.buildscape.red_mosaic_glass_stairs		红色马赛克玻璃楼梯
buildscape	block.buildscape.red_mosaic_glass_vertical_slab		红色马赛克玻璃竖直台阶
buildscape	block.buildscape.red_moss_block		红色苔藓块
buildscape	block.buildscape.red_moss_block_slab		红色苔藓块台阶
buildscape	block.buildscape.red_moss_block_stairs		红色苔藓块楼梯
buildscape	block.buildscape.red_moss_block_vertical_slab		红色苔藓块竖直台阶
buildscape	block.buildscape.red_moss_carpet		红色苔藓地毯
buildscape	block.buildscape.red_moss_layers		红色苔藓层
buildscape	block.buildscape.red_moss_overlay		红色苔藓覆盖层
buildscape	block.buildscape.red_mushroom_shelves		红色蘑菇架
buildscape	block.buildscape.red_nether_brick_vertical_slab		红色下界砖竖直台阶
buildscape	block.buildscape.red_ornament		红色装饰品
buildscape	block.buildscape.red_petal		红色花瓣
buildscape	block.buildscape.red_poplar_leaves		红色杨树树叶
buildscape	block.buildscape.red_redstone_lamp		红色红石灯
buildscape	block.buildscape.red_rose_vines		红色玫瑰藤蔓
buildscape	block.buildscape.red_sand		红沙
buildscape	block.buildscape.red_sandstone		红砂岩
buildscape	block.buildscape.red_sandstone_slab		红砂岩台阶
buildscape	block.buildscape.red_sandstone_stairs		红砂岩楼梯
buildscape	block.buildscape.red_sandstone_vertical_slab		红砂岩竖直台阶
buildscape	block.buildscape.red_sandstone_wall		红砂岩墙
buildscape	block.buildscape.red_smooth_sandstone		红色平滑砂岩
buildscape	block.buildscape.red_smooth_sandstone_slab		红色平滑砂岩台阶
buildscape	block.buildscape.red_smooth_sandstone_stairs		红色平滑砂岩楼梯
buildscape	block.buildscape.red_smooth_sandstone_vertical_slab		红色平滑砂岩竖直台阶
buildscape	block.buildscape.red_smooth_sandstone_wall		红色平滑砂岩墙
buildscape	block.buildscape.red_spool		红色线轴
buildscape	block.buildscape.red_spore_blossom		红色孢子花
buildscape	block.buildscape.red_stained_brick_tiles		红色染色砖瓦
buildscape	block.buildscape.red_stained_brick_tiles_slab		红色染色砖瓦台阶
buildscape	block.buildscape.red_stained_brick_tiles_stairs		红色染色砖瓦楼梯
buildscape	block.buildscape.red_stained_brick_tiles_vertical_slab		红色染色砖瓦竖直台阶
buildscape	block.buildscape.red_stained_brick_tiles_wall		红色染色砖瓦墙
buildscape	block.buildscape.red_stained_bricks		红色染色砖
buildscape	block.buildscape.red_stained_bricks_slab		红色染色砖台阶
buildscape	block.buildscape.red_stained_bricks_stairs		红色染色砖楼梯
buildscape	block.buildscape.red_stained_bricks_vertical_slab		红色染色砖竖直台阶
buildscape	block.buildscape.red_stained_bricks_wall		红色染色砖墙
buildscape	block.buildscape.red_stained_glass_slab		红色染色玻璃台阶
buildscape	block.buildscape.red_stained_glass_stairs		红色染色玻璃楼梯
buildscape	block.buildscape.red_stained_glass_vertical_slab		红色染色玻璃竖直台阶
buildscape	block.buildscape.red_star		红色星星
buildscape	block.buildscape.red_string_light		红色串灯
buildscape	block.buildscape.red_terracotta_slab		红色陶瓦台阶
buildscape	block.buildscape.red_terracotta_stairs		红色陶瓦楼梯
buildscape	block.buildscape.red_terracotta_vertical_slab		红色陶瓦竖直台阶
buildscape	block.buildscape.red_tiles		红色瓦
buildscape	block.buildscape.red_tiles_slab		红色瓦台阶
buildscape	block.buildscape.red_tiles_stairs		红色瓦楼梯
buildscape	block.buildscape.red_tiles_vertical_slab		红色瓦竖直台阶
buildscape	block.buildscape.red_tiles_wall		红色瓦墙
buildscape	block.buildscape.red_trapped_decorated_pot		红色陷阱饰纹陶罐
buildscape	block.buildscape.red_wallpaper		红色墙纸
buildscape	block.buildscape.red_wallpaper_flat		红色墙纸平板
buildscape	block.buildscape.red_wallpaper_slab		红色墙纸台阶
buildscape	block.buildscape.red_wallpaper_vertical_slab		红色墙纸竖直台阶
buildscape	block.buildscape.red_wool_slab		红色羊毛台阶
buildscape	block.buildscape.red_wool_stairs		红色羊毛楼梯
buildscape	block.buildscape.red_wool_vertical_slab		红色羊毛竖直台阶
buildscape	block.buildscape.red_wool_wall		红色羊毛墙
buildscape	block.buildscape.sandstone_vertical_slab		砂岩竖直台阶
buildscape	block.buildscape.smoke_vent		烟雾通风口
buildscape	block.buildscape.smooth_basalt_slab		平滑玄武岩台阶
buildscape	block.buildscape.smooth_basalt_stairs		平滑玄武岩楼梯
buildscape	block.buildscape.smooth_basalt_vertical_slab		平滑玄武岩竖直台阶
buildscape	block.buildscape.smooth_quartz_vertical_slab		平滑石英竖直台阶
buildscape	block.buildscape.smooth_quartz_wall		平滑石英墙
buildscape	block.buildscape.smooth_red_sandstone_vertical_slab		平滑红砂岩竖直台阶
buildscape	block.buildscape.smooth_sandstone_vertical_slab		平滑砂岩竖直台阶
buildscape	block.buildscape.smooth_sandstone_wall		平滑砂岩墙
buildscape	block.buildscape.smooth_stone_stairs		平滑石头楼梯
buildscape	block.buildscape.smooth_stone_vertical_slab		平滑石竖直台阶
buildscape	block.buildscape.snow_bricks		雪砖
buildscape	block.buildscape.snow_bricks_slab		雪砖台阶
buildscape	block.buildscape.snow_bricks_stairs		雪砖楼梯
buildscape	block.buildscape.snow_bricks_vertical_slab		雪砖竖直台阶
buildscape	block.buildscape.snow_bricks_wall		雪砖墙
buildscape	block.buildscape.snow_overlay		积雪覆盖层
buildscape	block.buildscape.snow_slab		雪台阶
buildscape	block.buildscape.snow_stairs		雪楼梯
buildscape	block.buildscape.snow_vertical_slab		雪竖直台阶
buildscape	block.buildscape.snowy_acacia_leaf_hedge		积雪的金合欢树叶篱笆
buildscape	block.buildscape.snowy_acacia_leaf_layers		积雪的金合欢树叶层
buildscape	block.buildscape.snowy_acacia_leaves		积雪的金合欢树叶
buildscape	block.buildscape.snowy_azalea_leaf_hedge		积雪的杜鹃花丛树叶篱笆
buildscape	block.buildscape.snowy_azalea_leaf_layers		积雪的杜鹃树叶层
buildscape	block.buildscape.snowy_azalea_leaves		积雪的杜鹃树叶
buildscape	block.buildscape.snowy_birch_leaf_hedge		积雪的白桦木树叶篱笆
buildscape	block.buildscape.snowy_birch_leaf_layers		积雪的白桦树叶层
buildscape	block.buildscape.snowy_birch_leaves		积雪的白桦树叶
buildscape	block.buildscape.snowy_bush		积雪的灌木
buildscape	block.buildscape.snowy_dark_oak_leaf_hedge		积雪的深色橡木树叶篱笆
buildscape	block.buildscape.snowy_dark_oak_leaf_layers		积雪的深色橡树树叶层
buildscape	block.buildscape.snowy_dark_oak_leaves		积雪的深色橡树树叶
buildscape	block.buildscape.snowy_fern		积雪的蕨
buildscape	block.buildscape.snowy_flowering_azalea_leaf_hedge		积雪的盛开的杜鹃花丛树叶篱笆
buildscape	block.buildscape.snowy_flowering_azalea_leaf_layers		积雪的盛开的杜鹃树叶层
buildscape	block.buildscape.snowy_flowering_azalea_leaves		积雪的盛开的杜鹃树叶
buildscape	block.buildscape.snowy_grass_block		积雪的草方块
buildscape	block.buildscape.snowy_grass_block_slab		积雪的草方块台阶
buildscape	block.buildscape.snowy_grass_block_stairs		积雪的草方块楼梯
buildscape	block.buildscape.snowy_grass_block_vertical_slab		积雪的草方块竖直台阶
buildscape	block.buildscape.snowy_jungle_leaf_hedge		积雪的丛林树叶篱笆
buildscape	block.buildscape.snowy_jungle_leaf_layers		积雪的丛林树叶层
buildscape	block.buildscape.snowy_jungle_leaves		积雪的丛林树叶
buildscape	block.buildscape.snowy_large_fern		积雪的大型蕨
buildscape	block.buildscape.snowy_leaves		积雪的树叶
buildscape	block.buildscape.snowy_mangrove_leaf_hedge		积雪的红树树叶篱笆
buildscape	block.buildscape.snowy_mangrove_leaf_layers		积雪的红树树叶层
buildscape	block.buildscape.snowy_mangrove_leaves		积雪的红树树叶
buildscape	block.buildscape.snowy_oak_leaf_hedge		积雪的橡木树叶篱笆
buildscape	block.buildscape.snowy_oak_leaf_layers		积雪的橡树树叶层
buildscape	block.buildscape.snowy_oak_leaves		积雪的橡树树叶
buildscape	block.buildscape.snowy_short_grass		积雪的短草
buildscape	block.buildscape.snowy_spruce_leaf_hedge		积雪的云杉木树叶篱笆
buildscape	block.buildscape.snowy_spruce_leaf_layers		积雪的云杉树叶层
buildscape	block.buildscape.snowy_spruce_leaves		积雪的云杉树叶
buildscape	block.buildscape.snowy_tall_grass		积雪的高草丛
buildscape	block.buildscape.spool		线轴
buildscape	block.buildscape.spruce_leaf_hedge		云杉木树叶篱笆
buildscape	block.buildscape.spruce_leaf_layers		云杉树叶层
buildscape	block.buildscape.spruce_log_slab		云杉原木台阶
buildscape	block.buildscape.spruce_log_stairs		云杉原木楼梯
buildscape	block.buildscape.spruce_log_vertical_slab		云杉原木竖直台阶
buildscape	block.buildscape.spruce_vertical_slab		云杉木竖直台阶
buildscape	block.buildscape.spruce_wood_slab		云杉木台阶
buildscape	block.buildscape.spruce_wood_stairs		云杉木楼梯
buildscape	block.buildscape.spruce_wood_vertical_slab		云杉木竖直台阶
buildscape	block.buildscape.spruce_wood_wall		云杉木墙
buildscape	block.buildscape.steel_block		钢块
buildscape	block.buildscape.steel_block_slab		钢块台阶
buildscape	block.buildscape.steel_block_stairs		钢块楼梯
buildscape	block.buildscape.steel_block_vertical_slab		钢块竖直台阶
buildscape	block.buildscape.steel_block_wall		钢块墙
buildscape	block.buildscape.steel_casing		钢质机壳
buildscape	block.buildscape.steel_fan		钢风扇
buildscape	block.buildscape.steel_grate		钢格栅
buildscape	block.buildscape.steel_pillar		钢柱
buildscape	block.buildscape.steel_trim		钢接缝
buildscape	block.buildscape.stone_brick_vertical_slab		石砖竖直台阶
buildscape	block.buildscape.stone_pillar		石制支撑柱
buildscape	block.buildscape.stone_vertical_slab		石竖直台阶
buildscape	block.buildscape.stone_wall		石头墙
buildscape	block.buildscape.straw_bed		稻草床
buildscape	block.buildscape.stripped_acacia_log_slab		去皮金合欢原木台阶
buildscape	block.buildscape.stripped_acacia_log_stairs		去皮金合欢原木楼梯
buildscape	block.buildscape.stripped_acacia_log_vertical_slab		去皮金合欢原木竖直台阶
buildscape	block.buildscape.stripped_acacia_wood_slab		去皮金合欢木台阶
buildscape	block.buildscape.stripped_acacia_wood_stairs		去皮金合欢木楼梯
buildscape	block.buildscape.stripped_acacia_wood_vertical_slab		去皮金合欢木竖直台阶
buildscape	block.buildscape.stripped_acacia_wood_wall		去皮金合欢木墙
buildscape	block.buildscape.stripped_bamboo_block		去皮竹子块
buildscape	block.buildscape.stripped_bamboo_block_button		去皮竹子块按钮
buildscape	block.buildscape.stripped_bamboo_block_fence		去皮竹子块栅栏
buildscape	block.buildscape.stripped_bamboo_block_fence_gate		去皮竹子块栅栏门
buildscape	block.buildscape.stripped_bamboo_block_pressure_plate		去皮竹子块压力板
buildscape	block.buildscape.stripped_bamboo_block_slab		去皮竹子块台阶
buildscape	block.buildscape.stripped_bamboo_block_stairs		去皮竹子块楼梯
buildscape	block.buildscape.stripped_bamboo_block_vertical_slab		去皮竹子块竖直台阶
buildscape	block.buildscape.stripped_bamboo_block_wall		去皮竹子块墙
buildscape	block.buildscape.stripped_bamboo_wood		去皮竹子木
buildscape	block.buildscape.stripped_birch_log_slab		去皮白桦原木台阶
buildscape	block.buildscape.stripped_birch_log_stairs		去皮白桦原木楼梯
buildscape	block.buildscape.stripped_birch_log_vertical_slab		去皮白桦原木竖直台阶
buildscape	block.buildscape.stripped_birch_wood_slab		去皮白桦木台阶
buildscape	block.buildscape.stripped_birch_wood_stairs		去皮白桦木楼梯
buildscape	block.buildscape.stripped_birch_wood_vertical_slab		去皮白桦木竖直台阶
buildscape	block.buildscape.stripped_birch_wood_wall		去皮白桦木墙
buildscape	block.buildscape.stripped_crimson_hyphae_slab		去皮绯红菌核台阶
buildscape	block.buildscape.stripped_crimson_hyphae_stairs		去皮绯红菌核楼梯
buildscape	block.buildscape.stripped_crimson_hyphae_vertical_slab		去皮绯红菌核竖直台阶
buildscape	block.buildscape.stripped_crimson_stem_slab		去皮绯红菌柄台阶
buildscape	block.buildscape.stripped_crimson_stem_stairs		去皮绯红菌柄楼梯
buildscape	block.buildscape.stripped_crimson_stem_vertical_slab		去皮绯红菌柄竖直台阶
buildscape	block.buildscape.stripped_dark_oak_log_slab		去皮深色橡木原木台阶
buildscape	block.buildscape.stripped_dark_oak_log_stairs		去皮深色橡木原木楼梯
buildscape	block.buildscape.stripped_dark_oak_log_vertical_slab		去皮深色橡木原木竖直台阶
buildscape	block.buildscape.stripped_dark_oak_wood_slab		去皮深色橡木台阶
buildscape	block.buildscape.stripped_dark_oak_wood_stairs		去皮深色橡木楼梯
buildscape	block.buildscape.stripped_dark_oak_wood_vertical_slab		去皮深色橡木竖直台阶
buildscape	block.buildscape.stripped_dark_oak_wood_wall		去皮深色橡木墙
buildscape	block.buildscape.stripped_jungle_log_slab		去皮丛林原木台阶
buildscape	block.buildscape.stripped_jungle_log_stairs		去皮丛林原木楼梯
buildscape	block.buildscape.stripped_jungle_log_vertical_slab		去皮丛林原木竖直台阶
buildscape	block.buildscape.stripped_jungle_wood_slab		去皮丛林木台阶
buildscape	block.buildscape.stripped_jungle_wood_stairs		去皮丛林木楼梯
buildscape	block.buildscape.stripped_jungle_wood_vertical_slab		去皮丛林木竖直台阶
buildscape	block.buildscape.stripped_jungle_wood_wall		去皮丛林木墙
buildscape	block.buildscape.stripped_mangrove_log		去皮红树原木
buildscape	block.buildscape.stripped_mangrove_log_slab		去皮红树原木台阶
buildscape	block.buildscape.stripped_mangrove_log_stairs		去皮红树原木楼梯
buildscape	block.buildscape.stripped_mangrove_log_vertical_slab		去皮红树原木竖直台阶
buildscape	block.buildscape.stripped_mangrove_wood		去皮红树木
buildscape	block.buildscape.stripped_mangrove_wood_wall		去皮红树木墙
buildscape	block.buildscape.stripped_oak_log_slab		去皮橡木原木台阶
buildscape	block.buildscape.stripped_oak_log_stairs		去皮橡木原木楼梯
buildscape	block.buildscape.stripped_oak_log_vertical_slab		去皮橡木原木竖直台阶
buildscape	block.buildscape.stripped_oak_wood_slab		去皮橡木台阶
buildscape	block.buildscape.stripped_oak_wood_stairs		去皮橡木楼梯
buildscape	block.buildscape.stripped_oak_wood_vertical_slab		去皮橡木竖直台阶
buildscape	block.buildscape.stripped_oak_wood_wall		去皮橡木墙
buildscape	block.buildscape.stripped_poplar_log		去皮杨树原木
buildscape	block.buildscape.stripped_poplar_log_slab		去皮杨树原木台阶
buildscape	block.buildscape.stripped_poplar_log_stairs		去皮杨树原木楼梯
buildscape	block.buildscape.stripped_poplar_log_vertical_slab		去皮杨树原木竖直台阶
buildscape	block.buildscape.stripped_poplar_log_wall		去皮杨树原木墙
buildscape	block.buildscape.stripped_poplar_wood		去皮杨树木
buildscape	block.buildscape.stripped_poplar_wood_slab		去皮杨树木台阶
buildscape	block.buildscape.stripped_poplar_wood_stairs		去皮杨树木楼梯
buildscape	block.buildscape.stripped_poplar_wood_vertical_slab		去皮杨树木竖直台阶
buildscape	block.buildscape.stripped_spruce_log_slab		去皮云杉原木台阶
buildscape	block.buildscape.stripped_spruce_log_stairs		去皮云杉原木楼梯
buildscape	block.buildscape.stripped_spruce_log_vertical_slab		去皮云杉原木竖直台阶
buildscape	block.buildscape.stripped_spruce_wood_slab		去皮云杉木台阶
buildscape	block.buildscape.stripped_spruce_wood_stairs		去皮云杉木楼梯
buildscape	block.buildscape.stripped_spruce_wood_vertical_slab		去皮云杉木竖直台阶
buildscape	block.buildscape.stripped_spruce_wood_wall		去皮云杉木墙
buildscape	block.buildscape.stripped_warped_hyphae_slab		去皮诡异菌核台阶
buildscape	block.buildscape.stripped_warped_hyphae_stairs		去皮诡异菌核楼梯
buildscape	block.buildscape.stripped_warped_hyphae_vertical_slab		去皮诡异菌核竖直台阶
buildscape	block.buildscape.stripped_warped_stem_slab		去皮诡异菌柄台阶
buildscape	block.buildscape.stripped_warped_stem_stairs		去皮诡异菌柄楼梯
buildscape	block.buildscape.stripped_warped_stem_vertical_slab		去皮诡异菌柄竖直台阶
buildscape	block.buildscape.sulfur		硫块
buildscape	block.buildscape.sulfur_bricks		硫砖
buildscape	block.buildscape.sulfur_bricks_slab		硫砖台阶
buildscape	block.buildscape.sulfur_bricks_stairs		硫砖楼梯
buildscape	block.buildscape.sulfur_bricks_vertical_slab		硫砖竖直台阶
buildscape	block.buildscape.sulfur_bricks_wall		硫砖墙
buildscape	block.buildscape.sulfur_slab		硫台阶
buildscape	block.buildscape.sulfur_spike		硫尖刺
buildscape	block.buildscape.sulfur_stairs		硫楼梯
buildscape	block.buildscape.sulfur_vertical_slab		硫竖直台阶
buildscape	block.buildscape.sulfur_wall		硫墙
buildscape	block.buildscape.terracotta_slab		陶瓦台阶
buildscape	block.buildscape.terracotta_stairs		陶瓦楼梯
buildscape	block.buildscape.terracotta_vertical_slab		陶瓦竖直台阶
buildscape	block.buildscape.tinted_glass_ornament		遮光玻璃装饰品
buildscape	block.buildscape.tinted_glass_slab		遮光玻璃台阶
buildscape	block.buildscape.tinted_glass_stairs		遮光玻璃楼梯
buildscape	block.buildscape.tinted_glass_vertical_slab		遮光玻璃竖直台阶
buildscape	block.buildscape.trapped_decorated_pot		陷阱饰纹陶罐
buildscape	block.buildscape.tuff_brick_slab		凝灰岩砖台阶
buildscape	block.buildscape.tuff_brick_stairs		凝灰岩砖楼梯
buildscape	block.buildscape.tuff_brick_vertical_slab		凝灰岩砖竖直台阶
buildscape	block.buildscape.tuff_brick_wall		凝灰岩砖墙
buildscape	block.buildscape.tuff_bricks		凝灰岩砖
buildscape	block.buildscape.tuff_slab		凝灰岩台阶
buildscape	block.buildscape.tuff_stairs		凝灰岩楼梯
buildscape	block.buildscape.tuff_vertical_slab		凝灰岩竖直台阶
buildscape	block.buildscape.tuff_wall		凝灰岩墙
buildscape	block.buildscape.vertical_slab_prefix		竖直
buildscape	block.buildscape.warped_hyphae_slab		诡异菌核台阶
buildscape	block.buildscape.warped_hyphae_stairs		诡异菌核楼梯
buildscape	block.buildscape.warped_hyphae_vertical_slab		诡异菌核竖直台阶
buildscape	block.buildscape.warped_stem_slab		诡异菌柄台阶
buildscape	block.buildscape.warped_stem_stairs		诡异菌柄楼梯
buildscape	block.buildscape.warped_stem_vertical_slab		诡异菌柄竖直台阶
buildscape	block.buildscape.warped_vertical_slab		诡异木竖直台阶
buildscape	block.buildscape.waxed_cut_copper_vertical_slab		涂蜡切制铜竖直台阶
buildscape	block.buildscape.waxed_exposed_cut_copper_vertical_slab		涂蜡斑驳的切制铜竖直台阶
buildscape	block.buildscape.waxed_oxidized_cut_copper_vertical_slab		涂蜡氧化的切制铜竖直台阶
buildscape	block.buildscape.waxed_weathered_cut_copper_vertical_slab		涂蜡锈蚀的切制铜竖直台阶
buildscape	block.buildscape.weathered_copper_chain		锈蚀的铜锁链
buildscape	block.buildscape.weathered_cut_copper_vertical_slab		锈蚀的切制铜竖直台阶
buildscape	block.buildscape.white_big_book		白色大号书
buildscape	block.buildscape.white_carpet_layers		白色地毯层
buildscape	block.buildscape.white_concrete_slab		白色混凝土台阶
buildscape	block.buildscape.white_concrete_stairs		白色混凝土楼梯
buildscape	block.buildscape.white_concrete_vertical_slab		白色混凝土竖直台阶
buildscape	block.buildscape.white_concrete_wall		白色混凝土墙
buildscape	block.buildscape.white_cushion		白色坐垫
buildscape	block.buildscape.white_decorated_pot		白色饰纹陶罐
buildscape	block.buildscape.white_dye_sack		白色染料袋
buildscape	block.buildscape.white_festive_stocking		白色圣诞长袜
buildscape	block.buildscape.white_glazed_glass		白色釉面玻璃
buildscape	block.buildscape.white_glazed_glass_pane		白色釉面玻璃板
buildscape	block.buildscape.white_glazed_glass_slab		白色釉面玻璃台阶
buildscape	block.buildscape.white_glazed_glass_stairs		白色釉面玻璃楼梯
buildscape	block.buildscape.white_glazed_glass_vertical_slab		白色釉面玻璃竖直台阶
buildscape	block.buildscape.white_mosaic_glass		白色马赛克玻璃
buildscape	block.buildscape.white_mosaic_glass_pane		白色马赛克玻璃板
buildscape	block.buildscape.white_mosaic_glass_slab		白色马赛克玻璃台阶
buildscape	block.buildscape.white_mosaic_glass_stairs		白色马赛克玻璃楼梯
buildscape	block.buildscape.white_mosaic_glass_vertical_slab		白色马赛克玻璃竖直台阶
buildscape	block.buildscape.white_ornament		白色装饰品
buildscape	block.buildscape.white_redstone_lamp		白色红石灯
buildscape	block.buildscape.white_rose_vines		白色玫瑰藤蔓
buildscape	block.buildscape.white_sand		白色沙子
buildscape	block.buildscape.white_sandstone		白色砂岩
buildscape	block.buildscape.white_sandstone_slab		白色砂岩台阶
buildscape	block.buildscape.white_sandstone_stairs		白色砂岩楼梯
buildscape	block.buildscape.white_sandstone_vertical_slab		白色砂岩竖直台阶
buildscape	block.buildscape.white_sandstone_wall		白色砂岩墙
buildscape	block.buildscape.white_smooth_sandstone		白色平滑砂岩
buildscape	block.buildscape.white_smooth_sandstone_slab		白色平滑砂岩台阶
buildscape	block.buildscape.white_smooth_sandstone_stairs		白色平滑砂岩楼梯
buildscape	block.buildscape.white_smooth_sandstone_vertical_slab		白色平滑砂岩竖直台阶
buildscape	block.buildscape.white_smooth_sandstone_wall		白色平滑砂岩墙
buildscape	block.buildscape.white_spool		白色线轴
buildscape	block.buildscape.white_stained_brick_tiles		白色染色砖瓦
buildscape	block.buildscape.white_stained_brick_tiles_slab		白色染色砖瓦台阶
buildscape	block.buildscape.white_stained_brick_tiles_stairs		白色染色砖瓦楼梯
buildscape	block.buildscape.white_stained_brick_tiles_vertical_slab		白色染色砖瓦竖直台阶
buildscape	block.buildscape.white_stained_brick_tiles_wall		白色染色砖瓦墙
buildscape	block.buildscape.white_stained_bricks		白色染色砖
buildscape	block.buildscape.white_stained_bricks_slab		白色染色砖台阶
buildscape	block.buildscape.white_stained_bricks_stairs		白色染色砖楼梯
buildscape	block.buildscape.white_stained_bricks_vertical_slab		白色染色砖竖直台阶
buildscape	block.buildscape.white_stained_bricks_wall		白色染色砖墙
buildscape	block.buildscape.white_stained_glass_slab		白色染色玻璃台阶
buildscape	block.buildscape.white_stained_glass_stairs		白色染色玻璃楼梯
buildscape	block.buildscape.white_stained_glass_vertical_slab		白色染色玻璃竖直台阶
buildscape	block.buildscape.white_star		白色星星
buildscape	block.buildscape.white_string_light		白色串灯
buildscape	block.buildscape.white_terracotta_slab		白色陶瓦台阶
buildscape	block.buildscape.white_terracotta_stairs		白色陶瓦楼梯
buildscape	block.buildscape.white_terracotta_vertical_slab		白色陶瓦竖直台阶
buildscape	block.buildscape.white_tiles		白色瓦
buildscape	block.buildscape.white_tiles_slab		白色瓦台阶
buildscape	block.buildscape.white_tiles_stairs		白色瓦楼梯
buildscape	block.buildscape.white_tiles_vertical_slab		白色瓦竖直台阶
buildscape	block.buildscape.white_tiles_wall		白色瓦墙
buildscape	block.buildscape.white_trapped_decorated_pot		白色陷阱饰纹陶罐
buildscape	block.buildscape.white_wallpaper		白色墙纸
buildscape	block.buildscape.white_wallpaper_flat		白色墙纸平板
buildscape	block.buildscape.white_wallpaper_slab		白色墙纸台阶
buildscape	block.buildscape.white_wallpaper_vertical_slab		白色墙纸竖直台阶
buildscape	block.buildscape.white_wool_slab		白色羊毛台阶
buildscape	block.buildscape.white_wool_stairs		白色羊毛楼梯
buildscape	block.buildscape.white_wool_vertical_slab		白色羊毛竖直台阶
buildscape	block.buildscape.white_wool_wall		白色羊毛墙
buildscape	block.buildscape.yellow_big_book		黄色大号书
buildscape	block.buildscape.yellow_carpet_layers		黄色地毯层
buildscape	block.buildscape.yellow_concrete_slab		黄色混凝土台阶
buildscape	block.buildscape.yellow_concrete_stairs		黄色混凝土楼梯
buildscape	block.buildscape.yellow_concrete_vertical_slab		黄色混凝土竖直台阶
buildscape	block.buildscape.yellow_concrete_wall		黄色混凝土墙
buildscape	block.buildscape.yellow_cushion		黄色坐垫
buildscape	block.buildscape.yellow_decorated_pot		黄色饰纹陶罐
buildscape	block.buildscape.yellow_dye_sack		黄色染料袋
buildscape	block.buildscape.yellow_factory_mesh		黄色工厂网格
buildscape	block.buildscape.yellow_factory_mesh_slab		黄色工厂网格台阶
buildscape	block.buildscape.yellow_factory_mesh_stairs		黄色工厂网格楼梯
buildscape	block.buildscape.yellow_factory_mesh_vertical_slab		黄色工厂网格竖直台阶
buildscape	block.buildscape.yellow_factory_mesh_wall		黄色工厂网格墙
buildscape	block.buildscape.yellow_festive_stocking		黄色圣诞长袜
buildscape	block.buildscape.yellow_glazed_glass		黄色釉面玻璃
buildscape	block.buildscape.yellow_glazed_glass_pane		黄色釉面玻璃板
buildscape	block.buildscape.yellow_glazed_glass_slab		黄色釉面玻璃台阶
buildscape	block.buildscape.yellow_glazed_glass_stairs		黄色釉面玻璃楼梯
buildscape	block.buildscape.yellow_glazed_glass_vertical_slab		黄色釉面玻璃竖直台阶
buildscape	block.buildscape.yellow_monets		黄色莫奈花
buildscape	block.buildscape.yellow_mosaic_glass		黄色马赛克玻璃
buildscape	block.buildscape.yellow_mosaic_glass_pane		黄色马赛克玻璃板
buildscape	block.buildscape.yellow_mosaic_glass_slab		黄色马赛克玻璃台阶
buildscape	block.buildscape.yellow_mosaic_glass_stairs		黄色马赛克玻璃楼梯
buildscape	block.buildscape.yellow_mosaic_glass_vertical_slab		黄色马赛克玻璃竖直台阶
buildscape	block.buildscape.yellow_moss_block		黄色苔藓块
buildscape	block.buildscape.yellow_moss_block_slab		黄色苔藓块台阶
buildscape	block.buildscape.yellow_moss_block_stairs		黄色苔藓块楼梯
buildscape	block.buildscape.yellow_moss_block_vertical_slab		黄色苔藓块竖直台阶
buildscape	block.buildscape.yellow_moss_carpet		黄色苔藓地毯
buildscape	block.buildscape.yellow_moss_layers		黄色苔藓层
buildscape	block.buildscape.yellow_moss_overlay		黄色苔藓覆盖层
buildscape	block.buildscape.yellow_ornament		黄色装饰品
buildscape	block.buildscape.yellow_poplar_leaves		黄色杨树树叶
buildscape	block.buildscape.yellow_redstone_lamp		黄色红石灯
buildscape	block.buildscape.yellow_sand		黄色沙子
buildscape	block.buildscape.yellow_sandstone		黄色砂岩
buildscape	block.buildscape.yellow_sandstone_slab		黄色砂岩台阶
buildscape	block.buildscape.yellow_sandstone_stairs		黄色砂岩楼梯
buildscape	block.buildscape.yellow_sandstone_vertical_slab		黄色砂岩竖直台阶
buildscape	block.buildscape.yellow_sandstone_wall		黄色砂岩墙
buildscape	block.buildscape.yellow_smooth_sandstone		黄色平滑砂岩
buildscape	block.buildscape.yellow_smooth_sandstone_slab		黄色平滑砂岩台阶
buildscape	block.buildscape.yellow_smooth_sandstone_stairs		黄色平滑砂岩楼梯
buildscape	block.buildscape.yellow_smooth_sandstone_vertical_slab		黄色平滑砂岩竖直台阶
buildscape	block.buildscape.yellow_smooth_sandstone_wall		黄色平滑砂岩墙
buildscape	block.buildscape.yellow_spool		黄色线轴
buildscape	block.buildscape.yellow_stained_brick_tiles		黄色染色砖瓦
buildscape	block.buildscape.yellow_stained_brick_tiles_slab		黄色染色砖瓦台阶
buildscape	block.buildscape.yellow_stained_brick_tiles_stairs		黄色染色砖瓦楼梯
buildscape	block.buildscape.yellow_stained_brick_tiles_vertical_slab		黄色染色砖瓦竖直台阶
buildscape	block.buildscape.yellow_stained_brick_tiles_wall		黄色染色砖瓦墙
buildscape	block.buildscape.yellow_stained_bricks		黄色染色砖
buildscape	block.buildscape.yellow_stained_bricks_slab		黄色染色砖台阶
buildscape	block.buildscape.yellow_stained_bricks_stairs		黄色染色砖楼梯
buildscape	block.buildscape.yellow_stained_bricks_vertical_slab		黄色染色砖竖直台阶
buildscape	block.buildscape.yellow_stained_bricks_wall		黄色染色砖墙
buildscape	block.buildscape.yellow_stained_glass_slab		黄色染色玻璃台阶
buildscape	block.buildscape.yellow_stained_glass_stairs		黄色染色玻璃楼梯
buildscape	block.buildscape.yellow_stained_glass_vertical_slab		黄色染色玻璃竖直台阶
buildscape	block.buildscape.yellow_star		黄色星星
buildscape	block.buildscape.yellow_string_light		黄色串灯
buildscape	block.buildscape.yellow_terracotta_slab		黄色陶瓦台阶
buildscape	block.buildscape.yellow_terracotta_stairs		黄色陶瓦楼梯
buildscape	block.buildscape.yellow_terracotta_vertical_slab		黄色陶瓦竖直台阶
buildscape	block.buildscape.yellow_tiles		黄色瓦
buildscape	block.buildscape.yellow_tiles_slab		黄色瓦台阶
buildscape	block.buildscape.yellow_tiles_stairs		黄色瓦楼梯
buildscape	block.buildscape.yellow_tiles_vertical_slab		黄色瓦竖直台阶
buildscape	block.buildscape.yellow_tiles_wall		黄色瓦墙
buildscape	block.buildscape.yellow_trapped_decorated_pot		黄色陷阱饰纹陶罐
buildscape	block.buildscape.yellow_wallpaper		黄色墙纸
buildscape	block.buildscape.yellow_wallpaper_flat		黄色墙纸平板
buildscape	block.buildscape.yellow_wallpaper_slab		黄色墙纸台阶
buildscape	block.buildscape.yellow_wallpaper_vertical_slab		黄色墙纸竖直台阶
buildscape	block.buildscape.yellow_wool_slab		黄色羊毛台阶
buildscape	block.buildscape.yellow_wool_stairs		黄色羊毛楼梯
buildscape	block.buildscape.yellow_wool_vertical_slab		黄色羊毛竖直台阶
buildscape	block.buildscape.yellow_wool_wall		黄色羊毛墙
buildscape	block.minecraft.chain		铁锁链
buildscape	buildscape.config.all_items		全部物品
buildscape	buildscape.config.apply		应用
buildscape	buildscape.config.category.ids		柱 ID
buildscape	buildscape.config.category.items		柱物品
buildscape	buildscape.config.category.others		其他
buildscape	buildscape.config.category.particles		柱粒子效果
buildscape	buildscape.config.category.supporters		支持者
buildscape	buildscape.config.category.world		世界设置
buildscape	buildscape.config.coming_soon		敬请期待…
buildscape	buildscape.config.editgui		编辑 GUI 布局
buildscape	buildscape.config.existing_items		现有物品
buildscape	buildscape.config.filtered_items		已过滤物品列表
buildscape	buildscape.config.ids.add_row		添加行
buildscape	buildscape.config.ids.back		← 返回
buildscape	buildscape.config.ids.colors		颜色样本
buildscape	buildscape.config.ids.coords		坐标 x、y、z
buildscape	buildscape.config.ids.detail.max_colors		最高等级颜色
buildscape	buildscape.config.ids.detail.pattern		样式
buildscape	buildscape.config.ids.detail.subtitle		配置此柱的单独设置
buildscape	buildscape.config.ids.detail.use_pattern		使用图案
buildscape	buildscape.config.ids.dimension		维度
buildscape	buildscape.config.ids.empty		未找到柱 ID。
buildscape	buildscape.config.ids.id		柱 ID
buildscape	buildscape.config.ids.item		物品
buildscape	buildscape.config.ids.not_ready		管理器尚未就绪…
buildscape	buildscape.config.ids.reload		装填声
buildscape	buildscape.config.ids.remove		删除
buildscape	buildscape.config.ids.remove_all		删除全部
buildscape	buildscape.config.ids.removed_all		已成功移除全部柱 ID。
buildscape	buildscape.config.ids.removed_selected		已移除 %d 个柱 ID。
buildscape	buildscape.config.ids.save		储存模式
buildscape	buildscape.config.ids.select_all		全选
buildscape	buildscape.config.ids.status.saved		已成功保存柱 ID！
buildscape	buildscape.config.ids.unsaved		有未保存的更改！
buildscape	buildscape.config.inventory_items		物品栏物品
buildscape	buildscape.config.item_added		已添加物品：%s
buildscape	buildscape.config.item_removed		已移除物品：%s
buildscape	buildscape.config.kofi		在 Ko-fi 上支持作者
buildscape	buildscape.config.kofi.error		无法打开 Ko-fi 链接
buildscape	buildscape.config.mod_items		%s 个物品
buildscape	buildscape.config.op_only		看来是作者忘了给公众开启（仅管理员可用）
buildscape	buildscape.config.others.title		其他设置
buildscape	buildscape.config.others.vertical_stuff_manager		竖直方块管理器
buildscape	buildscape.config.particles.custom_properties		自定义属性
buildscape	buildscape.config.particles.default_properties		默认属性
buildscape	buildscape.config.particles.max_particle_color		最大颜色数：%d
buildscape	buildscape.config.particles.max_particles		最大粒子数
buildscape	buildscape.config.particles.particle_colors		粒子颜色
buildscape	buildscape.config.particles.particle_density		粒子密度
buildscape	buildscape.config.particles.particle_lifetime		粒子生命周期
buildscape	buildscape.config.particles.particle_speed		粒子速度
buildscape	buildscape.config.particles.particle_spread		粒子扩散
buildscape	buildscape.config.particles.pattern.beam		光束
buildscape	buildscape.config.particles.pattern.burst		爆裂状
buildscape	buildscape.config.particles.pattern.default		默认
buildscape	buildscape.config.particles.pattern.fountain		喷泉
buildscape	buildscape.config.particles.pattern.none		无
buildscape	buildscape.config.particles.pattern.pulse		脉冲
buildscape	buildscape.config.particles.pattern.ring		戒指
buildscape	buildscape.config.particles.pattern.snowflake		雪花
buildscape	buildscape.config.particles.pattern.spiral		螺旋
buildscape	buildscape.config.particles.pattern_intensity		图案强度
buildscape	buildscape.config.particles.pattern_properties		样式属性
buildscape	buildscape.config.particles.pattern_speed		样式速度
buildscape	buildscape.config.particles.pattern_spread		图案扩散
buildscape	buildscape.config.particles.reset_tooltip		重置配置
buildscape	buildscape.config.particles.title		柱粒子选项
buildscape	buildscape.config.particles.use_pattern.default		使用默认值
buildscape	buildscape.config.particles.use_pattern.pattern		使用图案
buildscape	buildscape.config.pillar_items		柱物品
buildscape	buildscape.config.preset.apply		应用
buildscape	buildscape.config.preset.create		制作
buildscape	buildscape.config.preset.delete		删除
buildscape	buildscape.config.preset.name		预设名称
buildscape	buildscape.config.preset.save		储存模式
buildscape	buildscape.config.presets		预设
buildscape	buildscape.config.remove		删除
buildscape	buildscape.config.search		搜索…
buildscape	buildscape.config.search_blocks		搜索方块…
buildscape	buildscape.config.search_mods		搜索模组…
buildscape	buildscape.config.select_inventory		选择从物品栏
buildscape	buildscape.config.select_inventory.instruction		点击背包中的物品以添加
buildscape	buildscape.config.sort.all		所有物品
buildscape	buildscape.config.sort.inventory		物品栏
buildscape	buildscape.config.sort.mod_only		仅模组
buildscape	buildscape.config.tags		全部标签
buildscape	buildscape.config.tags_inventory		物品栏标签
buildscape	buildscape.config.title		建筑景观配置
buildscape	buildscape.config.vertical.available		可用方块
buildscape	buildscape.config.vertical.blocked		已阻止（列入黑名单）
buildscape	buildscape.config.vertical.families		方块族
buildscape	buildscape.config.vertical.master		主注册表
buildscape	buildscape.config.vertical.mods		模组过滤器
buildscape	buildscape.config.vertical.selected		已选择（允许）
buildscape	buildscape.config.vertical.unconfigured		未配置的方块
buildscape	buildscape.config.world.leaf_decay		快速树叶凋落
buildscape	buildscape.config.world.player_rules		玩家规则
buildscape	buildscape.config.world.tree_breaker		创造模式断树
buildscape	buildscape.config.world.update_rules		世界规则
buildscape	buildscape.gui.editor.add_widget		新增部件
buildscape	buildscape.gui.editor.add_widget_title		制作新建部件
buildscape	buildscape.gui.editor.delete		删除所选
buildscape	buildscape.gui.editor.enter_name		输入组件名称：
buildscape	buildscape.gui.editor.instructions		编辑元素的位置、大小与缩放。使用鼠标滚轮滚动。
buildscape	buildscape.gui.editor.instructions_visual		点击选择，拖动移动，拖动边角调整大小。右键空白处添加组件。
buildscape	buildscape.gui.editor.layers		层
buildscape	buildscape.gui.editor.no_elements		尚未配置 GUI 元素。请先在标签页代码中注册组件。
buildscape	buildscape.gui.editor.no_elements_scan		未找到 GUI 元素。点击「扫描当前标签页」以发现组件。
buildscape	buildscape.gui.editor.nothing_found		此标签页中未找到组件。
buildscape	buildscape.gui.editor.reset		重置
buildscape	buildscape.gui.editor.save		储存模式
buildscape	buildscape.gui.editor.saved		已保存 %s 的 GUI 布局
buildscape	buildscape.gui.editor.scanned		发现了 %s 个组件。现在可以编辑它们。
buildscape	buildscape.gui.editor.scantab		扫描当前标签页的组件
buildscape	buildscape.gui.editor.title		GUI 编辑器 - %s
buildscape	gamerule.creativeTreeBreaker		创造模式断树
buildscape	gamerule.fastLeafDecay		快速树叶凋落
buildscape	guidebook.page.building.glass.body1		BuildScape 提供 **16 种颜色的马赛克玻璃与玻璃板**，与所有标准染料颜色一一对应。马赛克玻璃具有染色玻璃的外观，并叠加几何图案 —— 非常适合装饰性窗户。
buildscape	guidebook.page.building.glass.header		马赛克玻璃
buildscape	guidebook.page.building.overview.body1		BuildScape 添加了**数百种新建筑方块**，包括彩色瓦、马赛克玻璃、各种颜色的砂岩、混凝土楼梯/台阶等等。所有方块都与原版 Minecraft 无缝整合。
buildscape	guidebook.page.building.overview.header		建筑方块
buildscape	guidebook.page.building.slabs.body1		大多数 BuildScape 方块都有配套的**台阶、楼梯和墙**变体 —— 包括*竖直*台阶与楼梯变体，带来更多创造自由。
buildscape	guidebook.page.building.slabs.body2		竖直台阶通过右键点击已有方块的**侧面**放置，或在放置时潜行。
buildscape	guidebook.page.building.slabs.header		台阶与楼梯
buildscape	guidebook.page.deco.clover.body1		生长在草甸和平原生物群系的小型**三叶草**植株。它们纯粹用于装饰，但能为自然风格建筑增添出色的地表细节。
buildscape	guidebook.page.deco.clover.header		三叶草
buildscape	guidebook.page.deco.frames.body1		BuildScape 可以让原版物品框架变得**隐形** —— 边框会消失，只留下悬浮的物品。合成方式为用玻璃板环绕一个原版物品框架。
buildscape	guidebook.page.deco.frames.body2		对荧光物品框架同样有效！
buildscape	guidebook.page.deco.frames.header		隐形物品框架
buildscape	guidebook.page.deco.hedges.body1		**树叶篱笆方块**使用自定义脚步声，走过时会发出悦耳的沙沙声。它们作为完整实体方块运作，但外观为树叶。
buildscape	guidebook.page.deco.hedges.header		树叶篱笆
buildscape	guidebook.page.nature.flowers.body1		BuildScape 用**彩色玫瑰藤蔓**、多种色系的莫奈花、花瓣物品和冰霜玫瑰扩展了原版植物。它们可以堆肥，也可用作装饰。
buildscape	guidebook.page.nature.flowers.caption		玫瑰藤蔓 —— 可用作攀爬装饰。
buildscape	guidebook.page.nature.flowers.header		花朵与藤蔓
buildscape	guidebook.page.nature.mushroom.body1		**棕色与红色蘑菇架**是以蘑菇伞盖为造型的装饰架子方块。它们可以堆肥，与乡村风格建筑十分相配。
buildscape	guidebook.page.nature.mushroom.header		蘑菇架
buildscape	guidebook.page.nature.snowy.body1		所有原版高草、蕨和树叶类型都有**积雪变体**，会自然生成于寒冷生物群系，并可用精准采集获取。
buildscape	guidebook.page.nature.snowy.body2		积雪植物可以堆肥，并为冬季建筑增添自然气息。
buildscape	guidebook.page.nature.snowy.header		积雪植物
buildscape	guidebook.page.nature.spore.body1		BuildScape 添加了 **5 种新的孢子花颜色**（红、青、蓝、紫、橙），它们悬挂在天花板上，并发出与颜色相符的下落粒子效果。
buildscape	guidebook.page.nature.spore.header		孢子花
buildscape	guidebook.page.worldgen.leafdecay.body1		通过游戏规则 `creativeTreeBreaker` 或 BuildScape 配置启用**快速树叶凋落**。启用后，树木被砍倒后树叶几乎立即凋落 —— 大幅提升生存模式的砍伐效率。
buildscape	guidebook.page.worldgen.leafdecay.header		快速树叶凋落
buildscape	guidebook.page.worldgen.overview.body1		BuildScape 添加了若干世界生成特性，包括新树木类型、自然花朵生成，以及符合生物群系的地表覆盖。
buildscape	guidebook.page.worldgen.overview.body2		这些特性可通过 BuildScape 配置界面中的**其他**选项卡控制。
buildscape	guidebook.page.worldgen.overview.header		世界生成
buildscape	item.buildscape.acacia_leaf_hedge		金合欢树叶篱笆
buildscape	item.buildscape.acacia_leaf_layers		金合欢树叶层
buildscape	item.buildscape.acacia_log_slab		金合欢原木台阶
buildscape	item.buildscape.acacia_log_vertical_slab		金合欢原木竖直台阶
buildscape	item.buildscape.acacia_wood_slab		金合欢木台阶
buildscape	item.buildscape.acacia_wood_stairs		金合欢木楼梯
buildscape	item.buildscape.acacia_wood_vertical_slab		金合欢木竖直台阶
buildscape	item.buildscape.acacia_wood_wall		金合欢木墙
buildscape	item.buildscape.amethyst_block_slab		紫水晶块台阶
buildscape	item.buildscape.amethyst_block_stairs		紫水晶块楼梯
buildscape	item.buildscape.amethyst_block_vertical_slab		紫水晶块竖直台阶
buildscape	item.buildscape.ancient_ashen_scroll		远古灰烬卷轴
buildscape	item.buildscape.ancient_steel_chain		远古钢锁链
buildscape	item.buildscape.ashenking_diamond_pillar		灰烬王钻石柱
buildscape	item.buildscape.ashenking_emerald_pillar		灰烬王绿宝石柱
buildscape	item.buildscape.ashenking_gold_pillar		灰烬王金柱
buildscape	item.buildscape.ashenking_netherite_pillar		灰烬王下界合金柱
buildscape	item.buildscape.ashpen_black_button		黑色灰烬木按钮
buildscape	item.buildscape.ashpen_black_fence		黑色灰烬木栅栏
buildscape	item.buildscape.ashpen_black_fence_gate		黑色灰烬木栅栏门
buildscape	item.buildscape.ashpen_black_planks		黑色灰烬木木板
buildscape	item.buildscape.ashpen_black_pressure_plate		黑色灰烬木压力板
buildscape	item.buildscape.ashpen_black_slab		黑色灰烬木台阶
buildscape	item.buildscape.ashpen_black_stairs		黑色灰烬木楼梯
buildscape	item.buildscape.ashpen_black_vertical_slab		黑色灰烬木竖直台阶
buildscape	item.buildscape.ashpen_blue_button		蓝色灰烬木按钮
buildscape	item.buildscape.ashpen_blue_fence		蓝色灰烬木栅栏
buildscape	item.buildscape.ashpen_blue_fence_gate		蓝色灰烬木栅栏门
buildscape	item.buildscape.ashpen_blue_planks		蓝色灰烬木木板
buildscape	item.buildscape.ashpen_blue_pressure_plate		蓝色灰烬木压力板
buildscape	item.buildscape.ashpen_blue_slab		蓝色灰烬木台阶
buildscape	item.buildscape.ashpen_blue_stairs		蓝色灰烬木楼梯
buildscape	item.buildscape.ashpen_blue_vertical_slab		蓝色灰烬木竖直台阶
buildscape	item.buildscape.ashpen_brown_button		棕色灰烬木按钮
buildscape	item.buildscape.ashpen_brown_fence		棕色灰烬木栅栏
buildscape	item.buildscape.ashpen_brown_fence_gate		棕色灰烬木栅栏门
buildscape	item.buildscape.ashpen_brown_planks		棕色灰烬木木板
buildscape	item.buildscape.ashpen_brown_pressure_plate		棕色灰烬木压力板
buildscape	item.buildscape.ashpen_brown_slab		棕色灰烬木台阶
buildscape	item.buildscape.ashpen_brown_stairs		棕色灰烬木楼梯
buildscape	item.buildscape.ashpen_brown_vertical_slab		棕色灰烬木竖直台阶
buildscape	item.buildscape.ashpen_cyan_button		青色灰烬木按钮
buildscape	item.buildscape.ashpen_cyan_fence		青色灰烬木栅栏
buildscape	item.buildscape.ashpen_cyan_fence_gate		青色灰烬木栅栏门
buildscape	item.buildscape.ashpen_cyan_planks		青色灰烬木木板
buildscape	item.buildscape.ashpen_cyan_pressure_plate		青色灰烬木压力板
buildscape	item.buildscape.ashpen_cyan_slab		青色灰烬木台阶
buildscape	item.buildscape.ashpen_cyan_stairs		青色灰烬木楼梯
buildscape	item.buildscape.ashpen_cyan_vertical_slab		青色灰烬木竖直台阶
buildscape	item.buildscape.ashpen_gray_button		灰色灰烬木按钮
buildscape	item.buildscape.ashpen_gray_fence		灰色灰烬木栅栏
buildscape	item.buildscape.ashpen_gray_fence_gate		灰色灰烬木栅栏门
buildscape	item.buildscape.ashpen_gray_planks		灰色灰烬木木板
buildscape	item.buildscape.ashpen_gray_pressure_plate		灰色灰烬木压力板
buildscape	item.buildscape.ashpen_gray_slab		灰色灰烬木台阶
buildscape	item.buildscape.ashpen_gray_stairs		灰色灰烬木楼梯
buildscape	item.buildscape.ashpen_gray_vertical_slab		灰色灰烬木竖直台阶
buildscape	item.buildscape.ashpen_green_button		绿色灰烬木按钮
buildscape	item.buildscape.ashpen_green_fence		绿色灰烬木栅栏
buildscape	item.buildscape.ashpen_green_fence_gate		绿色灰烬木栅栏门
buildscape	item.buildscape.ashpen_green_planks		绿色灰烬木木板
buildscape	item.buildscape.ashpen_green_pressure_plate		绿色灰烬木压力板
buildscape	item.buildscape.ashpen_green_slab		绿色灰烬木台阶
buildscape	item.buildscape.ashpen_green_stairs		绿色灰烬木楼梯
buildscape	item.buildscape.ashpen_green_vertical_slab		绿色灰烬木竖直台阶
buildscape	item.buildscape.ashpen_light_blue_button		淡蓝色灰烬木按钮
buildscape	item.buildscape.ashpen_light_blue_fence		淡蓝色灰烬木栅栏
buildscape	item.buildscape.ashpen_light_blue_fence_gate		淡蓝色灰烬木栅栏门
buildscape	item.buildscape.ashpen_light_blue_planks		淡蓝色灰烬木木板
buildscape	item.buildscape.ashpen_light_blue_pressure_plate		淡蓝色灰烬木压力板
buildscape	item.buildscape.ashpen_light_blue_slab		淡蓝色灰烬木台阶
buildscape	item.buildscape.ashpen_light_blue_stairs		淡蓝色灰烬木楼梯
buildscape	item.buildscape.ashpen_light_blue_vertical_slab		淡蓝色灰烬木竖直台阶
buildscape	item.buildscape.ashpen_light_gray_button		淡灰色灰烬木按钮
buildscape	item.buildscape.ashpen_light_gray_fence		淡灰色灰烬木栅栏
buildscape	item.buildscape.ashpen_light_gray_fence_gate		淡灰色灰烬木栅栏门
buildscape	item.buildscape.ashpen_light_gray_planks		淡灰色灰烬木木板
buildscape	item.buildscape.ashpen_light_gray_pressure_plate		淡灰色灰烬木压力板
buildscape	item.buildscape.ashpen_light_gray_slab		淡灰色灰烬木台阶
buildscape	item.buildscape.ashpen_light_gray_stairs		淡灰色灰烬木楼梯
buildscape	item.buildscape.ashpen_light_gray_vertical_slab		淡灰色灰烬木竖直台阶
buildscape	item.buildscape.ashpen_lime_button		黄绿色灰烬木按钮
buildscape	item.buildscape.ashpen_lime_fence		黄绿色灰烬木栅栏
buildscape	item.buildscape.ashpen_lime_fence_gate		黄绿色灰烬木栅栏门
buildscape	item.buildscape.ashpen_lime_planks		黄绿色灰烬木木板
buildscape	item.buildscape.ashpen_lime_pressure_plate		黄绿色灰烬木压力板
buildscape	item.buildscape.ashpen_lime_slab		黄绿色灰烬木台阶
buildscape	item.buildscape.ashpen_lime_stairs		黄绿色灰烬木楼梯
buildscape	item.buildscape.ashpen_lime_vertical_slab		黄绿色灰烬木竖直台阶
buildscape	item.buildscape.ashpen_log		灰烬木原木
buildscape	item.buildscape.ashpen_log_slab		灰烬木原木台阶
buildscape	item.buildscape.ashpen_log_stairs		灰烬木原木楼梯
buildscape	item.buildscape.ashpen_log_vertical_slab		灰烬木原木竖直台阶
buildscape	item.buildscape.ashpen_magenta_button		品红色灰烬木按钮
buildscape	item.buildscape.ashpen_magenta_fence		品红色灰烬木栅栏
buildscape	item.buildscape.ashpen_magenta_fence_gate		品红色灰烬木栅栏门
buildscape	item.buildscape.ashpen_magenta_planks		品红色灰烬木木板
buildscape	item.buildscape.ashpen_magenta_pressure_plate		品红色灰烬木压力板
buildscape	item.buildscape.ashpen_magenta_slab		品红色灰烬木台阶
buildscape	item.buildscape.ashpen_magenta_stairs		品红色灰烬木楼梯
buildscape	item.buildscape.ashpen_magenta_vertical_slab		品红色灰烬木竖直台阶
buildscape	item.buildscape.ashpen_orange_button		橙色灰烬木按钮
buildscape	item.buildscape.ashpen_orange_fence		橙色灰烬木栅栏
buildscape	item.buildscape.ashpen_orange_fence_gate		橙色灰烬木栅栏门
buildscape	item.buildscape.ashpen_orange_planks		橙色灰烬木木板
buildscape	item.buildscape.ashpen_orange_pressure_plate		橙色灰烬木压力板
buildscape	item.buildscape.ashpen_orange_slab		橙色灰烬木台阶
buildscape	item.buildscape.ashpen_orange_stairs		橙色灰烬木楼梯
buildscape	item.buildscape.ashpen_orange_vertical_slab		橙色灰烬木竖直台阶
buildscape	item.buildscape.ashpen_pink_button		粉红色灰烬木按钮
buildscape	item.buildscape.ashpen_pink_fence		粉红色灰烬木栅栏
buildscape	item.buildscape.ashpen_pink_fence_gate		粉红色灰烬木栅栏门
buildscape	item.buildscape.ashpen_pink_planks		粉红色灰烬木木板
buildscape	item.buildscape.ashpen_pink_pressure_plate		粉红色灰烬木压力板
buildscape	item.buildscape.ashpen_pink_slab		粉红色灰烬木台阶
buildscape	item.buildscape.ashpen_pink_stairs		粉红色灰烬木楼梯
buildscape	item.buildscape.ashpen_pink_vertical_slab		粉红色灰烬木竖直台阶
buildscape	item.buildscape.ashpen_purple_button		紫色灰烬木按钮
buildscape	item.buildscape.ashpen_purple_fence		紫色灰烬木栅栏
buildscape	item.buildscape.ashpen_purple_fence_gate		紫色灰烬木栅栏门
buildscape	item.buildscape.ashpen_purple_planks		紫色灰烬木木板
buildscape	item.buildscape.ashpen_purple_pressure_plate		紫色灰烬木压力板
buildscape	item.buildscape.ashpen_purple_slab		紫色灰烬木台阶
buildscape	item.buildscape.ashpen_purple_stairs		紫色灰烬木楼梯
buildscape	item.buildscape.ashpen_purple_vertical_slab		紫色灰烬木竖直台阶
buildscape	item.buildscape.ashpen_red_button		红色灰烬木按钮
buildscape	item.buildscape.ashpen_red_fence		红色灰烬木栅栏
buildscape	item.buildscape.ashpen_red_fence_gate		红色灰烬木栅栏门
buildscape	item.buildscape.ashpen_red_planks		红色灰烬木木板
buildscape	item.buildscape.ashpen_red_pressure_plate		红色灰烬木压力板
buildscape	item.buildscape.ashpen_red_slab		红色灰烬木台阶
buildscape	item.buildscape.ashpen_red_stairs		红色灰烬木楼梯
buildscape	item.buildscape.ashpen_red_vertical_slab		红色灰烬木竖直台阶
buildscape	item.buildscape.ashpen_white_button		白色灰烬木按钮
buildscape	item.buildscape.ashpen_white_fence		白色灰烬木栅栏
buildscape	item.buildscape.ashpen_white_fence_gate		白色灰烬木栅栏门
buildscape	item.buildscape.ashpen_white_planks		白色灰烬木木板
buildscape	item.buildscape.ashpen_white_pressure_plate		白色灰烬木压力板
buildscape	item.buildscape.ashpen_white_slab		白色灰烬木台阶
buildscape	item.buildscape.ashpen_white_stairs		白色灰烬木楼梯
buildscape	item.buildscape.ashpen_white_vertical_slab		白色灰烬木竖直台阶
buildscape	item.buildscape.ashpen_wood		灰烬木
buildscape	item.buildscape.ashpen_wood_slab		灰烬木台阶
buildscape	item.buildscape.ashpen_wood_stairs		灰烬木楼梯
buildscape	item.buildscape.ashpen_wood_vertical_slab		灰烬木竖直台阶
buildscape	item.buildscape.ashpen_yellow_button		黄色灰烬木按钮
buildscape	item.buildscape.ashpen_yellow_fence		黄色灰烬木栅栏
buildscape	item.buildscape.ashpen_yellow_fence_gate		黄色灰烬木栅栏门
buildscape	item.buildscape.ashpen_yellow_planks		黄色灰烬木木板
buildscape	item.buildscape.ashpen_yellow_pressure_plate		黄色灰烬木压力板
buildscape	item.buildscape.ashpen_yellow_slab		黄色灰烬木台阶
buildscape	item.buildscape.ashpen_yellow_stairs		黄色灰烬木楼梯
buildscape	item.buildscape.ashpen_yellow_vertical_slab		黄色灰烬木竖直台阶
buildscape	item.buildscape.azalea_leaf_hedge		杜鹃花丛树叶篱笆
buildscape	item.buildscape.azalea_leaf_layers		杜鹃树叶层
buildscape	item.buildscape.bamboo_block		竹子块
buildscape	item.buildscape.bamboo_block_button		竹子块按钮
buildscape	item.buildscape.bamboo_block_fence		竹子块栅栏
buildscape	item.buildscape.bamboo_block_fence_gate		竹子块栅栏门
buildscape	item.buildscape.bamboo_block_pressure_plate		竹子块压力板
buildscape	item.buildscape.bamboo_block_slab		竹子块台阶
buildscape	item.buildscape.bamboo_block_stairs		竹子块楼梯
buildscape	item.buildscape.bamboo_block_vertical_slab		竹子块竖直台阶
buildscape	item.buildscape.bamboo_block_wall		竹子块墙
buildscape	item.buildscape.bamboo_door		竹门
buildscape	item.buildscape.bamboo_sign		竹子告示牌
buildscape	item.buildscape.bamboo_trapdoor		竹活板门
buildscape	item.buildscape.bamboo_wood		竹子木
buildscape	item.buildscape.bedrock_pane		基岩板
buildscape	item.buildscape.bedrock_slab		基岩台阶
buildscape	item.buildscape.bedrock_stairs		基岩楼梯
buildscape	item.buildscape.bedrock_wall		基岩墙
buildscape	item.buildscape.big_amethyst_candle		大号紫水晶蜡烛
buildscape	item.buildscape.big_black_candle		大号黑色蜡烛
buildscape	item.buildscape.big_blue_candle		大号蓝色蜡烛
buildscape	item.buildscape.big_brown_candle		大号棕色蜡烛
buildscape	item.buildscape.big_candle		大号蜡烛
buildscape	item.buildscape.big_cyan_candle		大号青色蜡烛
buildscape	item.buildscape.big_gray_candle		大号灰色蜡烛
buildscape	item.buildscape.big_green_candle		大号绿色蜡烛
buildscape	item.buildscape.big_light_blue_candle		大号淡蓝色蜡烛
buildscape	item.buildscape.big_light_gray_candle		大号淡灰色蜡烛
buildscape	item.buildscape.big_lime_candle		大号黄绿色蜡烛
buildscape	item.buildscape.big_magenta_candle		大号品红色蜡烛
buildscape	item.buildscape.big_orange_candle		大号橙色蜡烛
buildscape	item.buildscape.big_pink_candle		大号粉红色蜡烛
buildscape	item.buildscape.big_purple_candle		大号紫色蜡烛
buildscape	item.buildscape.big_red_candle		大号红色蜡烛
buildscape	item.buildscape.big_sculk_candle		大号幽匿蜡烛
buildscape	item.buildscape.big_white_candle		大号白色蜡烛
buildscape	item.buildscape.big_yellow_candle		大号黄色蜡烛
buildscape	item.buildscape.birch_leaf_hedge		白桦木树叶篱笆
buildscape	item.buildscape.birch_leaf_layers		白桦树叶层
buildscape	item.buildscape.birch_log_slab		白桦原木台阶
buildscape	item.buildscape.birch_log_vertical_slab		白桦原木竖直台阶
buildscape	item.buildscape.birch_wood_slab		白桦木台阶
buildscape	item.buildscape.birch_wood_stairs		白桦木楼梯
buildscape	item.buildscape.birch_wood_vertical_slab		白桦木竖直台阶
buildscape	item.buildscape.birch_wood_wall		白桦木墙
buildscape	item.buildscape.bit_chiseled_copper		镶饰錾制铜块
buildscape	item.buildscape.bit_chiseled_tuff		镶饰錾制凝灰岩
buildscape	item.buildscape.bit_chiseled_tuff_bricks		镶饰錾制凝灰岩砖
buildscape	item.buildscape.bit_copper_block		镶饰铜块
buildscape	item.buildscape.bit_copper_block_slab		镶饰铜块台阶
buildscape	item.buildscape.bit_copper_block_stairs		镶饰铜块楼梯
buildscape	item.buildscape.bit_copper_block_vertical_slab		镶饰铜块竖直台阶
buildscape	item.buildscape.bit_copper_block_wall		镶饰铜块墙
buildscape	item.buildscape.bit_copper_bulb		镶饰铜灯
buildscape	item.buildscape.bit_copper_grate		镶饰铜格栅
buildscape	item.buildscape.bit_cut_copper		镶饰切制铜块
buildscape	item.buildscape.bit_cut_copper_slab		镶饰切制铜台阶
buildscape	item.buildscape.bit_cut_copper_stairs		镶饰切制铜楼梯
buildscape	item.buildscape.bit_cut_copper_vertical_slab		镶饰切制铜竖直台阶
buildscape	item.buildscape.bit_cut_copper_wall		镶饰切制铜墙
buildscape	item.buildscape.bit_exposed_chiseled_copper		镶饰斑驳的錾制铜块
buildscape	item.buildscape.bit_exposed_copper_block		镶饰斑驳的铜块
buildscape	item.buildscape.bit_exposed_copper_block_slab		镶饰斑驳的铜块台阶
buildscape	item.buildscape.bit_exposed_copper_block_stairs		镶饰斑驳的铜块楼梯
buildscape	item.buildscape.bit_exposed_copper_block_vertical_slab		镶饰斑驳的铜块竖直台阶
buildscape	item.buildscape.bit_exposed_copper_block_wall		镶饰斑驳的铜块墙
buildscape	item.buildscape.bit_exposed_copper_bulb		镶饰斑驳的铜灯
buildscape	item.buildscape.bit_exposed_copper_grate		镶饰斑驳的铜格栅
buildscape	item.buildscape.bit_exposed_cut_copper		镶饰斑驳的切制铜块
buildscape	item.buildscape.bit_exposed_cut_copper_slab		镶饰斑驳的切制铜台阶
buildscape	item.buildscape.bit_exposed_cut_copper_stairs		镶饰斑驳的切制铜楼梯
buildscape	item.buildscape.bit_exposed_cut_copper_vertical_slab		镶饰斑驳的切制铜竖直台阶
buildscape	item.buildscape.bit_exposed_cut_copper_wall		镶饰斑驳的切制铜墙
buildscape	item.buildscape.bit_oxidized_chiseled_copper		镶饰氧化的錾制铜块
buildscape	item.buildscape.bit_oxidized_copper_block		镶饰氧化的铜块
buildscape	item.buildscape.bit_oxidized_copper_block_slab		镶饰氧化的铜块台阶
buildscape	item.buildscape.bit_oxidized_copper_block_stairs		镶饰氧化的铜块楼梯
buildscape	item.buildscape.bit_oxidized_copper_block_vertical_slab		镶饰氧化的铜块竖直台阶
buildscape	item.buildscape.bit_oxidized_copper_block_wall		镶饰氧化的铜块墙
buildscape	item.buildscape.bit_oxidized_copper_bulb		镶饰氧化的铜灯
buildscape	item.buildscape.bit_oxidized_copper_grate		镶饰氧化的铜格栅
buildscape	item.buildscape.bit_oxidized_cut_copper		镶饰氧化的切制铜块
buildscape	item.buildscape.bit_oxidized_cut_copper_slab		镶饰氧化的切制铜台阶
buildscape	item.buildscape.bit_oxidized_cut_copper_stairs		镶饰氧化的切制铜楼梯
buildscape	item.buildscape.bit_oxidized_cut_copper_vertical_slab		镶饰氧化的切制铜竖直台阶
buildscape	item.buildscape.bit_oxidized_cut_copper_wall		镶饰氧化的切制铜墙
buildscape	item.buildscape.bit_polished_tuff		镶饰磨制凝灰岩
buildscape	item.buildscape.bit_polished_tuff_slab		镶饰磨制凝灰岩台阶
buildscape	item.buildscape.bit_polished_tuff_stairs		镶饰磨制凝灰岩楼梯
buildscape	item.buildscape.bit_polished_tuff_vertical_slab		镶饰磨制凝灰岩竖直台阶
buildscape	item.buildscape.bit_polished_tuff_wall		镶饰磨制凝灰岩墙
buildscape	item.buildscape.bit_tuff_bricks		镶饰凝灰岩砖
buildscape	item.buildscape.bit_tuff_bricks_slab		镶饰凝灰岩砖台阶
buildscape	item.buildscape.bit_tuff_bricks_stairs		镶饰凝灰岩砖楼梯
buildscape	item.buildscape.bit_tuff_bricks_vertical_slab		镶饰凝灰岩砖竖直台阶
buildscape	item.buildscape.bit_tuff_bricks_wall		镶饰凝灰岩砖墙
buildscape	item.buildscape.bit_weathered_chiseled_copper		镶饰锈蚀的錾制铜块
buildscape	item.buildscape.bit_weathered_copper_block		镶饰锈蚀的铜块
buildscape	item.buildscape.bit_weathered_copper_block_slab		镶饰锈蚀的铜块台阶
buildscape	item.buildscape.bit_weathered_copper_block_stairs		镶饰锈蚀的铜块楼梯
buildscape	item.buildscape.bit_weathered_copper_block_vertical_slab		镶饰锈蚀的铜块竖直台阶
buildscape	item.buildscape.bit_weathered_copper_block_wall		镶饰锈蚀的铜块墙
buildscape	item.buildscape.bit_weathered_copper_bulb		镶饰锈蚀的铜灯
buildscape	item.buildscape.bit_weathered_copper_grate		镶饰锈蚀的铜格栅
buildscape	item.buildscape.bit_weathered_cut_copper		镶饰锈蚀的切制铜块
buildscape	item.buildscape.bit_weathered_cut_copper_slab		镶饰锈蚀的切制铜台阶
buildscape	item.buildscape.bit_weathered_cut_copper_stairs		镶饰锈蚀的切制铜楼梯
buildscape	item.buildscape.bit_weathered_cut_copper_vertical_slab		镶饰锈蚀的切制铜竖直台阶
buildscape	item.buildscape.bit_weathered_cut_copper_wall		镶饰锈蚀的切制铜墙
buildscape	item.buildscape.black_carpet_layers		黑色地毯层
buildscape	item.buildscape.black_concrete_slab		黑色混凝土台阶
buildscape	item.buildscape.black_concrete_stairs		黑色混凝土楼梯
buildscape	item.buildscape.black_concrete_vertical_slab		黑色混凝土竖直台阶
buildscape	item.buildscape.black_concrete_wall		黑色混凝土墙
buildscape	item.buildscape.black_decorated_pot		黑色饰纹陶罐
buildscape	item.buildscape.black_dye_sack		黑色染料袋
buildscape	item.buildscape.black_factory_mesh		黑色工厂网格
buildscape	item.buildscape.black_factory_mesh_slab		黑色工厂网格台阶
buildscape	item.buildscape.black_factory_mesh_stairs		黑色工厂网格楼梯
buildscape	item.buildscape.black_factory_mesh_vertical_slab		黑色工厂网格竖直台阶
buildscape	item.buildscape.black_factory_mesh_wall		黑色工厂网格墙
buildscape	item.buildscape.black_festive_stocking		黑色圣诞长袜
buildscape	item.buildscape.black_glazed_glass		黑色釉面玻璃
buildscape	item.buildscape.black_glazed_glass_pane		黑色釉面玻璃板
buildscape	item.buildscape.black_glazed_glass_slab		黑色釉面玻璃台阶
buildscape	item.buildscape.black_glazed_glass_stairs		黑色釉面玻璃楼梯
buildscape	item.buildscape.black_glazed_glass_vertical_slab		黑色釉面玻璃竖直台阶
buildscape	item.buildscape.black_item_frame		黑色物品框架
buildscape	item.buildscape.black_mosaic_glass		黑色马赛克玻璃
buildscape	item.buildscape.black_mosaic_glass_pane		黑色马赛克玻璃板
buildscape	item.buildscape.black_mosaic_glass_slab		黑色马赛克玻璃台阶
buildscape	item.buildscape.black_mosaic_glass_stairs		黑色马赛克玻璃楼梯
buildscape	item.buildscape.black_mosaic_glass_vertical_slab		黑色马赛克玻璃竖直台阶
buildscape	item.buildscape.black_ornament		黑色装饰品
buildscape	item.buildscape.black_redstone_lamp		黑色红石灯
buildscape	item.buildscape.black_rose_vines		黑色玫瑰藤蔓
buildscape	item.buildscape.black_sand		黑色沙子
buildscape	item.buildscape.black_sandstone		黑色砂岩
buildscape	item.buildscape.black_sandstone_slab		黑色砂岩台阶
buildscape	item.buildscape.black_sandstone_stairs		黑色砂岩楼梯
buildscape	item.buildscape.black_sandstone_vertical_slab		黑色砂岩竖直台阶
buildscape	item.buildscape.black_sandstone_wall		黑色砂岩墙
buildscape	item.buildscape.black_smooth_sandstone		黑色平滑砂岩
buildscape	item.buildscape.black_smooth_sandstone_slab		黑色平滑砂岩台阶
buildscape	item.buildscape.black_smooth_sandstone_stairs		黑色平滑砂岩楼梯
buildscape	item.buildscape.black_smooth_sandstone_vertical_slab		黑色平滑砂岩竖直台阶
buildscape	item.buildscape.black_smooth_sandstone_wall		黑色平滑砂岩墙
buildscape	item.buildscape.black_spool		黑色线轴
buildscape	item.buildscape.black_stained_bricks		黑色染色砖
buildscape	item.buildscape.black_stained_bricks_slab		黑色染色砖台阶
buildscape	item.buildscape.black_stained_bricks_stairs		黑色染色砖楼梯
buildscape	item.buildscape.black_stained_bricks_vertical_slab		黑色染色砖竖直台阶
buildscape	item.buildscape.black_stained_bricks_wall		黑色染色砖墙
buildscape	item.buildscape.black_stained_glass_slab		黑色染色玻璃台阶
buildscape	item.buildscape.black_stained_glass_stairs		黑色染色玻璃楼梯
buildscape	item.buildscape.black_stained_glass_vertical_slab		黑色染色玻璃竖直台阶
buildscape	item.buildscape.black_star		黑色星星
buildscape	item.buildscape.black_string_light		黑色串灯
buildscape	item.buildscape.black_tiles		黑色瓦
buildscape	item.buildscape.black_tiles_slab		黑色瓦台阶
buildscape	item.buildscape.black_tiles_stairs		黑色瓦楼梯
buildscape	item.buildscape.black_tiles_vertical_slab		黑色瓦竖直台阶
buildscape	item.buildscape.black_tiles_wall		黑色瓦墙
buildscape	item.buildscape.black_trapped_decorated_pot		黑色陷阱饰纹陶罐
buildscape	item.buildscape.black_wool_slab		黑色羊毛台阶
buildscape	item.buildscape.black_wool_stairs		黑色羊毛楼梯
buildscape	item.buildscape.black_wool_vertical_slab		黑色羊毛竖直台阶
buildscape	item.buildscape.black_wool_wall		黑色羊毛墙
buildscape	item.buildscape.blue_carpet_layers		蓝色地毯层
buildscape	item.buildscape.blue_concrete_slab		蓝色混凝土台阶
buildscape	item.buildscape.blue_concrete_stairs		蓝色混凝土楼梯
buildscape	item.buildscape.blue_concrete_vertical_slab		蓝色混凝土竖直台阶
buildscape	item.buildscape.blue_concrete_wall		蓝色混凝土墙
buildscape	item.buildscape.blue_decorated_pot		蓝色饰纹陶罐
buildscape	item.buildscape.blue_dye_sack		蓝色染料袋
buildscape	item.buildscape.blue_factory_mesh		蓝色工厂网格
buildscape	item.buildscape.blue_factory_mesh_slab		蓝色工厂网格台阶
buildscape	item.buildscape.blue_factory_mesh_stairs		蓝色工厂网格楼梯
buildscape	item.buildscape.blue_factory_mesh_vertical_slab		蓝色工厂网格竖直台阶
buildscape	item.buildscape.blue_factory_mesh_wall		蓝色工厂网格墙
buildscape	item.buildscape.blue_festive_stocking		蓝色圣诞长袜
buildscape	item.buildscape.blue_glazed_glass		蓝色釉面玻璃
buildscape	item.buildscape.blue_glazed_glass_pane		蓝色釉面玻璃板
buildscape	item.buildscape.blue_glazed_glass_slab		蓝色釉面玻璃台阶
buildscape	item.buildscape.blue_glazed_glass_stairs		蓝色釉面玻璃楼梯
buildscape	item.buildscape.blue_glazed_glass_vertical_slab		蓝色釉面玻璃竖直台阶
buildscape	item.buildscape.blue_item_frame		蓝色物品框架
buildscape	item.buildscape.blue_monets		蓝色莫奈花
buildscape	item.buildscape.blue_mosaic_glass		蓝色马赛克玻璃
buildscape	item.buildscape.blue_mosaic_glass_pane		蓝色马赛克玻璃板
buildscape	item.buildscape.blue_mosaic_glass_slab		蓝色马赛克玻璃台阶
buildscape	item.buildscape.blue_mosaic_glass_stairs		蓝色马赛克玻璃楼梯
buildscape	item.buildscape.blue_mosaic_glass_vertical_slab		蓝色马赛克玻璃竖直台阶
buildscape	item.buildscape.blue_ornament		蓝色装饰品
buildscape	item.buildscape.blue_petal		蓝色花瓣
buildscape	item.buildscape.blue_redstone_lamp		蓝色红石灯
buildscape	item.buildscape.blue_rose_vines		蓝色玫瑰藤蔓
buildscape	item.buildscape.blue_sand		蓝色沙子
buildscape	item.buildscape.blue_sandstone		蓝色砂岩
buildscape	item.buildscape.blue_sandstone_slab		蓝色砂岩台阶
buildscape	item.buildscape.blue_sandstone_stairs		蓝色砂岩楼梯
buildscape	item.buildscape.blue_sandstone_vertical_slab		蓝色砂岩竖直台阶
buildscape	item.buildscape.blue_sandstone_wall		蓝色砂岩墙
buildscape	item.buildscape.blue_smooth_sandstone		蓝色平滑砂岩
buildscape	item.buildscape.blue_smooth_sandstone_slab		蓝色平滑砂岩台阶
buildscape	item.buildscape.blue_smooth_sandstone_stairs		蓝色平滑砂岩楼梯
buildscape	item.buildscape.blue_smooth_sandstone_vertical_slab		蓝色平滑砂岩竖直台阶
buildscape	item.buildscape.blue_smooth_sandstone_wall		蓝色平滑砂岩墙
buildscape	item.buildscape.blue_spool		蓝色线轴
buildscape	item.buildscape.blue_spore_blossom		蓝色孢子花
buildscape	item.buildscape.blue_stained_bricks		蓝色染色砖
buildscape	item.buildscape.blue_stained_bricks_slab		蓝色染色砖台阶
buildscape	item.buildscape.blue_stained_bricks_stairs		蓝色染色砖楼梯
buildscape	item.buildscape.blue_stained_bricks_vertical_slab		蓝色染色砖竖直台阶
buildscape	item.buildscape.blue_stained_bricks_wall		蓝色染色砖墙
buildscape	item.buildscape.blue_stained_glass_slab		蓝色染色玻璃台阶
buildscape	item.buildscape.blue_stained_glass_stairs		蓝色染色玻璃楼梯
buildscape	item.buildscape.blue_stained_glass_vertical_slab		蓝色染色玻璃竖直台阶
buildscape	item.buildscape.blue_star		蓝色星星
buildscape	item.buildscape.blue_string_light		蓝色串灯
buildscape	item.buildscape.blue_tiles		蓝色瓦
buildscape	item.buildscape.blue_tiles_slab		蓝色瓦台阶
buildscape	item.buildscape.blue_tiles_stairs		蓝色瓦楼梯
buildscape	item.buildscape.blue_tiles_vertical_slab		蓝色瓦竖直台阶
buildscape	item.buildscape.blue_tiles_wall		蓝色瓦墙
buildscape	item.buildscape.blue_trapped_decorated_pot		蓝色陷阱饰纹陶罐
buildscape	item.buildscape.blue_wool_slab		蓝色羊毛台阶
buildscape	item.buildscape.blue_wool_stairs		蓝色羊毛楼梯
buildscape	item.buildscape.blue_wool_vertical_slab		蓝色羊毛竖直台阶
buildscape	item.buildscape.blue_wool_wall		蓝色羊毛墙
buildscape	item.buildscape.bolted_steel_pillar		螺栓钢柱
buildscape	item.buildscape.bottle_of_mist		雾气瓶
buildscape	item.buildscape.brown_carpet_layers		棕色地毯层
buildscape	item.buildscape.brown_concrete_slab		棕色混凝土台阶
buildscape	item.buildscape.brown_concrete_stairs		棕色混凝土楼梯
buildscape	item.buildscape.brown_concrete_vertical_slab		棕色混凝土竖直台阶
buildscape	item.buildscape.brown_concrete_wall		棕色混凝土墙
buildscape	item.buildscape.brown_decorated_pot		棕色饰纹陶罐
buildscape	item.buildscape.brown_dye_sack		棕色染料袋
buildscape	item.buildscape.brown_factory_mesh		棕色工厂网格
buildscape	item.buildscape.brown_factory_mesh_slab		棕色工厂网格台阶
buildscape	item.buildscape.brown_factory_mesh_stairs		棕色工厂网格楼梯
buildscape	item.buildscape.brown_factory_mesh_vertical_slab		棕色工厂网格竖直台阶
buildscape	item.buildscape.brown_factory_mesh_wall		棕色工厂网格墙
buildscape	item.buildscape.brown_festive_stocking		棕色圣诞长袜
buildscape	item.buildscape.brown_glazed_glass		棕色釉面玻璃
buildscape	item.buildscape.brown_glazed_glass_pane		棕色釉面玻璃板
buildscape	item.buildscape.brown_glazed_glass_slab		棕色釉面玻璃台阶
buildscape	item.buildscape.brown_glazed_glass_stairs		棕色釉面玻璃楼梯
buildscape	item.buildscape.brown_glazed_glass_vertical_slab		棕色釉面玻璃竖直台阶
buildscape	item.buildscape.brown_item_frame		棕色物品框架
buildscape	item.buildscape.brown_mosaic_glass		棕色马赛克玻璃
buildscape	item.buildscape.brown_mosaic_glass_pane		棕色马赛克玻璃板
buildscape	item.buildscape.brown_mosaic_glass_slab		棕色马赛克玻璃台阶
buildscape	item.buildscape.brown_mosaic_glass_stairs		棕色马赛克玻璃楼梯
buildscape	item.buildscape.brown_mosaic_glass_vertical_slab		棕色马赛克玻璃竖直台阶
buildscape	item.buildscape.brown_mushroom_shelves		棕色蘑菇架
buildscape	item.buildscape.brown_ornament		棕色装饰品
buildscape	item.buildscape.brown_redstone_lamp		棕色红石灯
buildscape	item.buildscape.brown_spool		棕色线轴
buildscape	item.buildscape.brown_stained_bricks		棕色染色砖
buildscape	item.buildscape.brown_stained_bricks_slab		棕色染色砖台阶
buildscape	item.buildscape.brown_stained_bricks_stairs		棕色染色砖楼梯
buildscape	item.buildscape.brown_stained_bricks_vertical_slab		棕色染色砖竖直台阶
buildscape	item.buildscape.brown_stained_bricks_wall		棕色染色砖墙
buildscape	item.buildscape.brown_stained_glass_slab		棕色染色玻璃台阶
buildscape	item.buildscape.brown_stained_glass_stairs		棕色染色玻璃楼梯
buildscape	item.buildscape.brown_stained_glass_vertical_slab		棕色染色玻璃竖直台阶
buildscape	item.buildscape.brown_star		棕色星星
buildscape	item.buildscape.brown_string_light		棕色串灯
buildscape	item.buildscape.brown_tiles		棕色瓦
buildscape	item.buildscape.brown_tiles_slab		棕色瓦台阶
buildscape	item.buildscape.brown_tiles_stairs		棕色瓦楼梯
buildscape	item.buildscape.brown_tiles_vertical_slab		棕色瓦竖直台阶
buildscape	item.buildscape.brown_tiles_wall		棕色瓦墙
buildscape	item.buildscape.brown_trapped_decorated_pot		棕色陷阱饰纹陶罐
buildscape	item.buildscape.brown_wool_slab		棕色羊毛台阶
buildscape	item.buildscape.brown_wool_stairs		棕色羊毛楼梯
buildscape	item.buildscape.brown_wool_vertical_slab		棕色羊毛竖直台阶
buildscape	item.buildscape.brown_wool_wall		棕色羊毛墙
buildscape	item.buildscape.calcite_slab		方解石台阶
buildscape	item.buildscape.calcite_stairs		方解石楼梯
buildscape	item.buildscape.calcite_vertical_slab		方解石竖直台阶
buildscape	item.buildscape.calcite_wall		方解石墙
buildscape	item.buildscape.cascade_block		瀑布块
buildscape	item.buildscape.cascade_block_no_mist		瀑布块（无雾气）
buildscape	item.buildscape.caution_black		黑色警示块
buildscape	item.buildscape.caution_black_slab		黑色警示台阶
buildscape	item.buildscape.caution_black_stairs		黑色警示楼梯
buildscape	item.buildscape.caution_black_vertical_slab		黑色警示竖直台阶
buildscape	item.buildscape.caution_blue		蓝色警示块
buildscape	item.buildscape.caution_blue_slab		蓝色警示台阶
buildscape	item.buildscape.caution_blue_stairs		蓝色警示楼梯
buildscape	item.buildscape.caution_blue_vertical_slab		蓝色警示竖直台阶
buildscape	item.buildscape.caution_candy		糖果警示块
buildscape	item.buildscape.caution_candy_slab		糖果警示台阶
buildscape	item.buildscape.caution_candy_stairs		糖果警示楼梯
buildscape	item.buildscape.caution_candy_vertical_slab		糖果警示竖直台阶
buildscape	item.buildscape.caution_citruscandy		柑橘糖果警示块
buildscape	item.buildscape.caution_citruscandy_slab		柑橘糖果警示台阶
buildscape	item.buildscape.caution_citruscandy_stairs		柑橘糖果警示楼梯
buildscape	item.buildscape.caution_citruscandy_vertical_slab		柑橘糖果警示竖直台阶
buildscape	item.buildscape.caution_cottoncandy		棉花糖果警示块
buildscape	item.buildscape.caution_cottoncandy_slab		棉花糖果警示台阶
buildscape	item.buildscape.caution_cottoncandy_stairs		棉花糖果警示楼梯
buildscape	item.buildscape.caution_cottoncandy_vertical_slab		棉花糖果警示竖直台阶
buildscape	item.buildscape.caution_factory		工厂警示块
buildscape	item.buildscape.caution_factory_slab		工厂警示台阶
buildscape	item.buildscape.caution_factory_stairs		工厂警示楼梯
buildscape	item.buildscape.caution_factory_vertical_slab		工厂警示竖直台阶
buildscape	item.buildscape.caution_lime		黄绿色警示块
buildscape	item.buildscape.caution_lime_slab		黄绿色警示台阶
buildscape	item.buildscape.caution_lime_stairs		黄绿色警示楼梯
buildscape	item.buildscape.caution_lime_vertical_slab		黄绿色警示竖直台阶
buildscape	item.buildscape.caution_mintcandy		薄荷糖果警示块
buildscape	item.buildscape.caution_mintcandy_slab		薄荷糖果警示台阶
buildscape	item.buildscape.caution_mintcandy_stairs		薄荷糖果警示楼梯
buildscape	item.buildscape.caution_mintcandy_vertical_slab		薄荷糖果警示竖直台阶
buildscape	item.buildscape.caution_pink		粉红色警示块
buildscape	item.buildscape.caution_pink_slab		粉红色警示台阶
buildscape	item.buildscape.caution_pink_stairs		粉红色警示楼梯
buildscape	item.buildscape.caution_pink_vertical_slab		粉红色警示竖直台阶
buildscape	item.buildscape.caution_red		红色警示块
buildscape	item.buildscape.caution_red_slab		红色警示台阶
buildscape	item.buildscape.caution_red_stairs		红色警示楼梯
buildscape	item.buildscape.caution_red_vertical_slab		红色警示竖直台阶
buildscape	item.buildscape.caution_white		白色警示块
buildscape	item.buildscape.caution_white_slab		白色警示台阶
buildscape	item.buildscape.caution_white_stairs		白色警示楼梯
buildscape	item.buildscape.caution_white_vertical_slab		白色警示竖直台阶
buildscape	item.buildscape.caution_yellow		黄色警示块
buildscape	item.buildscape.caution_yellow_slab		黄色警示台阶
buildscape	item.buildscape.caution_yellow_stairs		黄色警示楼梯
buildscape	item.buildscape.caution_yellow_vertical_slab		黄色警示竖直台阶
buildscape	item.buildscape.chiseled_cinnabar		錾制朱砂矿
buildscape	item.buildscape.chiseled_sulfur		錾制硫
buildscape	item.buildscape.chiseled_tuff		錾制凝灰岩
buildscape	item.buildscape.chiseled_tuff_bricks		錾制凝灰岩砖
buildscape	item.buildscape.cinnabar		朱砂矿块
buildscape	item.buildscape.cinnabar_bricks		朱砂矿砖
buildscape	item.buildscape.cinnabar_bricks_slab		朱砂矿砖台阶
buildscape	item.buildscape.cinnabar_bricks_stairs		朱砂矿砖楼梯
buildscape	item.buildscape.cinnabar_bricks_vertical_slab		朱砂矿砖竖直台阶
buildscape	item.buildscape.cinnabar_bricks_wall		朱砂矿砖墙
buildscape	item.buildscape.cinnabar_slab		朱砂矿台阶
buildscape	item.buildscape.cinnabar_stairs		朱砂矿楼梯
buildscape	item.buildscape.cinnabar_vertical_slab		朱砂矿竖直台阶
buildscape	item.buildscape.cinnabar_wall		朱砂矿墙
buildscape	item.buildscape.clover		三叶草
buildscape	item.buildscape.confetti		五彩纸屑
buildscape	item.buildscape.copper_chain		铜锁链
buildscape	item.buildscape.copper_nugget		铜粒
buildscape	item.buildscape.crimson_hyphae_slab		绯红菌核台阶
buildscape	item.buildscape.crimson_hyphae_stairs		绯红菌核楼梯
buildscape	item.buildscape.crimson_hyphae_vertical_slab		绯红菌核竖直台阶
buildscape	item.buildscape.crimson_stem_slab		绯红菌柄台阶
buildscape	item.buildscape.crimson_stem_vertical_slab		绯红菌柄竖直台阶
buildscape	item.buildscape.crying_obsidian_slab		哭泣的黑曜石台阶
buildscape	item.buildscape.crying_obsidian_stairs		哭泣的黑曜石楼梯
buildscape	item.buildscape.crying_obsidian_vertical_slab		哭泣的黑曜石竖直台阶
buildscape	item.buildscape.cut_red_sandstone_stairs		切制红砂岩楼梯
buildscape	item.buildscape.cut_red_sandstone_vertical_slab		切制红砂岩竖直台阶
buildscape	item.buildscape.cut_sandstone_stairs		切制砂岩楼梯
buildscape	item.buildscape.cut_sandstone_vertical_slab		切制砂岩竖直台阶
buildscape	item.buildscape.cut_steel		切制钢
buildscape	item.buildscape.cut_steel_slab		切制钢台阶
buildscape	item.buildscape.cut_steel_stairs		切制钢楼梯
buildscape	item.buildscape.cut_steel_vertical_slab		切制钢竖直台阶
buildscape	item.buildscape.cut_steel_wall		切制钢墙
buildscape	item.buildscape.cyan_carpet_layers		青色地毯层
buildscape	item.buildscape.cyan_concrete_slab		青色混凝土台阶
buildscape	item.buildscape.cyan_concrete_stairs		青色混凝土楼梯
buildscape	item.buildscape.cyan_concrete_vertical_slab		青色混凝土竖直台阶
buildscape	item.buildscape.cyan_concrete_wall		青色混凝土墙
buildscape	item.buildscape.cyan_decorated_pot		青色饰纹陶罐
buildscape	item.buildscape.cyan_dye_sack		青色染料袋
buildscape	item.buildscape.cyan_festive_stocking		青色圣诞长袜
buildscape	item.buildscape.cyan_glazed_glass		青色釉面玻璃
buildscape	item.buildscape.cyan_glazed_glass_pane		青色釉面玻璃板
buildscape	item.buildscape.cyan_glazed_glass_slab		青色釉面玻璃台阶
buildscape	item.buildscape.cyan_glazed_glass_stairs		青色釉面玻璃楼梯
buildscape	item.buildscape.cyan_glazed_glass_vertical_slab		青色釉面玻璃竖直台阶
buildscape	item.buildscape.cyan_item_frame		青色物品框架
buildscape	item.buildscape.cyan_mosaic_glass		青色马赛克玻璃
buildscape	item.buildscape.cyan_mosaic_glass_pane		青色马赛克玻璃板
buildscape	item.buildscape.cyan_mosaic_glass_slab		青色马赛克玻璃台阶
buildscape	item.buildscape.cyan_mosaic_glass_stairs		青色马赛克玻璃楼梯
buildscape	item.buildscape.cyan_mosaic_glass_vertical_slab		青色马赛克玻璃竖直台阶
buildscape	item.buildscape.cyan_ornament		青色装饰品
buildscape	item.buildscape.cyan_redstone_lamp		青色红石灯
buildscape	item.buildscape.cyan_spool		青色线轴
buildscape	item.buildscape.cyan_spore_blossom		青色孢子花
buildscape	item.buildscape.cyan_stained_bricks		青色染色砖
buildscape	item.buildscape.cyan_stained_bricks_slab		青色染色砖台阶
buildscape	item.buildscape.cyan_stained_bricks_stairs		青色染色砖楼梯
buildscape	item.buildscape.cyan_stained_bricks_vertical_slab		青色染色砖竖直台阶
buildscape	item.buildscape.cyan_stained_bricks_wall		青色染色砖墙
buildscape	item.buildscape.cyan_stained_glass_slab		青色染色玻璃台阶
buildscape	item.buildscape.cyan_stained_glass_stairs		青色染色玻璃楼梯
buildscape	item.buildscape.cyan_stained_glass_vertical_slab		青色染色玻璃竖直台阶
buildscape	item.buildscape.cyan_star		青色星星
buildscape	item.buildscape.cyan_string_light		青色串灯
buildscape	item.buildscape.cyan_tiles		青色瓦
buildscape	item.buildscape.cyan_tiles_slab		青色瓦台阶
buildscape	item.buildscape.cyan_tiles_stairs		青色瓦楼梯
buildscape	item.buildscape.cyan_tiles_vertical_slab		青色瓦竖直台阶
buildscape	item.buildscape.cyan_tiles_wall		青色瓦墙
buildscape	item.buildscape.cyan_trapped_decorated_pot		青色陷阱饰纹陶罐
buildscape	item.buildscape.cyan_wool_slab		青色羊毛台阶
buildscape	item.buildscape.cyan_wool_stairs		青色羊毛楼梯
buildscape	item.buildscape.cyan_wool_vertical_slab		青色羊毛竖直台阶
buildscape	item.buildscape.cyan_wool_wall		青色羊毛墙
buildscape	item.buildscape.dark_oak_leaf_hedge		深色橡木树叶篱笆
buildscape	item.buildscape.dark_oak_leaf_layers		深色橡树树叶层
buildscape	item.buildscape.dark_oak_log_slab		深色橡木原木台阶
buildscape	item.buildscape.dark_oak_log_vertical_slab		深色橡木原木竖直台阶
buildscape	item.buildscape.dark_oak_wood_slab		深色橡木台阶
buildscape	item.buildscape.dark_oak_wood_stairs		深色橡木楼梯
buildscape	item.buildscape.dark_oak_wood_vertical_slab		深色橡木竖直台阶
buildscape	item.buildscape.dark_oak_wood_wall		深色橡木墙
buildscape	item.buildscape.dark_prismarine_wall		暗海晶石墙
buildscape	item.buildscape.decorated_pot		饰纹陶罐
buildscape	item.buildscape.deepslate_pillar		深板岩柱
buildscape	item.buildscape.diamond_chain		钻石锁链
buildscape	item.buildscape.dirt_slab		泥土台阶
buildscape	item.buildscape.dirt_stairs		泥土楼梯
buildscape	item.buildscape.dirt_vertical_slab		泥土竖直台阶
buildscape	item.buildscape.dripstone_block_slab		滴水石块台阶
buildscape	item.buildscape.dripstone_block_stairs		滴水石块楼梯
buildscape	item.buildscape.dripstone_block_vertical_slab		滴水石块竖直台阶
buildscape	item.buildscape.dripstone_block_wall		滴水石块墙
buildscape	item.buildscape.emerald_chain		绿宝石锁链
buildscape	item.buildscape.end_stone_slab		末地石台阶
buildscape	item.buildscape.end_stone_stairs		末地石楼梯
buildscape	item.buildscape.end_stone_vertical_slab		末地石竖直台阶
buildscape	item.buildscape.end_stone_wall		末地石墙
buildscape	item.buildscape.exposed_copper_chain		斑驳的铜锁链
buildscape	item.buildscape.factory_black_glass		工厂黑色玻璃
buildscape	item.buildscape.factory_black_glass_pane		工厂黑色玻璃板
buildscape	item.buildscape.factory_black_glass_slab		工厂黑色玻璃台阶
buildscape	item.buildscape.factory_black_glass_stairs		工厂黑色玻璃楼梯
buildscape	item.buildscape.factory_black_glass_vertical_slab		工厂黑色玻璃竖直台阶
buildscape	item.buildscape.factory_blue_glass		工厂蓝色玻璃
buildscape	item.buildscape.factory_blue_glass_pane		工厂蓝色玻璃板
buildscape	item.buildscape.factory_blue_glass_slab		工厂蓝色玻璃台阶
buildscape	item.buildscape.factory_blue_glass_stairs		工厂蓝色玻璃楼梯
buildscape	item.buildscape.factory_blue_glass_vertical_slab		工厂蓝色玻璃竖直台阶
buildscape	item.buildscape.factory_brown_glass		工厂棕色玻璃
buildscape	item.buildscape.factory_brown_glass_pane		工厂棕色玻璃板
buildscape	item.buildscape.factory_brown_glass_slab		工厂棕色玻璃台阶
buildscape	item.buildscape.factory_brown_glass_stairs		工厂棕色玻璃楼梯
buildscape	item.buildscape.factory_brown_glass_vertical_slab		工厂棕色玻璃竖直台阶
buildscape	item.buildscape.factory_cyan_glass		工厂青色玻璃
buildscape	item.buildscape.factory_cyan_glass_pane		工厂青色玻璃板
buildscape	item.buildscape.factory_cyan_glass_slab		工厂青色玻璃台阶
buildscape	item.buildscape.factory_cyan_glass_stairs		工厂青色玻璃楼梯
buildscape	item.buildscape.factory_cyan_glass_vertical_slab		工厂青色玻璃竖直台阶
buildscape	item.buildscape.factory_gray_glass		工厂灰色玻璃
buildscape	item.buildscape.factory_gray_glass_pane		工厂灰色玻璃板
buildscape	item.buildscape.factory_gray_glass_slab		工厂灰色玻璃台阶
buildscape	item.buildscape.factory_gray_glass_stairs		工厂灰色玻璃楼梯
buildscape	item.buildscape.factory_gray_glass_vertical_slab		工厂灰色玻璃竖直台阶
buildscape	item.buildscape.factory_green_glass		工厂绿色玻璃
buildscape	item.buildscape.factory_green_glass_pane		工厂绿色玻璃板
buildscape	item.buildscape.factory_green_glass_slab		工厂绿色玻璃台阶
buildscape	item.buildscape.factory_green_glass_stairs		工厂绿色玻璃楼梯
buildscape	item.buildscape.factory_green_glass_vertical_slab		工厂绿色玻璃竖直台阶
buildscape	item.buildscape.factory_light_blue_glass		工厂淡蓝色玻璃
buildscape	item.buildscape.factory_light_blue_glass_pane		工厂淡蓝色玻璃板
buildscape	item.buildscape.factory_light_blue_glass_slab		工厂淡蓝色玻璃台阶
buildscape	item.buildscape.factory_light_blue_glass_stairs		工厂淡蓝色玻璃楼梯
buildscape	item.buildscape.factory_light_blue_glass_vertical_slab		工厂淡蓝色玻璃竖直台阶
buildscape	item.buildscape.factory_light_gray_glass		工厂淡灰色玻璃
buildscape	item.buildscape.factory_light_gray_glass_pane		工厂淡灰色玻璃板
buildscape	item.buildscape.factory_light_gray_glass_slab		工厂淡灰色玻璃台阶
buildscape	item.buildscape.factory_light_gray_glass_stairs		工厂淡灰色玻璃楼梯
buildscape	item.buildscape.factory_light_gray_glass_vertical_slab		工厂淡灰色玻璃竖直台阶
buildscape	item.buildscape.factory_lime_glass		工厂黄绿色玻璃
buildscape	item.buildscape.factory_lime_glass_pane		工厂黄绿色玻璃板
buildscape	item.buildscape.factory_lime_glass_slab		工厂黄绿色玻璃台阶
buildscape	item.buildscape.factory_lime_glass_stairs		工厂黄绿色玻璃楼梯
buildscape	item.buildscape.factory_lime_glass_vertical_slab		工厂黄绿色玻璃竖直台阶
buildscape	item.buildscape.factory_magenta_glass		工厂品红色玻璃
buildscape	item.buildscape.factory_magenta_glass_pane		工厂品红色玻璃板
buildscape	item.buildscape.factory_magenta_glass_slab		工厂品红色玻璃台阶
buildscape	item.buildscape.factory_magenta_glass_stairs		工厂品红色玻璃楼梯
buildscape	item.buildscape.factory_magenta_glass_vertical_slab		工厂品红色玻璃竖直台阶
buildscape	item.buildscape.factory_orange_glass		工厂橙色玻璃
buildscape	item.buildscape.factory_orange_glass_pane		工厂橙色玻璃板
buildscape	item.buildscape.factory_orange_glass_slab		工厂橙色玻璃台阶
buildscape	item.buildscape.factory_orange_glass_stairs		工厂橙色玻璃楼梯
buildscape	item.buildscape.factory_orange_glass_vertical_slab		工厂橙色玻璃竖直台阶
buildscape	item.buildscape.factory_pink_glass		工厂粉红色玻璃
buildscape	item.buildscape.factory_pink_glass_pane		工厂粉红色玻璃板
buildscape	item.buildscape.factory_pink_glass_slab		工厂粉红色玻璃台阶
buildscape	item.buildscape.factory_pink_glass_stairs		工厂粉红色玻璃楼梯
buildscape	item.buildscape.factory_pink_glass_vertical_slab		工厂粉红色玻璃竖直台阶
buildscape	item.buildscape.factory_purple_glass		工厂紫色玻璃
buildscape	item.buildscape.factory_purple_glass_pane		工厂紫色玻璃板
buildscape	item.buildscape.factory_purple_glass_slab		工厂紫色玻璃台阶
buildscape	item.buildscape.factory_purple_glass_stairs		工厂紫色玻璃楼梯
buildscape	item.buildscape.factory_purple_glass_vertical_slab		工厂紫色玻璃竖直台阶
buildscape	item.buildscape.factory_red_glass		工厂红色玻璃
buildscape	item.buildscape.factory_red_glass_pane		工厂红色玻璃板
buildscape	item.buildscape.factory_red_glass_slab		工厂红色玻璃台阶
buildscape	item.buildscape.factory_red_glass_stairs		工厂红色玻璃楼梯
buildscape	item.buildscape.factory_red_glass_vertical_slab		工厂红色玻璃竖直台阶
buildscape	item.buildscape.factory_steel_panel		工厂钢板
buildscape	item.buildscape.factory_white_glass		工厂白色玻璃
buildscape	item.buildscape.factory_white_glass_pane		工厂白色玻璃板
buildscape	item.buildscape.factory_white_glass_slab		工厂白色玻璃台阶
buildscape	item.buildscape.factory_white_glass_stairs		工厂白色玻璃楼梯
buildscape	item.buildscape.factory_white_glass_vertical_slab		工厂白色玻璃竖直台阶
buildscape	item.buildscape.factory_yellow_glass		工厂黄色玻璃
buildscape	item.buildscape.factory_yellow_glass_pane		工厂黄色玻璃板
buildscape	item.buildscape.factory_yellow_glass_slab		工厂黄色玻璃台阶
buildscape	item.buildscape.factory_yellow_glass_stairs		工厂黄色玻璃楼梯
buildscape	item.buildscape.factory_yellow_glass_vertical_slab		工厂黄色玻璃竖直台阶
buildscape	item.buildscape.festive_lamp		圣诞灯
buildscape	item.buildscape.festive_stocking		圣诞长袜
buildscape	item.buildscape.flowering_azalea_leaf_hedge		盛开的杜鹃花丛树叶篱笆
buildscape	item.buildscape.flowering_azalea_leaf_layers		盛开的杜鹃树叶层
buildscape	item.buildscape.framed_caution		镶框警示块
buildscape	item.buildscape.framed_caution_slab		镶框警示台阶
buildscape	item.buildscape.framed_caution_stairs		镶框警示楼梯
buildscape	item.buildscape.framed_caution_vertical_slab		镶框警示竖直台阶
buildscape	item.buildscape.frost_rose		冰霜玫瑰
buildscape	item.buildscape.glass_ornament		玻璃装饰品
buildscape	item.buildscape.glass_slab		玻璃台阶
buildscape	item.buildscape.glass_stairs		玻璃楼梯
buildscape	item.buildscape.glass_vertical_slab		玻璃竖直台阶
buildscape	item.buildscape.glow_ink_sack		荧光墨囊
buildscape	item.buildscape.glow_lights		荧光灯
buildscape	item.buildscape.glow_star		荧光星星
buildscape	item.buildscape.glowing_spool		发光线轴
buildscape	item.buildscape.gold_chain		金锁链
buildscape	item.buildscape.gray_carpet_layers		灰色地毯层
buildscape	item.buildscape.gray_concrete_slab		灰色混凝土台阶
buildscape	item.buildscape.gray_concrete_stairs		灰色混凝土楼梯
buildscape	item.buildscape.gray_concrete_vertical_slab		灰色混凝土竖直台阶
buildscape	item.buildscape.gray_concrete_wall		灰色混凝土墙
buildscape	item.buildscape.gray_decorated_pot		灰色饰纹陶罐
buildscape	item.buildscape.gray_dye_sack		灰色染料袋
buildscape	item.buildscape.gray_factory_mesh		灰色工厂网格
buildscape	item.buildscape.gray_factory_mesh_slab		灰色工厂网格台阶
buildscape	item.buildscape.gray_factory_mesh_stairs		灰色工厂网格楼梯
buildscape	item.buildscape.gray_factory_mesh_vertical_slab		灰色工厂网格竖直台阶
buildscape	item.buildscape.gray_factory_mesh_wall		灰色工厂网格墙
buildscape	item.buildscape.gray_festive_stocking		灰色圣诞长袜
buildscape	item.buildscape.gray_glazed_glass		灰色釉面玻璃
buildscape	item.buildscape.gray_glazed_glass_pane		灰色釉面玻璃板
buildscape	item.buildscape.gray_glazed_glass_slab		灰色釉面玻璃台阶
buildscape	item.buildscape.gray_glazed_glass_stairs		灰色釉面玻璃楼梯
buildscape	item.buildscape.gray_glazed_glass_vertical_slab		灰色釉面玻璃竖直台阶
buildscape	item.buildscape.gray_item_frame		灰色物品框架
buildscape	item.buildscape.gray_mosaic_glass		灰色马赛克玻璃
buildscape	item.buildscape.gray_mosaic_glass_pane		灰色马赛克玻璃板
buildscape	item.buildscape.gray_mosaic_glass_slab		灰色马赛克玻璃台阶
buildscape	item.buildscape.gray_mosaic_glass_stairs		灰色马赛克玻璃楼梯
buildscape	item.buildscape.gray_mosaic_glass_vertical_slab		灰色马赛克玻璃竖直台阶
buildscape	item.buildscape.gray_ornament		灰色装饰品
buildscape	item.buildscape.gray_redstone_lamp		灰色红石灯
buildscape	item.buildscape.gray_spool		灰色线轴
buildscape	item.buildscape.gray_stained_bricks		灰色染色砖
buildscape	item.buildscape.gray_stained_bricks_slab		灰色染色砖台阶
buildscape	item.buildscape.gray_stained_bricks_stairs		灰色染色砖楼梯
buildscape	item.buildscape.gray_stained_bricks_vertical_slab		灰色染色砖竖直台阶
buildscape	item.buildscape.gray_stained_bricks_wall		灰色染色砖墙
buildscape	item.buildscape.gray_stained_glass_slab		灰色染色玻璃台阶
buildscape	item.buildscape.gray_stained_glass_stairs		灰色染色玻璃楼梯
buildscape	item.buildscape.gray_stained_glass_vertical_slab		灰色染色玻璃竖直台阶
buildscape	item.buildscape.gray_star		灰色星星
buildscape	item.buildscape.gray_string_light		灰色串灯
buildscape	item.buildscape.gray_tiles		灰色瓦
buildscape	item.buildscape.gray_tiles_slab		灰色瓦台阶
buildscape	item.buildscape.gray_tiles_stairs		灰色瓦楼梯
buildscape	item.buildscape.gray_tiles_vertical_slab		灰色瓦竖直台阶
buildscape	item.buildscape.gray_tiles_wall		灰色瓦墙
buildscape	item.buildscape.gray_trapped_decorated_pot		灰色陷阱饰纹陶罐
buildscape	item.buildscape.gray_wool_slab		灰色羊毛台阶
buildscape	item.buildscape.gray_wool_stairs		灰色羊毛楼梯
buildscape	item.buildscape.gray_wool_vertical_slab		灰色羊毛竖直台阶
buildscape	item.buildscape.gray_wool_wall		灰色羊毛墙
buildscape	item.buildscape.green_carpet_layers		绿色地毯层
buildscape	item.buildscape.green_concrete_slab		绿色混凝土台阶
buildscape	item.buildscape.green_concrete_stairs		绿色混凝土楼梯
buildscape	item.buildscape.green_concrete_vertical_slab		绿色混凝土竖直台阶
buildscape	item.buildscape.green_concrete_wall		绿色混凝土墙
buildscape	item.buildscape.green_decorated_pot		绿色饰纹陶罐
buildscape	item.buildscape.green_dye_sack		绿色染料袋
buildscape	item.buildscape.green_factory_mesh		绿色工厂网格
buildscape	item.buildscape.green_factory_mesh_slab		绿色工厂网格台阶
buildscape	item.buildscape.green_factory_mesh_stairs		绿色工厂网格楼梯
buildscape	item.buildscape.green_factory_mesh_vertical_slab		绿色工厂网格竖直台阶
buildscape	item.buildscape.green_factory_mesh_wall		绿色工厂网格墙
buildscape	item.buildscape.green_festive_stocking		绿色圣诞长袜
buildscape	item.buildscape.green_glazed_glass		绿色釉面玻璃
buildscape	item.buildscape.green_glazed_glass_pane		绿色釉面玻璃板
buildscape	item.buildscape.green_glazed_glass_slab		绿色釉面玻璃台阶
buildscape	item.buildscape.green_glazed_glass_stairs		绿色釉面玻璃楼梯
buildscape	item.buildscape.green_glazed_glass_vertical_slab		绿色釉面玻璃竖直台阶
buildscape	item.buildscape.green_item_frame		绿色物品框架
buildscape	item.buildscape.green_mosaic_glass		绿色马赛克玻璃
buildscape	item.buildscape.green_mosaic_glass_pane		绿色马赛克玻璃板
buildscape	item.buildscape.green_mosaic_glass_slab		绿色马赛克玻璃台阶
buildscape	item.buildscape.green_mosaic_glass_stairs		绿色马赛克玻璃楼梯
buildscape	item.buildscape.green_mosaic_glass_vertical_slab		绿色马赛克玻璃竖直台阶
buildscape	item.buildscape.green_ornament		绿色装饰品
buildscape	item.buildscape.green_redstone_lamp		绿色红石灯
buildscape	item.buildscape.green_sand		绿色沙子
buildscape	item.buildscape.green_sandstone		绿色砂岩
buildscape	item.buildscape.green_sandstone_slab		绿色砂岩台阶
buildscape	item.buildscape.green_sandstone_stairs		绿色砂岩楼梯
buildscape	item.buildscape.green_sandstone_vertical_slab		绿色砂岩竖直台阶
buildscape	item.buildscape.green_sandstone_wall		绿色砂岩墙
buildscape	item.buildscape.green_smooth_sandstone		绿色平滑砂岩
buildscape	item.buildscape.green_smooth_sandstone_slab		绿色平滑砂岩台阶
buildscape	item.buildscape.green_smooth_sandstone_stairs		绿色平滑砂岩楼梯
buildscape	item.buildscape.green_smooth_sandstone_vertical_slab		绿色平滑砂岩竖直台阶
buildscape	item.buildscape.green_smooth_sandstone_wall		绿色平滑砂岩墙
buildscape	item.buildscape.green_spool		绿色线轴
buildscape	item.buildscape.green_stained_bricks		绿色染色砖
buildscape	item.buildscape.green_stained_bricks_slab		绿色染色砖台阶
buildscape	item.buildscape.green_stained_bricks_stairs		绿色染色砖楼梯
buildscape	item.buildscape.green_stained_bricks_vertical_slab		绿色染色砖竖直台阶
buildscape	item.buildscape.green_stained_bricks_wall		绿色染色砖墙
buildscape	item.buildscape.green_stained_glass_slab		绿色染色玻璃台阶
buildscape	item.buildscape.green_stained_glass_stairs		绿色染色玻璃楼梯
buildscape	item.buildscape.green_stained_glass_vertical_slab		绿色染色玻璃竖直台阶
buildscape	item.buildscape.green_star		绿色星星
buildscape	item.buildscape.green_string_light		绿色串灯
buildscape	item.buildscape.green_tiles		绿色瓦
buildscape	item.buildscape.green_tiles_slab		绿色瓦台阶
buildscape	item.buildscape.green_tiles_stairs		绿色瓦楼梯
buildscape	item.buildscape.green_tiles_vertical_slab		绿色瓦竖直台阶
buildscape	item.buildscape.green_tiles_wall		绿色瓦墙
buildscape	item.buildscape.green_trapped_decorated_pot		绿色陷阱饰纹陶罐
buildscape	item.buildscape.green_wool_slab		绿色羊毛台阶
buildscape	item.buildscape.green_wool_stairs		绿色羊毛楼梯
buildscape	item.buildscape.green_wool_vertical_slab		绿色羊毛竖直台阶
buildscape	item.buildscape.green_wool_wall		绿色羊毛墙
buildscape	item.buildscape.hay_bale_slab		干草块台阶
buildscape	item.buildscape.hay_bale_stairs		干草块楼梯
buildscape	item.buildscape.hay_bale_vertical_slab		干草块竖直台阶
buildscape	item.buildscape.icicle		冰锥
buildscape	item.buildscape.icicle_block		冰锥块
buildscape	item.buildscape.invisible_item_frame		隐形物品框架
buildscape	item.buildscape.invisible_item_frame.tooltip		持有隐形物品框架时 §4潜行§7 以定位它们
buildscape	item.buildscape.jungle_leaf_hedge		丛林树叶篱笆
buildscape	item.buildscape.jungle_leaf_layers		丛林树叶层
buildscape	item.buildscape.jungle_log_slab		丛林原木台阶
buildscape	item.buildscape.jungle_log_vertical_slab		丛林原木竖直台阶
buildscape	item.buildscape.jungle_wood_slab		丛林木台阶
buildscape	item.buildscape.jungle_wood_stairs		丛林木楼梯
buildscape	item.buildscape.jungle_wood_vertical_slab		丛林木竖直台阶
buildscape	item.buildscape.jungle_wood_wall		丛林木墙
buildscape	item.buildscape.large_ancient_steel_chain		大远古钢锁链
buildscape	item.buildscape.large_diamond_chain		大钻石锁链
buildscape	item.buildscape.large_emerald_chain		大绿宝石锁链
buildscape	item.buildscape.large_gold_chain		大金锁链
buildscape	item.buildscape.large_iron_chain		大铁锁链
buildscape	item.buildscape.large_netherite_chain		大下界合金锁链
buildscape	item.buildscape.light_blue_carpet_layers		淡蓝色地毯层
buildscape	item.buildscape.light_blue_concrete_slab		淡蓝色混凝土台阶
buildscape	item.buildscape.light_blue_concrete_stairs		淡蓝色混凝土楼梯
buildscape	item.buildscape.light_blue_concrete_vertical_slab		淡蓝色混凝土竖直台阶
buildscape	item.buildscape.light_blue_concrete_wall		淡蓝色混凝土墙
buildscape	item.buildscape.light_blue_decorated_pot		淡蓝色饰纹陶罐
buildscape	item.buildscape.light_blue_dye_sack		淡蓝色染料袋
buildscape	item.buildscape.light_blue_festive_stocking		淡蓝色圣诞长袜
buildscape	item.buildscape.light_blue_glazed_glass		淡蓝色釉面玻璃
buildscape	item.buildscape.light_blue_glazed_glass_pane		淡蓝色釉面玻璃板
buildscape	item.buildscape.light_blue_glazed_glass_slab		淡蓝色釉面玻璃台阶
buildscape	item.buildscape.light_blue_glazed_glass_stairs		淡蓝色釉面玻璃楼梯
buildscape	item.buildscape.light_blue_glazed_glass_vertical_slab		淡蓝色釉面玻璃竖直台阶
buildscape	item.buildscape.light_blue_item_frame		淡蓝色物品框架
buildscape	item.buildscape.light_blue_monets		淡蓝色莫奈花
buildscape	item.buildscape.light_blue_mosaic_glass		淡蓝色马赛克玻璃
buildscape	item.buildscape.light_blue_mosaic_glass_pane		淡蓝色马赛克玻璃板
buildscape	item.buildscape.light_blue_mosaic_glass_slab		淡蓝色马赛克玻璃台阶
buildscape	item.buildscape.light_blue_mosaic_glass_stairs		淡蓝色马赛克玻璃楼梯
buildscape	item.buildscape.light_blue_mosaic_glass_vertical_slab		淡蓝色马赛克玻璃竖直台阶
buildscape	item.buildscape.light_blue_ornament		淡蓝色装饰品
buildscape	item.buildscape.light_blue_redstone_lamp		淡蓝色红石灯
buildscape	item.buildscape.light_blue_spool		淡蓝色线轴
buildscape	item.buildscape.light_blue_stained_bricks		淡蓝色染色砖
buildscape	item.buildscape.light_blue_stained_bricks_slab		淡蓝色染色砖台阶
buildscape	item.buildscape.light_blue_stained_bricks_stairs		淡蓝色染色砖楼梯
buildscape	item.buildscape.light_blue_stained_bricks_vertical_slab		淡蓝色染色砖竖直台阶
buildscape	item.buildscape.light_blue_stained_bricks_wall		淡蓝色染色砖墙
buildscape	item.buildscape.light_blue_stained_glass_slab		淡蓝色染色玻璃台阶
buildscape	item.buildscape.light_blue_stained_glass_stairs		淡蓝色染色玻璃楼梯
buildscape	item.buildscape.light_blue_stained_glass_vertical_slab		淡蓝色染色玻璃竖直台阶
buildscape	item.buildscape.light_blue_star		淡蓝色星星
buildscape	item.buildscape.light_blue_string_light		淡蓝色串灯
buildscape	item.buildscape.light_blue_tiles		淡蓝色瓦
buildscape	item.buildscape.light_blue_tiles_slab		淡蓝色瓦台阶
buildscape	item.buildscape.light_blue_tiles_stairs		淡蓝色瓦楼梯
buildscape	item.buildscape.light_blue_tiles_vertical_slab		淡蓝色瓦竖直台阶
buildscape	item.buildscape.light_blue_tiles_wall		淡蓝色瓦墙
buildscape	item.buildscape.light_blue_trapped_decorated_pot		淡蓝色陷阱饰纹陶罐
buildscape	item.buildscape.light_blue_wool_slab		淡蓝色羊毛台阶
buildscape	item.buildscape.light_blue_wool_stairs		淡蓝色羊毛楼梯
buildscape	item.buildscape.light_blue_wool_vertical_slab		淡蓝色羊毛竖直台阶
buildscape	item.buildscape.light_blue_wool_wall		淡蓝色羊毛墙
buildscape	item.buildscape.light_gray_carpet_layers		淡灰色地毯层
buildscape	item.buildscape.light_gray_concrete_slab		淡灰色混凝土台阶
buildscape	item.buildscape.light_gray_concrete_stairs		淡灰色混凝土楼梯
buildscape	item.buildscape.light_gray_concrete_vertical_slab		淡灰色混凝土竖直台阶
buildscape	item.buildscape.light_gray_concrete_wall		淡灰色混凝土墙
buildscape	item.buildscape.light_gray_decorated_pot		淡灰色饰纹陶罐
buildscape	item.buildscape.light_gray_dye_sack		淡灰色染料袋
buildscape	item.buildscape.light_gray_factory_mesh		淡灰色工厂网格
buildscape	item.buildscape.light_gray_factory_mesh_slab		淡灰色工厂网格台阶
buildscape	item.buildscape.light_gray_factory_mesh_stairs		淡灰色工厂网格楼梯
buildscape	item.buildscape.light_gray_factory_mesh_vertical_slab		淡灰色工厂网格竖直台阶
buildscape	item.buildscape.light_gray_factory_mesh_wall		淡灰色工厂网格墙
buildscape	item.buildscape.light_gray_festive_stocking		淡灰色圣诞长袜
buildscape	item.buildscape.light_gray_glazed_glass		淡灰色釉面玻璃
buildscape	item.buildscape.light_gray_glazed_glass_pane		淡灰色釉面玻璃板
buildscape	item.buildscape.light_gray_glazed_glass_slab		淡灰色釉面玻璃台阶
buildscape	item.buildscape.light_gray_glazed_glass_stairs		淡灰色釉面玻璃楼梯
buildscape	item.buildscape.light_gray_glazed_glass_vertical_slab		淡灰色釉面玻璃竖直台阶
buildscape	item.buildscape.light_gray_item_frame		淡灰色物品框架
buildscape	item.buildscape.light_gray_mosaic_glass		淡灰色马赛克玻璃
buildscape	item.buildscape.light_gray_mosaic_glass_pane		淡灰色马赛克玻璃板
buildscape	item.buildscape.light_gray_mosaic_glass_slab		淡灰色马赛克玻璃台阶
buildscape	item.buildscape.light_gray_mosaic_glass_stairs		淡灰色马赛克玻璃楼梯
buildscape	item.buildscape.light_gray_mosaic_glass_vertical_slab		淡灰色马赛克玻璃竖直台阶
buildscape	item.buildscape.light_gray_ornament		淡灰色装饰品
buildscape	item.buildscape.light_gray_redstone_lamp		淡灰色红石灯
buildscape	item.buildscape.light_gray_spool		淡灰色线轴
buildscape	item.buildscape.light_gray_stained_bricks		淡灰色染色砖
buildscape	item.buildscape.light_gray_stained_bricks_slab		淡灰色染色砖台阶
buildscape	item.buildscape.light_gray_stained_bricks_stairs		淡灰色染色砖楼梯
buildscape	item.buildscape.light_gray_stained_bricks_vertical_slab		淡灰色染色砖竖直台阶
buildscape	item.buildscape.light_gray_stained_bricks_wall		淡灰色染色砖墙
buildscape	item.buildscape.light_gray_stained_glass_slab		淡灰色染色玻璃台阶
buildscape	item.buildscape.light_gray_stained_glass_stairs		淡灰色染色玻璃楼梯
buildscape	item.buildscape.light_gray_stained_glass_vertical_slab		淡灰色染色玻璃竖直台阶
buildscape	item.buildscape.light_gray_star		淡灰色星星
buildscape	item.buildscape.light_gray_string_light		淡灰色串灯
buildscape	item.buildscape.light_gray_tiles		淡灰色瓦
buildscape	item.buildscape.light_gray_tiles_slab		淡灰色瓦台阶
buildscape	item.buildscape.light_gray_tiles_stairs		淡灰色瓦楼梯
buildscape	item.buildscape.light_gray_tiles_vertical_slab		淡灰色瓦竖直台阶
buildscape	item.buildscape.light_gray_tiles_wall		淡灰色瓦墙
buildscape	item.buildscape.light_gray_trapped_decorated_pot		淡灰色陷阱饰纹陶罐
buildscape	item.buildscape.light_gray_wool_slab		淡灰色羊毛台阶
buildscape	item.buildscape.light_gray_wool_stairs		淡灰色羊毛楼梯
buildscape	item.buildscape.light_gray_wool_vertical_slab		淡灰色羊毛竖直台阶
buildscape	item.buildscape.light_gray_wool_wall		淡灰色羊毛墙
buildscape	item.buildscape.lime_carpet_layers		黄绿色地毯层
buildscape	item.buildscape.lime_concrete_slab		黄绿色混凝土台阶
buildscape	item.buildscape.lime_concrete_stairs		黄绿色混凝土楼梯
buildscape	item.buildscape.lime_concrete_vertical_slab		黄绿色混凝土竖直台阶
buildscape	item.buildscape.lime_concrete_wall		黄绿色混凝土墙
buildscape	item.buildscape.lime_decorated_pot		黄绿色饰纹陶罐
buildscape	item.buildscape.lime_dye_sack		黄绿色染料袋
buildscape	item.buildscape.lime_factory_mesh		黄绿色工厂网格
buildscape	item.buildscape.lime_factory_mesh_slab		黄绿色工厂网格台阶
buildscape	item.buildscape.lime_factory_mesh_stairs		黄绿色工厂网格楼梯
buildscape	item.buildscape.lime_factory_mesh_vertical_slab		黄绿色工厂网格竖直台阶
buildscape	item.buildscape.lime_factory_mesh_wall		黄绿色工厂网格墙
buildscape	item.buildscape.lime_festive_stocking		黄绿色圣诞长袜
buildscape	item.buildscape.lime_glazed_glass		黄绿色釉面玻璃
buildscape	item.buildscape.lime_glazed_glass_pane		黄绿色釉面玻璃板
buildscape	item.buildscape.lime_glazed_glass_slab		黄绿色釉面玻璃台阶
buildscape	item.buildscape.lime_glazed_glass_stairs		黄绿色釉面玻璃楼梯
buildscape	item.buildscape.lime_glazed_glass_vertical_slab		黄绿色釉面玻璃竖直台阶
buildscape	item.buildscape.lime_item_frame		黄绿色物品框架
buildscape	item.buildscape.lime_mosaic_glass		黄绿色马赛克玻璃
buildscape	item.buildscape.lime_mosaic_glass_pane		黄绿色马赛克玻璃板
buildscape	item.buildscape.lime_mosaic_glass_slab		黄绿色马赛克玻璃台阶
buildscape	item.buildscape.lime_mosaic_glass_stairs		黄绿色马赛克玻璃楼梯
buildscape	item.buildscape.lime_mosaic_glass_vertical_slab		黄绿色马赛克玻璃竖直台阶
buildscape	item.buildscape.lime_ornament		黄绿色装饰品
buildscape	item.buildscape.lime_redstone_lamp		黄绿色红石灯
buildscape	item.buildscape.lime_spool		黄绿色线轴
buildscape	item.buildscape.lime_stained_bricks		黄绿色染色砖
buildscape	item.buildscape.lime_stained_bricks_slab		黄绿色染色砖台阶
buildscape	item.buildscape.lime_stained_bricks_stairs		黄绿色染色砖楼梯
buildscape	item.buildscape.lime_stained_bricks_vertical_slab		黄绿色染色砖竖直台阶
buildscape	item.buildscape.lime_stained_bricks_wall		黄绿色染色砖墙
buildscape	item.buildscape.lime_stained_glass_slab		黄绿色染色玻璃台阶
buildscape	item.buildscape.lime_stained_glass_stairs		黄绿色染色玻璃楼梯
buildscape	item.buildscape.lime_stained_glass_vertical_slab		黄绿色染色玻璃竖直台阶
buildscape	item.buildscape.lime_star		黄绿色星星
buildscape	item.buildscape.lime_string_light		黄绿色串灯
buildscape	item.buildscape.lime_tiles		黄绿色瓦
buildscape	item.buildscape.lime_tiles_slab		黄绿色瓦台阶
buildscape	item.buildscape.lime_tiles_stairs		黄绿色瓦楼梯
buildscape	item.buildscape.lime_tiles_vertical_slab		黄绿色瓦竖直台阶
buildscape	item.buildscape.lime_tiles_wall		黄绿色瓦墙
buildscape	item.buildscape.lime_trapped_decorated_pot		黄绿色陷阱饰纹陶罐
buildscape	item.buildscape.lime_wool_slab		黄绿色羊毛台阶
buildscape	item.buildscape.lime_wool_stairs		黄绿色羊毛楼梯
buildscape	item.buildscape.lime_wool_vertical_slab		黄绿色羊毛竖直台阶
buildscape	item.buildscape.lime_wool_wall		黄绿色羊毛墙
buildscape	item.buildscape.magenta_carpet_layers		品红色地毯层
buildscape	item.buildscape.magenta_concrete_slab		品红色混凝土台阶
buildscape	item.buildscape.magenta_concrete_stairs		品红色混凝土楼梯
buildscape	item.buildscape.magenta_concrete_vertical_slab		品红色混凝土竖直台阶
buildscape	item.buildscape.magenta_concrete_wall		品红色混凝土墙
buildscape	item.buildscape.magenta_decorated_pot		品红色饰纹陶罐
buildscape	item.buildscape.magenta_dye_sack		品红色染料袋
buildscape	item.buildscape.magenta_festive_stocking		品红色圣诞长袜
buildscape	item.buildscape.magenta_glazed_glass		品红色釉面玻璃
buildscape	item.buildscape.magenta_glazed_glass_pane		品红色釉面玻璃板
buildscape	item.buildscape.magenta_glazed_glass_slab		品红色釉面玻璃台阶
buildscape	item.buildscape.magenta_glazed_glass_stairs		品红色釉面玻璃楼梯
buildscape	item.buildscape.magenta_glazed_glass_vertical_slab		品红色釉面玻璃竖直台阶
buildscape	item.buildscape.magenta_item_frame		品红色物品框架
buildscape	item.buildscape.magenta_mosaic_glass		品红色马赛克玻璃
buildscape	item.buildscape.magenta_mosaic_glass_pane		品红色马赛克玻璃板
buildscape	item.buildscape.magenta_mosaic_glass_slab		品红色马赛克玻璃台阶
buildscape	item.buildscape.magenta_mosaic_glass_stairs		品红色马赛克玻璃楼梯
buildscape	item.buildscape.magenta_mosaic_glass_vertical_slab		品红色马赛克玻璃竖直台阶
buildscape	item.buildscape.magenta_ornament		品红色装饰品
buildscape	item.buildscape.magenta_redstone_lamp		品红色红石灯
buildscape	item.buildscape.magenta_spool		品红色线轴
buildscape	item.buildscape.magenta_stained_bricks		品红色染色砖
buildscape	item.buildscape.magenta_stained_bricks_slab		品红色染色砖台阶
buildscape	item.buildscape.magenta_stained_bricks_stairs		品红色染色砖楼梯
buildscape	item.buildscape.magenta_stained_bricks_vertical_slab		品红色染色砖竖直台阶
buildscape	item.buildscape.magenta_stained_bricks_wall		品红色染色砖墙
buildscape	item.buildscape.magenta_stained_glass_slab		品红色染色玻璃台阶
buildscape	item.buildscape.magenta_stained_glass_stairs		品红色染色玻璃楼梯
buildscape	item.buildscape.magenta_stained_glass_vertical_slab		品红色染色玻璃竖直台阶
buildscape	item.buildscape.magenta_star		品红色星星
buildscape	item.buildscape.magenta_string_light		品红色串灯
buildscape	item.buildscape.magenta_tiles		品红色瓦
buildscape	item.buildscape.magenta_tiles_slab		品红色瓦台阶
buildscape	item.buildscape.magenta_tiles_stairs		品红色瓦楼梯
buildscape	item.buildscape.magenta_tiles_vertical_slab		品红色瓦竖直台阶
buildscape	item.buildscape.magenta_tiles_wall		品红色瓦墙
buildscape	item.buildscape.magenta_trapped_decorated_pot		品红色陷阱饰纹陶罐
buildscape	item.buildscape.magenta_wool_slab		品红色羊毛台阶
buildscape	item.buildscape.magenta_wool_stairs		品红色羊毛楼梯
buildscape	item.buildscape.magenta_wool_vertical_slab		品红色羊毛竖直台阶
buildscape	item.buildscape.magenta_wool_wall		品红色羊毛墙
buildscape	item.buildscape.mangrove_boat		红树船
buildscape	item.buildscape.mangrove_button		红树按钮
buildscape	item.buildscape.mangrove_door		红树门
buildscape	item.buildscape.mangrove_fence		红树栅栏
buildscape	item.buildscape.mangrove_fence_gate		红树栅栏门
buildscape	item.buildscape.mangrove_leaf_hedge		红树树叶篱笆
buildscape	item.buildscape.mangrove_leaf_layers		红树树叶层
buildscape	item.buildscape.mangrove_leaves		红树树叶
buildscape	item.buildscape.mangrove_log		红树原木
buildscape	item.buildscape.mangrove_log_slab		红树原木台阶
buildscape	item.buildscape.mangrove_log_stairs		红树原木楼梯
buildscape	item.buildscape.mangrove_log_vertical_slab		红树原木竖直台阶
buildscape	item.buildscape.mangrove_planks		红树木板
buildscape	item.buildscape.mangrove_pressure_plate		红树压力板
buildscape	item.buildscape.mangrove_propagule		红树胎生苗
buildscape	item.buildscape.mangrove_roots		红树根
buildscape	item.buildscape.mangrove_sign		红树告示牌
buildscape	item.buildscape.mangrove_slab		红树台阶
buildscape	item.buildscape.mangrove_stairs		红树楼梯
buildscape	item.buildscape.mangrove_trapdoor		红树活板门
buildscape	item.buildscape.mangrove_vertical_slab		红树竖直台阶
buildscape	item.buildscape.mangrove_wood		红树木
buildscape	item.buildscape.mangrove_wood_wall		红树木墙
buildscape	item.buildscape.moss_block_slab		苔藓块台阶
buildscape	item.buildscape.moss_block_stairs		苔藓块楼梯
buildscape	item.buildscape.moss_block_vertical_slab		苔藓块竖直台阶
buildscape	item.buildscape.moss_layers		苔藓层
buildscape	item.buildscape.moss_overlay		苔藓覆盖层
buildscape	item.buildscape.mossy_calcite		苔藓方解石
buildscape	item.buildscape.mossy_calcite_slab		苔藓方解石台阶
buildscape	item.buildscape.mossy_calcite_stairs		苔藓方解石楼梯
buildscape	item.buildscape.mossy_calcite_vertical_slab		苔藓方解石竖直台阶
buildscape	item.buildscape.mossy_calcite_wall		苔藓方解石墙
buildscape	item.buildscape.mossy_pillar		苔藓柱
buildscape	item.buildscape.mud		泥
buildscape	item.buildscape.mud_brick_slab		泥砖台阶
buildscape	item.buildscape.mud_brick_stairs		泥砖楼梯
buildscape	item.buildscape.mud_brick_vertical_slab		泥砖竖直台阶
buildscape	item.buildscape.mud_brick_wall		泥砖墙
buildscape	item.buildscape.mud_bricks		泥砖
buildscape	item.buildscape.mud_slab		泥台阶
buildscape	item.buildscape.mud_stairs		泥楼梯
buildscape	item.buildscape.mud_vertical_slab		泥竖直台阶
buildscape	item.buildscape.muddy_mangrove_roots		泥泞的红树根
buildscape	item.buildscape.multicolor_glow_lights		多彩荧光灯
buildscape	item.buildscape.multicolor_string_light		多彩串灯
buildscape	item.buildscape.mycelium_slab		菌丝台阶
buildscape	item.buildscape.mycelium_stairs		菌丝楼梯
buildscape	item.buildscape.mycelium_vertical_slab		菌丝竖直台阶
buildscape	item.buildscape.netherite_chain		下界合金锁链
buildscape	item.buildscape.oak_leaf_hedge		橡木树叶篱笆
buildscape	item.buildscape.oak_leaf_layers		橡树树叶层
buildscape	item.buildscape.oak_log_slab		橡木原木台阶
buildscape	item.buildscape.oak_log_vertical_slab		橡木原木竖直台阶
buildscape	item.buildscape.oak_wood_slab		橡木台阶
buildscape	item.buildscape.oak_wood_stairs		橡木楼梯
buildscape	item.buildscape.oak_wood_vertical_slab		橡木竖直台阶
buildscape	item.buildscape.oak_wood_wall		橡木墙
buildscape	item.buildscape.obsidian_slab		黑曜石台阶
buildscape	item.buildscape.obsidian_stairs		黑曜石楼梯
buildscape	item.buildscape.obsidian_vertical_slab		黑曜石竖直台阶
buildscape	item.buildscape.orange_carpet_layers		橙色地毯层
buildscape	item.buildscape.orange_concrete_slab		橙色混凝土台阶
buildscape	item.buildscape.orange_concrete_stairs		橙色混凝土楼梯
buildscape	item.buildscape.orange_concrete_vertical_slab		橙色混凝土竖直台阶
buildscape	item.buildscape.orange_concrete_wall		橙色混凝土墙
buildscape	item.buildscape.orange_decorated_pot		橙色饰纹陶罐
buildscape	item.buildscape.orange_dye_sack		橙色染料袋
buildscape	item.buildscape.orange_factory_mesh		橙色工厂网格
buildscape	item.buildscape.orange_factory_mesh_slab		橙色工厂网格台阶
buildscape	item.buildscape.orange_factory_mesh_stairs		橙色工厂网格楼梯
buildscape	item.buildscape.orange_factory_mesh_vertical_slab		橙色工厂网格竖直台阶
buildscape	item.buildscape.orange_factory_mesh_wall		橙色工厂网格墙
buildscape	item.buildscape.orange_festive_stocking		橙色圣诞长袜
buildscape	item.buildscape.orange_glazed_glass		橙色釉面玻璃
buildscape	item.buildscape.orange_glazed_glass_pane		橙色釉面玻璃板
buildscape	item.buildscape.orange_glazed_glass_slab		橙色釉面玻璃台阶
buildscape	item.buildscape.orange_glazed_glass_stairs		橙色釉面玻璃楼梯
buildscape	item.buildscape.orange_glazed_glass_vertical_slab		橙色釉面玻璃竖直台阶
buildscape	item.buildscape.orange_item_frame		橙色物品框架
buildscape	item.buildscape.orange_mosaic_glass		橙色马赛克玻璃
buildscape	item.buildscape.orange_mosaic_glass_pane		橙色马赛克玻璃板
buildscape	item.buildscape.orange_mosaic_glass_slab		橙色马赛克玻璃台阶
buildscape	item.buildscape.orange_mosaic_glass_stairs		橙色马赛克玻璃楼梯
buildscape	item.buildscape.orange_mosaic_glass_vertical_slab		橙色马赛克玻璃竖直台阶
buildscape	item.buildscape.orange_moss_block		橙色苔藓块
buildscape	item.buildscape.orange_moss_block_slab		橙色苔藓块台阶
buildscape	item.buildscape.orange_moss_block_stairs		橙色苔藓块楼梯
buildscape	item.buildscape.orange_moss_block_vertical_slab		橙色苔藓块竖直台阶
buildscape	item.buildscape.orange_moss_carpet		橙色苔藓地毯
buildscape	item.buildscape.orange_moss_layers		橙色苔藓层
buildscape	item.buildscape.orange_moss_overlay		橙色苔藓覆盖层
buildscape	item.buildscape.orange_ornament		橙色装饰品
buildscape	item.buildscape.orange_petal		橙色花瓣
buildscape	item.buildscape.orange_poplar_leaves		橙色杨树树叶
buildscape	item.buildscape.orange_redstone_lamp		橙色红石灯
buildscape	item.buildscape.orange_sand		橙色沙子
buildscape	item.buildscape.orange_sandstone		橙色砂岩
buildscape	item.buildscape.orange_sandstone_slab		橙色砂岩台阶
buildscape	item.buildscape.orange_sandstone_stairs		橙色砂岩楼梯
buildscape	item.buildscape.orange_sandstone_vertical_slab		橙色砂岩竖直台阶
buildscape	item.buildscape.orange_sandstone_wall		橙色砂岩墙
buildscape	item.buildscape.orange_smooth_sandstone		橙色平滑砂岩
buildscape	item.buildscape.orange_smooth_sandstone_slab		橙色平滑砂岩台阶
buildscape	item.buildscape.orange_smooth_sandstone_stairs		橙色平滑砂岩楼梯
buildscape	item.buildscape.orange_smooth_sandstone_vertical_slab		橙色平滑砂岩竖直台阶
buildscape	item.buildscape.orange_smooth_sandstone_wall		橙色平滑砂岩墙
buildscape	item.buildscape.orange_spool		橙色线轴
buildscape	item.buildscape.orange_spore_blossom		橙色孢子花
buildscape	item.buildscape.orange_stained_bricks		橙色染色砖
buildscape	item.buildscape.orange_stained_bricks_slab		橙色染色砖台阶
buildscape	item.buildscape.orange_stained_bricks_stairs		橙色染色砖楼梯
buildscape	item.buildscape.orange_stained_bricks_vertical_slab		橙色染色砖竖直台阶
buildscape	item.buildscape.orange_stained_bricks_wall		橙色染色砖墙
buildscape	item.buildscape.orange_stained_glass_slab		橙色染色玻璃台阶
buildscape	item.buildscape.orange_stained_glass_stairs		橙色染色玻璃楼梯
buildscape	item.buildscape.orange_stained_glass_vertical_slab		橙色染色玻璃竖直台阶
buildscape	item.buildscape.orange_star		橙色星星
buildscape	item.buildscape.orange_string_light		橙色串灯
buildscape	item.buildscape.orange_tiles		橙色瓦
buildscape	item.buildscape.orange_tiles_slab		橙色瓦台阶
buildscape	item.buildscape.orange_tiles_stairs		橙色瓦楼梯
buildscape	item.buildscape.orange_tiles_vertical_slab		橙色瓦竖直台阶
buildscape	item.buildscape.orange_tiles_wall		橙色瓦墙
buildscape	item.buildscape.orange_trapped_decorated_pot		橙色陷阱饰纹陶罐
buildscape	item.buildscape.orange_wool_slab		橙色羊毛台阶
buildscape	item.buildscape.orange_wool_stairs		橙色羊毛楼梯
buildscape	item.buildscape.orange_wool_vertical_slab		橙色羊毛竖直台阶
buildscape	item.buildscape.orange_wool_wall		橙色羊毛墙
buildscape	item.buildscape.oxidized_copper_chain		氧化的铜锁链
buildscape	item.buildscape.packed_icicle_block		密实冰锥块
buildscape	item.buildscape.packed_mud		泥坯
buildscape	item.buildscape.packed_mud_slab		泥坯台阶
buildscape	item.buildscape.packed_mud_stairs		泥坯楼梯
buildscape	item.buildscape.packed_mud_vertical_slab		泥坯竖直台阶
buildscape	item.buildscape.packed_mud_wall		泥坯墙
buildscape	item.buildscape.pink_carpet_layers		粉红色地毯层
buildscape	item.buildscape.pink_concrete_slab		粉红色混凝土台阶
buildscape	item.buildscape.pink_concrete_stairs		粉红色混凝土楼梯
buildscape	item.buildscape.pink_concrete_vertical_slab		粉红色混凝土竖直台阶
buildscape	item.buildscape.pink_concrete_wall		粉红色混凝土墙
buildscape	item.buildscape.pink_decorated_pot		粉红色饰纹陶罐
buildscape	item.buildscape.pink_dye_sack		粉红色染料袋
buildscape	item.buildscape.pink_festive_stocking		粉红色圣诞长袜
buildscape	item.buildscape.pink_glazed_glass		粉红色釉面玻璃
buildscape	item.buildscape.pink_glazed_glass_pane		粉红色釉面玻璃板
buildscape	item.buildscape.pink_glazed_glass_slab		粉红色釉面玻璃台阶
buildscape	item.buildscape.pink_glazed_glass_stairs		粉红色釉面玻璃楼梯
buildscape	item.buildscape.pink_glazed_glass_vertical_slab		粉红色釉面玻璃竖直台阶
buildscape	item.buildscape.pink_item_frame		粉红色物品框架
buildscape	item.buildscape.pink_monets		粉红色莫奈花
buildscape	item.buildscape.pink_mosaic_glass		粉红色马赛克玻璃
buildscape	item.buildscape.pink_mosaic_glass_pane		粉红色马赛克玻璃板
buildscape	item.buildscape.pink_mosaic_glass_slab		粉红色马赛克玻璃台阶
buildscape	item.buildscape.pink_mosaic_glass_stairs		粉红色马赛克玻璃楼梯
buildscape	item.buildscape.pink_mosaic_glass_vertical_slab		粉红色马赛克玻璃竖直台阶
buildscape	item.buildscape.pink_ornament		粉红色装饰品
buildscape	item.buildscape.pink_petal		粉红色花瓣
buildscape	item.buildscape.pink_redstone_lamp		粉红色红石灯
buildscape	item.buildscape.pink_sand		粉红色沙子
buildscape	item.buildscape.pink_sandstone		粉红色砂岩
buildscape	item.buildscape.pink_sandstone_slab		粉红色砂岩台阶
buildscape	item.buildscape.pink_sandstone_stairs		粉红色砂岩楼梯
buildscape	item.buildscape.pink_sandstone_vertical_slab		粉红色砂岩竖直台阶
buildscape	item.buildscape.pink_sandstone_wall		粉红色砂岩墙
buildscape	item.buildscape.pink_smooth_sandstone		粉红色平滑砂岩
buildscape	item.buildscape.pink_smooth_sandstone_slab		粉红色平滑砂岩台阶
buildscape	item.buildscape.pink_smooth_sandstone_stairs		粉红色平滑砂岩楼梯
buildscape	item.buildscape.pink_smooth_sandstone_vertical_slab		粉红色平滑砂岩竖直台阶
buildscape	item.buildscape.pink_smooth_sandstone_wall		粉红色平滑砂岩墙
buildscape	item.buildscape.pink_spool		粉红色线轴
buildscape	item.buildscape.pink_stained_bricks		粉红色染色砖
buildscape	item.buildscape.pink_stained_bricks_slab		粉红色染色砖台阶
buildscape	item.buildscape.pink_stained_bricks_stairs		粉红色染色砖楼梯
buildscape	item.buildscape.pink_stained_bricks_vertical_slab		粉红色染色砖竖直台阶
buildscape	item.buildscape.pink_stained_bricks_wall		粉红色染色砖墙
buildscape	item.buildscape.pink_stained_glass_slab		粉红色染色玻璃台阶
buildscape	item.buildscape.pink_stained_glass_stairs		粉红色染色玻璃楼梯
buildscape	item.buildscape.pink_stained_glass_vertical_slab		粉红色染色玻璃竖直台阶
buildscape	item.buildscape.pink_star		粉红色星星
buildscape	item.buildscape.pink_string_light		粉红色串灯
buildscape	item.buildscape.pink_tiles		粉红色瓦
buildscape	item.buildscape.pink_tiles_slab		粉红色瓦台阶
buildscape	item.buildscape.pink_tiles_stairs		粉红色瓦楼梯
buildscape	item.buildscape.pink_tiles_vertical_slab		粉红色瓦竖直台阶
buildscape	item.buildscape.pink_tiles_wall		粉红色瓦墙
buildscape	item.buildscape.pink_trapped_decorated_pot		粉红色陷阱饰纹陶罐
buildscape	item.buildscape.pink_wool_slab		粉红色羊毛台阶
buildscape	item.buildscape.pink_wool_stairs		粉红色羊毛楼梯
buildscape	item.buildscape.pink_wool_vertical_slab		粉红色羊毛竖直台阶
buildscape	item.buildscape.pink_wool_wall		粉红色羊毛墙
buildscape	item.buildscape.podzol_slab		灰化土台阶
buildscape	item.buildscape.podzol_stairs		灰化土楼梯
buildscape	item.buildscape.podzol_vertical_slab		灰化土竖直台阶
buildscape	item.buildscape.polished_basalt_slab		磨制玄武岩台阶
buildscape	item.buildscape.polished_basalt_stairs		磨制玄武岩楼梯
buildscape	item.buildscape.polished_basalt_vertical_slab		磨制玄武岩竖直台阶
buildscape	item.buildscape.polished_basalt_wall		磨制玄武岩墙
buildscape	item.buildscape.polished_black_concrete		磨制黑色混凝土
buildscape	item.buildscape.polished_black_concrete_slab		磨制黑色混凝土台阶
buildscape	item.buildscape.polished_black_concrete_stairs		磨制黑色混凝土楼梯
buildscape	item.buildscape.polished_black_concrete_vertical_slab		磨制黑色混凝土竖直台阶
buildscape	item.buildscape.polished_black_concrete_wall		磨制黑色混凝土墙
buildscape	item.buildscape.polished_blue_concrete		磨制蓝色混凝土
buildscape	item.buildscape.polished_blue_concrete_slab		磨制蓝色混凝土台阶
buildscape	item.buildscape.polished_blue_concrete_stairs		磨制蓝色混凝土楼梯
buildscape	item.buildscape.polished_blue_concrete_vertical_slab		磨制蓝色混凝土竖直台阶
buildscape	item.buildscape.polished_blue_concrete_wall		磨制蓝色混凝土墙
buildscape	item.buildscape.polished_brown_concrete		磨制棕色混凝土
buildscape	item.buildscape.polished_brown_concrete_slab		磨制棕色混凝土台阶
buildscape	item.buildscape.polished_brown_concrete_stairs		磨制棕色混凝土楼梯
buildscape	item.buildscape.polished_brown_concrete_vertical_slab		磨制棕色混凝土竖直台阶
buildscape	item.buildscape.polished_brown_concrete_wall		磨制棕色混凝土墙
buildscape	item.buildscape.polished_cinnabar		磨制朱砂矿
buildscape	item.buildscape.polished_cinnabar_slab		磨制朱砂矿台阶
buildscape	item.buildscape.polished_cinnabar_stairs		磨制朱砂矿楼梯
buildscape	item.buildscape.polished_cinnabar_vertical_slab		磨制朱砂矿竖直台阶
buildscape	item.buildscape.polished_cinnabar_wall		磨制朱砂矿墙
buildscape	item.buildscape.polished_cyan_concrete		磨制青色混凝土
buildscape	item.buildscape.polished_cyan_concrete_slab		磨制青色混凝土台阶
buildscape	item.buildscape.polished_cyan_concrete_stairs		磨制青色混凝土楼梯
buildscape	item.buildscape.polished_cyan_concrete_vertical_slab		磨制青色混凝土竖直台阶
buildscape	item.buildscape.polished_cyan_concrete_wall		磨制青色混凝土墙
buildscape	item.buildscape.polished_gray_concrete		磨制灰色混凝土
buildscape	item.buildscape.polished_gray_concrete_slab		磨制灰色混凝土台阶
buildscape	item.buildscape.polished_gray_concrete_stairs		磨制灰色混凝土楼梯
buildscape	item.buildscape.polished_gray_concrete_vertical_slab		磨制灰色混凝土竖直台阶
buildscape	item.buildscape.polished_gray_concrete_wall		磨制灰色混凝土墙
buildscape	item.buildscape.polished_green_concrete		磨制绿色混凝土
buildscape	item.buildscape.polished_green_concrete_slab		磨制绿色混凝土台阶
buildscape	item.buildscape.polished_green_concrete_stairs		磨制绿色混凝土楼梯
buildscape	item.buildscape.polished_green_concrete_vertical_slab		磨制绿色混凝土竖直台阶
buildscape	item.buildscape.polished_green_concrete_wall		磨制绿色混凝土墙
buildscape	item.buildscape.polished_light_blue_concrete		磨制淡蓝色混凝土
buildscape	item.buildscape.polished_light_blue_concrete_slab		磨制淡蓝色混凝土台阶
buildscape	item.buildscape.polished_light_blue_concrete_stairs		磨制淡蓝色混凝土楼梯
buildscape	item.buildscape.polished_light_blue_concrete_vertical_slab		磨制淡蓝色混凝土竖直台阶
buildscape	item.buildscape.polished_light_blue_concrete_wall		磨制淡蓝色混凝土墙
buildscape	item.buildscape.polished_light_gray_concrete		磨制淡灰色混凝土
buildscape	item.buildscape.polished_light_gray_concrete_slab		磨制淡灰色混凝土台阶
buildscape	item.buildscape.polished_light_gray_concrete_stairs		磨制淡灰色混凝土楼梯
buildscape	item.buildscape.polished_light_gray_concrete_vertical_slab		磨制淡灰色混凝土竖直台阶
buildscape	item.buildscape.polished_light_gray_concrete_wall		磨制淡灰色混凝土墙
buildscape	item.buildscape.polished_lime_concrete		磨制黄绿色混凝土
buildscape	item.buildscape.polished_lime_concrete_slab		磨制黄绿色混凝土台阶
buildscape	item.buildscape.polished_lime_concrete_stairs		磨制黄绿色混凝土楼梯
buildscape	item.buildscape.polished_lime_concrete_vertical_slab		磨制黄绿色混凝土竖直台阶
buildscape	item.buildscape.polished_lime_concrete_wall		磨制黄绿色混凝土墙
buildscape	item.buildscape.polished_magenta_concrete		磨制品红色混凝土
buildscape	item.buildscape.polished_magenta_concrete_slab		磨制品红色混凝土台阶
buildscape	item.buildscape.polished_magenta_concrete_stairs		磨制品红色混凝土楼梯
buildscape	item.buildscape.polished_magenta_concrete_vertical_slab		磨制品红色混凝土竖直台阶
buildscape	item.buildscape.polished_magenta_concrete_wall		磨制品红色混凝土墙
buildscape	item.buildscape.polished_orange_concrete		磨制橙色混凝土
buildscape	item.buildscape.polished_orange_concrete_slab		磨制橙色混凝土台阶
buildscape	item.buildscape.polished_orange_concrete_stairs		磨制橙色混凝土楼梯
buildscape	item.buildscape.polished_orange_concrete_vertical_slab		磨制橙色混凝土竖直台阶
buildscape	item.buildscape.polished_orange_concrete_wall		磨制橙色混凝土墙
buildscape	item.buildscape.polished_pink_concrete		磨制粉红色混凝土
buildscape	item.buildscape.polished_pink_concrete_slab		磨制粉红色混凝土台阶
buildscape	item.buildscape.polished_pink_concrete_stairs		磨制粉红色混凝土楼梯
buildscape	item.buildscape.polished_pink_concrete_vertical_slab		磨制粉红色混凝土竖直台阶
buildscape	item.buildscape.polished_pink_concrete_wall		磨制粉红色混凝土墙
buildscape	item.buildscape.polished_purple_concrete		磨制紫色混凝土
buildscape	item.buildscape.polished_purple_concrete_slab		磨制紫色混凝土台阶
buildscape	item.buildscape.polished_purple_concrete_stairs		磨制紫色混凝土楼梯
buildscape	item.buildscape.polished_purple_concrete_vertical_slab		磨制紫色混凝土竖直台阶
buildscape	item.buildscape.polished_purple_concrete_wall		磨制紫色混凝土墙
buildscape	item.buildscape.polished_red_concrete		磨制红色混凝土
buildscape	item.buildscape.polished_red_concrete_slab		磨制红色混凝土台阶
buildscape	item.buildscape.polished_red_concrete_stairs		磨制红色混凝土楼梯
buildscape	item.buildscape.polished_red_concrete_vertical_slab		磨制红色混凝土竖直台阶
buildscape	item.buildscape.polished_red_concrete_wall		磨制红色混凝土墙
buildscape	item.buildscape.polished_steel		磨制钢
buildscape	item.buildscape.polished_steel_slab		磨制钢台阶
buildscape	item.buildscape.polished_steel_stairs		磨制钢楼梯
buildscape	item.buildscape.polished_steel_vertical_slab		磨制钢竖直台阶
buildscape	item.buildscape.polished_steel_wall		磨制钢墙
buildscape	item.buildscape.polished_sulfur		磨制硫
buildscape	item.buildscape.polished_sulfur_slab		磨制硫台阶
buildscape	item.buildscape.polished_sulfur_stairs		磨制硫楼梯
buildscape	item.buildscape.polished_sulfur_vertical_slab		磨制硫竖直台阶
buildscape	item.buildscape.polished_sulfur_wall		磨制硫墙
buildscape	item.buildscape.polished_tuff		磨制凝灰岩
buildscape	item.buildscape.polished_tuff_slab		磨制凝灰岩台阶
buildscape	item.buildscape.polished_tuff_stairs		磨制凝灰岩楼梯
buildscape	item.buildscape.polished_tuff_vertical_slab		磨制凝灰岩竖直台阶
buildscape	item.buildscape.polished_tuff_wall		磨制凝灰岩墙
buildscape	item.buildscape.polished_white_concrete		磨制白色混凝土
buildscape	item.buildscape.polished_white_concrete_slab		磨制白色混凝土台阶
buildscape	item.buildscape.polished_white_concrete_stairs		磨制白色混凝土楼梯
buildscape	item.buildscape.polished_white_concrete_vertical_slab		磨制白色混凝土竖直台阶
buildscape	item.buildscape.polished_white_concrete_wall		磨制白色混凝土墙
buildscape	item.buildscape.polished_yellow_concrete		磨制黄色混凝土
buildscape	item.buildscape.polished_yellow_concrete_slab		磨制黄色混凝土台阶
buildscape	item.buildscape.polished_yellow_concrete_stairs		磨制黄色混凝土楼梯
buildscape	item.buildscape.polished_yellow_concrete_vertical_slab		磨制黄色混凝土竖直台阶
buildscape	item.buildscape.polished_yellow_concrete_wall		磨制黄色混凝土墙
buildscape	item.buildscape.poplar_boat		杨树船
buildscape	item.buildscape.poplar_button		杨树按钮
buildscape	item.buildscape.poplar_door		杨树门
buildscape	item.buildscape.poplar_fence		杨树栅栏
buildscape	item.buildscape.poplar_fence_gate		杨树栅栏门
buildscape	item.buildscape.poplar_log		杨树原木
buildscape	item.buildscape.poplar_log_slab		杨树原木台阶
buildscape	item.buildscape.poplar_log_stairs		杨树原木楼梯
buildscape	item.buildscape.poplar_log_vertical_slab		杨树原木竖直台阶
buildscape	item.buildscape.poplar_log_wall		杨树原木墙
buildscape	item.buildscape.poplar_planks		杨树木板
buildscape	item.buildscape.poplar_pressure_plate		杨树压力板
buildscape	item.buildscape.poplar_sapling		杨树树苗
buildscape	item.buildscape.poplar_slab		杨树台阶
buildscape	item.buildscape.poplar_stairs		杨树楼梯
buildscape	item.buildscape.poplar_trapdoor		杨树活板门
buildscape	item.buildscape.poplar_vertical_slab		杨树竖直台阶
buildscape	item.buildscape.poplar_wood		杨树木
buildscape	item.buildscape.poplar_wood_slab		杨树木台阶
buildscape	item.buildscape.poplar_wood_stairs		杨树木楼梯
buildscape	item.buildscape.poplar_wood_vertical_slab		杨树木竖直台阶
buildscape	item.buildscape.potent_sulfur		强效硫
buildscape	item.buildscape.pressed_steel		压制钢
buildscape	item.buildscape.pressed_steel_slab		压制钢台阶
buildscape	item.buildscape.pressed_steel_stairs		压制钢楼梯
buildscape	item.buildscape.pressed_steel_vertical_slab		压制钢竖直台阶
buildscape	item.buildscape.pressed_steel_wall		压制钢墙
buildscape	item.buildscape.prismarine_bricks_wall		海晶石砖墙
buildscape	item.buildscape.purple_carpet_layers		紫色地毯层
buildscape	item.buildscape.purple_concrete_slab		紫色混凝土台阶
buildscape	item.buildscape.purple_concrete_stairs		紫色混凝土楼梯
buildscape	item.buildscape.purple_concrete_vertical_slab		紫色混凝土竖直台阶
buildscape	item.buildscape.purple_concrete_wall		紫色混凝土墙
buildscape	item.buildscape.purple_decorated_pot		紫色饰纹陶罐
buildscape	item.buildscape.purple_dye_sack		紫色染料袋
buildscape	item.buildscape.purple_festive_stocking		紫色圣诞长袜
buildscape	item.buildscape.purple_glazed_glass		紫色釉面玻璃
buildscape	item.buildscape.purple_glazed_glass_pane		紫色釉面玻璃板
buildscape	item.buildscape.purple_glazed_glass_slab		紫色釉面玻璃台阶
buildscape	item.buildscape.purple_glazed_glass_stairs		紫色釉面玻璃楼梯
buildscape	item.buildscape.purple_glazed_glass_vertical_slab		紫色釉面玻璃竖直台阶
buildscape	item.buildscape.purple_item_frame		紫色物品框架
buildscape	item.buildscape.purple_monets		紫色莫奈花
buildscape	item.buildscape.purple_mosaic_glass		紫色马赛克玻璃
buildscape	item.buildscape.purple_mosaic_glass_pane		紫色马赛克玻璃板
buildscape	item.buildscape.purple_mosaic_glass_slab		紫色马赛克玻璃台阶
buildscape	item.buildscape.purple_mosaic_glass_stairs		紫色马赛克玻璃楼梯
buildscape	item.buildscape.purple_mosaic_glass_vertical_slab		紫色马赛克玻璃竖直台阶
buildscape	item.buildscape.purple_ornament		紫色装饰品
buildscape	item.buildscape.purple_petal		紫色花瓣
buildscape	item.buildscape.purple_redstone_lamp		紫色红石灯
buildscape	item.buildscape.purple_spool		紫色线轴
buildscape	item.buildscape.purple_spore_blossom		紫色孢子花
buildscape	item.buildscape.purple_stained_bricks		紫色染色砖
buildscape	item.buildscape.purple_stained_bricks_slab		紫色染色砖台阶
buildscape	item.buildscape.purple_stained_bricks_stairs		紫色染色砖楼梯
buildscape	item.buildscape.purple_stained_bricks_vertical_slab		紫色染色砖竖直台阶
buildscape	item.buildscape.purple_stained_bricks_wall		紫色染色砖墙
buildscape	item.buildscape.purple_stained_glass_slab		紫色染色玻璃台阶
buildscape	item.buildscape.purple_stained_glass_stairs		紫色染色玻璃楼梯
buildscape	item.buildscape.purple_stained_glass_vertical_slab		紫色染色玻璃竖直台阶
buildscape	item.buildscape.purple_star		紫色星星
buildscape	item.buildscape.purple_string_light		紫色串灯
buildscape	item.buildscape.purple_tiles		紫色瓦
buildscape	item.buildscape.purple_tiles_slab		紫色瓦台阶
buildscape	item.buildscape.purple_tiles_stairs		紫色瓦楼梯
buildscape	item.buildscape.purple_tiles_vertical_slab		紫色瓦竖直台阶
buildscape	item.buildscape.purple_tiles_wall		紫色瓦墙
buildscape	item.buildscape.purple_trapped_decorated_pot		紫色陷阱饰纹陶罐
buildscape	item.buildscape.purple_wool_slab		紫色羊毛台阶
buildscape	item.buildscape.purple_wool_stairs		紫色羊毛楼梯
buildscape	item.buildscape.purple_wool_vertical_slab		紫色羊毛竖直台阶
buildscape	item.buildscape.purple_wool_wall		紫色羊毛墙
buildscape	item.buildscape.quartz_block_wall		石英块墙
buildscape	item.buildscape.quartz_bricks_slab		石英砖台阶
buildscape	item.buildscape.quartz_bricks_stairs		石英砖楼梯
buildscape	item.buildscape.quartz_bricks_vertical_slab		石英砖竖直台阶
buildscape	item.buildscape.quartz_bricks_wall		石英砖墙
buildscape	item.buildscape.quartz_pillar		石英柱
buildscape	item.buildscape.quartz_pillar_slab		石英柱台阶
buildscape	item.buildscape.quartz_pillar_stairs		石英柱楼梯
buildscape	item.buildscape.quartz_pillar_vertical_slab		石英柱竖直台阶
buildscape	item.buildscape.quartz_pillar_wall		石英柱墙
buildscape	item.buildscape.red_carpet_layers		红色地毯层
buildscape	item.buildscape.red_concrete_slab		红色混凝土台阶
buildscape	item.buildscape.red_concrete_stairs		红色混凝土楼梯
buildscape	item.buildscape.red_concrete_vertical_slab		红色混凝土竖直台阶
buildscape	item.buildscape.red_concrete_wall		红色混凝土墙
buildscape	item.buildscape.red_decorated_pot		红色饰纹陶罐
buildscape	item.buildscape.red_dye_sack		红色染料袋
buildscape	item.buildscape.red_factory_mesh		红色工厂网格
buildscape	item.buildscape.red_factory_mesh_slab		红色工厂网格台阶
buildscape	item.buildscape.red_factory_mesh_stairs		红色工厂网格楼梯
buildscape	item.buildscape.red_factory_mesh_vertical_slab		红色工厂网格竖直台阶
buildscape	item.buildscape.red_factory_mesh_wall		红色工厂网格墙
buildscape	item.buildscape.red_festive_stocking		红色圣诞长袜
buildscape	item.buildscape.red_glazed_glass		红色釉面玻璃
buildscape	item.buildscape.red_glazed_glass_pane		红色釉面玻璃板
buildscape	item.buildscape.red_glazed_glass_slab		红色釉面玻璃台阶
buildscape	item.buildscape.red_glazed_glass_stairs		红色釉面玻璃楼梯
buildscape	item.buildscape.red_glazed_glass_vertical_slab		红色釉面玻璃竖直台阶
buildscape	item.buildscape.red_item_frame		红色物品框架
buildscape	item.buildscape.red_monets		红色莫奈花
buildscape	item.buildscape.red_mosaic_glass		红色马赛克玻璃
buildscape	item.buildscape.red_mosaic_glass_pane		红色马赛克玻璃板
buildscape	item.buildscape.red_mosaic_glass_slab		红色马赛克玻璃台阶
buildscape	item.buildscape.red_mosaic_glass_stairs		红色马赛克玻璃楼梯
buildscape	item.buildscape.red_mosaic_glass_vertical_slab		红色马赛克玻璃竖直台阶
buildscape	item.buildscape.red_moss_block		红色苔藓块
buildscape	item.buildscape.red_moss_block_slab		红色苔藓块台阶
buildscape	item.buildscape.red_moss_block_stairs		红色苔藓块楼梯
buildscape	item.buildscape.red_moss_block_vertical_slab		红色苔藓块竖直台阶
buildscape	item.buildscape.red_moss_carpet		红色苔藓地毯
buildscape	item.buildscape.red_moss_layers		红色苔藓层
buildscape	item.buildscape.red_moss_overlay		红色苔藓覆盖层
buildscape	item.buildscape.red_mushroom_shelves		红色蘑菇架
buildscape	item.buildscape.red_ornament		红色装饰品
buildscape	item.buildscape.red_petal		红色花瓣
buildscape	item.buildscape.red_poplar_leaves		红色杨树树叶
buildscape	item.buildscape.red_redstone_lamp		红色红石灯
buildscape	item.buildscape.red_rose_vines		红色玫瑰藤蔓
buildscape	item.buildscape.red_sand		红沙
buildscape	item.buildscape.red_sandstone		红砂岩
buildscape	item.buildscape.red_sandstone_slab		红砂岩台阶
buildscape	item.buildscape.red_sandstone_stairs		红砂岩楼梯
buildscape	item.buildscape.red_sandstone_vertical_slab		红砂岩竖直台阶
buildscape	item.buildscape.red_sandstone_wall		红砂岩墙
buildscape	item.buildscape.red_smooth_sandstone		红色平滑砂岩
buildscape	item.buildscape.red_smooth_sandstone_slab		红色平滑砂岩台阶
buildscape	item.buildscape.red_smooth_sandstone_stairs		红色平滑砂岩楼梯
buildscape	item.buildscape.red_smooth_sandstone_vertical_slab		红色平滑砂岩竖直台阶
buildscape	item.buildscape.red_smooth_sandstone_wall		红色平滑砂岩墙
buildscape	item.buildscape.red_spool		红色线轴
buildscape	item.buildscape.red_spore_blossom		红色孢子花
buildscape	item.buildscape.red_stained_bricks		红色染色砖
buildscape	item.buildscape.red_stained_bricks_slab		红色染色砖台阶
buildscape	item.buildscape.red_stained_bricks_stairs		红色染色砖楼梯
buildscape	item.buildscape.red_stained_bricks_vertical_slab		红色染色砖竖直台阶
buildscape	item.buildscape.red_stained_bricks_wall		红色染色砖墙
buildscape	item.buildscape.red_stained_glass_slab		红色染色玻璃台阶
buildscape	item.buildscape.red_stained_glass_stairs		红色染色玻璃楼梯
buildscape	item.buildscape.red_stained_glass_vertical_slab		红色染色玻璃竖直台阶
buildscape	item.buildscape.red_star		红色星星
buildscape	item.buildscape.red_string_light		红色串灯
buildscape	item.buildscape.red_tiles		红色瓦
buildscape	item.buildscape.red_tiles_slab		红色瓦台阶
buildscape	item.buildscape.red_tiles_stairs		红色瓦楼梯
buildscape	item.buildscape.red_tiles_vertical_slab		红色瓦竖直台阶
buildscape	item.buildscape.red_tiles_wall		红色瓦墙
buildscape	item.buildscape.red_trapped_decorated_pot		红色陷阱饰纹陶罐
buildscape	item.buildscape.red_wool_slab		红色羊毛台阶
buildscape	item.buildscape.red_wool_stairs		红色羊毛楼梯
buildscape	item.buildscape.red_wool_vertical_slab		红色羊毛竖直台阶
buildscape	item.buildscape.red_wool_wall		红色羊毛墙
buildscape	item.buildscape.sandstone_vertical_slab		砂岩竖直台阶
buildscape	item.buildscape.smoke_vent		烟雾通风口
buildscape	item.buildscape.smooth_basalt_slab		平滑玄武岩台阶
buildscape	item.buildscape.smooth_basalt_stairs		平滑玄武岩楼梯
buildscape	item.buildscape.smooth_basalt_vertical_slab		平滑玄武岩竖直台阶
buildscape	item.buildscape.smooth_quartz_wall		平滑石英墙
buildscape	item.buildscape.smooth_red_sandstone_vertical_slab		平滑红砂岩竖直台阶
buildscape	item.buildscape.smooth_sandstone_vertical_slab		平滑砂岩竖直台阶
buildscape	item.buildscape.smooth_sandstone_wall		平滑砂岩墙
buildscape	item.buildscape.smooth_stone_stairs		平滑石头楼梯
buildscape	item.buildscape.snow_bricks		雪砖
buildscape	item.buildscape.snow_bricks_slab		雪砖台阶
buildscape	item.buildscape.snow_bricks_stairs		雪砖楼梯
buildscape	item.buildscape.snow_bricks_vertical_slab		雪砖竖直台阶
buildscape	item.buildscape.snow_bricks_wall		雪砖墙
buildscape	item.buildscape.snow_overlay		积雪覆盖层
buildscape	item.buildscape.snow_slab		雪台阶
buildscape	item.buildscape.snow_stairs		雪楼梯
buildscape	item.buildscape.snow_vertical_slab		雪竖直台阶
buildscape	item.buildscape.snowy_acacia_leaf_hedge		积雪的金合欢树叶篱笆
buildscape	item.buildscape.snowy_acacia_leaf_layers		积雪的金合欢树叶层
buildscape	item.buildscape.snowy_acacia_leaves		积雪的金合欢树叶
buildscape	item.buildscape.snowy_azalea_leaf_hedge		积雪的杜鹃花丛树叶篱笆
buildscape	item.buildscape.snowy_azalea_leaf_layers		积雪的杜鹃树叶层
buildscape	item.buildscape.snowy_azalea_leaves		积雪的杜鹃树叶
buildscape	item.buildscape.snowy_birch_leaf_hedge		积雪的白桦木树叶篱笆
buildscape	item.buildscape.snowy_birch_leaf_layers		积雪的白桦树叶层
buildscape	item.buildscape.snowy_birch_leaves		积雪的白桦树叶
buildscape	item.buildscape.snowy_bush		积雪的灌木
buildscape	item.buildscape.snowy_dark_oak_leaf_hedge		积雪的深色橡木树叶篱笆
buildscape	item.buildscape.snowy_dark_oak_leaf_layers		积雪的深色橡树树叶层
buildscape	item.buildscape.snowy_dark_oak_leaves		积雪的深色橡树树叶
buildscape	item.buildscape.snowy_fern		积雪的蕨
buildscape	item.buildscape.snowy_flowering_azalea_leaf_hedge		积雪的盛开的杜鹃花丛树叶篱笆
buildscape	item.buildscape.snowy_flowering_azalea_leaf_layers		积雪的盛开的杜鹃树叶层
buildscape	item.buildscape.snowy_flowering_azalea_leaves		积雪的盛开的杜鹃树叶
buildscape	item.buildscape.snowy_grass_block		积雪的草方块
buildscape	item.buildscape.snowy_grass_block_slab		积雪的草方块台阶
buildscape	item.buildscape.snowy_grass_block_stairs		积雪的草方块楼梯
buildscape	item.buildscape.snowy_grass_block_vertical_slab		积雪的草方块竖直台阶
buildscape	item.buildscape.snowy_jungle_leaf_hedge		积雪的丛林树叶篱笆
buildscape	item.buildscape.snowy_jungle_leaf_layers		积雪的丛林树叶层
buildscape	item.buildscape.snowy_jungle_leaves		积雪的丛林树叶
buildscape	item.buildscape.snowy_large_fern		积雪的大型蕨
buildscape	item.buildscape.snowy_leaves		积雪的树叶
buildscape	item.buildscape.snowy_mangrove_leaf_hedge		积雪的红树树叶篱笆
buildscape	item.buildscape.snowy_mangrove_leaf_layers		积雪的红树树叶层
buildscape	item.buildscape.snowy_mangrove_leaves		积雪的红树树叶
buildscape	item.buildscape.snowy_oak_leaf_hedge		积雪的橡木树叶篱笆
buildscape	item.buildscape.snowy_oak_leaf_layers		积雪的橡树树叶层
buildscape	item.buildscape.snowy_oak_leaves		积雪的橡树树叶
buildscape	item.buildscape.snowy_short_grass		积雪的短草
buildscape	item.buildscape.snowy_spruce_leaf_hedge		积雪的云杉木树叶篱笆
buildscape	item.buildscape.snowy_spruce_leaf_layers		积雪的云杉树叶层
buildscape	item.buildscape.snowy_spruce_leaves		积雪的云杉树叶
buildscape	item.buildscape.snowy_tall_grass		积雪的高草丛
buildscape	item.buildscape.spool		线轴
buildscape	item.buildscape.spruce_leaf_hedge		云杉木树叶篱笆
buildscape	item.buildscape.spruce_leaf_layers		云杉树叶层
buildscape	item.buildscape.spruce_log_slab		云杉原木台阶
buildscape	item.buildscape.spruce_log_vertical_slab		云杉原木竖直台阶
buildscape	item.buildscape.spruce_wood_slab		云杉木台阶
buildscape	item.buildscape.spruce_wood_stairs		云杉木楼梯
buildscape	item.buildscape.spruce_wood_vertical_slab		云杉木竖直台阶
buildscape	item.buildscape.spruce_wood_wall		云杉木墙
buildscape	item.buildscape.steel_block		钢块
buildscape	item.buildscape.steel_block_slab		钢块台阶
buildscape	item.buildscape.steel_block_stairs		钢块楼梯
buildscape	item.buildscape.steel_block_vertical_slab		钢块竖直台阶
buildscape	item.buildscape.steel_block_wall		钢块墙
buildscape	item.buildscape.steel_casing		钢质机壳
buildscape	item.buildscape.steel_fan		钢风扇
buildscape	item.buildscape.steel_grate		钢格栅
buildscape	item.buildscape.steel_ingot		钢锭
buildscape	item.buildscape.steel_pillar		钢柱
buildscape	item.buildscape.steel_trim		钢接缝
buildscape	item.buildscape.stone_pillar		石制支撑柱
buildscape	item.buildscape.stone_wall		石头墙
buildscape	item.buildscape.stripped_acacia_log_slab		去皮金合欢原木台阶
buildscape	item.buildscape.stripped_acacia_log_vertical_slab		去皮金合欢原木竖直台阶
buildscape	item.buildscape.stripped_acacia_wood_slab		去皮金合欢木台阶
buildscape	item.buildscape.stripped_acacia_wood_stairs		去皮金合欢木楼梯
buildscape	item.buildscape.stripped_acacia_wood_vertical_slab		去皮金合欢木竖直台阶
buildscape	item.buildscape.stripped_acacia_wood_wall		去皮金合欢木墙
buildscape	item.buildscape.stripped_bamboo_block		去皮竹子块
buildscape	item.buildscape.stripped_bamboo_block_button		去皮竹子块按钮
buildscape	item.buildscape.stripped_bamboo_block_fence		去皮竹子块栅栏
buildscape	item.buildscape.stripped_bamboo_block_fence_gate		去皮竹子块栅栏门
buildscape	item.buildscape.stripped_bamboo_block_pressure_plate		去皮竹子块压力板
buildscape	item.buildscape.stripped_bamboo_block_slab		去皮竹子块台阶
buildscape	item.buildscape.stripped_bamboo_block_stairs		去皮竹子块楼梯
buildscape	item.buildscape.stripped_bamboo_block_vertical_slab		去皮竹子块竖直台阶
buildscape	item.buildscape.stripped_bamboo_block_wall		去皮竹子块墙
buildscape	item.buildscape.stripped_bamboo_wood		去皮竹子木
buildscape	item.buildscape.stripped_birch_log_slab		去皮白桦原木台阶
buildscape	item.buildscape.stripped_birch_log_vertical_slab		去皮白桦原木竖直台阶
buildscape	item.buildscape.stripped_birch_wood_slab		去皮白桦木台阶
buildscape	item.buildscape.stripped_birch_wood_stairs		去皮白桦木楼梯
buildscape	item.buildscape.stripped_birch_wood_vertical_slab		去皮白桦木竖直台阶
buildscape	item.buildscape.stripped_birch_wood_wall		去皮白桦木墙
buildscape	item.buildscape.stripped_crimson_hyphae_slab		去皮绯红菌核台阶
buildscape	item.buildscape.stripped_crimson_hyphae_stairs		去皮绯红菌核楼梯
buildscape	item.buildscape.stripped_crimson_hyphae_vertical_slab		去皮绯红菌核竖直台阶
buildscape	item.buildscape.stripped_crimson_stem_slab		去皮绯红菌柄台阶
buildscape	item.buildscape.stripped_crimson_stem_vertical_slab		去皮绯红菌柄竖直台阶
buildscape	item.buildscape.stripped_dark_oak_log_slab		去皮深色橡木原木台阶
buildscape	item.buildscape.stripped_dark_oak_log_vertical_slab		去皮深色橡木原木竖直台阶
buildscape	item.buildscape.stripped_dark_oak_wood_slab		去皮深色橡木台阶
buildscape	item.buildscape.stripped_dark_oak_wood_stairs		去皮深色橡木楼梯
buildscape	item.buildscape.stripped_dark_oak_wood_vertical_slab		去皮深色橡木竖直台阶
buildscape	item.buildscape.stripped_dark_oak_wood_wall		去皮深色橡木墙
buildscape	item.buildscape.stripped_jungle_log_slab		去皮丛林原木台阶
buildscape	item.buildscape.stripped_jungle_log_vertical_slab		去皮丛林原木竖直台阶
buildscape	item.buildscape.stripped_jungle_wood_slab		去皮丛林木台阶
buildscape	item.buildscape.stripped_jungle_wood_stairs		去皮丛林木楼梯
buildscape	item.buildscape.stripped_jungle_wood_vertical_slab		去皮丛林木竖直台阶
buildscape	item.buildscape.stripped_jungle_wood_wall		去皮丛林木墙
buildscape	item.buildscape.stripped_mangrove_log		去皮红树原木
buildscape	item.buildscape.stripped_mangrove_log_slab		去皮红树原木台阶
buildscape	item.buildscape.stripped_mangrove_log_stairs		去皮红树原木楼梯
buildscape	item.buildscape.stripped_mangrove_log_vertical_slab		去皮红树原木竖直台阶
buildscape	item.buildscape.stripped_mangrove_wood		去皮红树木
buildscape	item.buildscape.stripped_mangrove_wood_wall		去皮红树木墙
buildscape	item.buildscape.stripped_oak_log_slab		去皮橡木原木台阶
buildscape	item.buildscape.stripped_oak_log_vertical_slab		去皮橡木原木竖直台阶
buildscape	item.buildscape.stripped_oak_wood_slab		去皮橡木台阶
buildscape	item.buildscape.stripped_oak_wood_stairs		去皮橡木楼梯
buildscape	item.buildscape.stripped_oak_wood_vertical_slab		去皮橡木竖直台阶
buildscape	item.buildscape.stripped_oak_wood_wall		去皮橡木墙
buildscape	item.buildscape.stripped_poplar_log		去皮杨树原木
buildscape	item.buildscape.stripped_poplar_log_slab		去皮杨树原木台阶
buildscape	item.buildscape.stripped_poplar_log_stairs		去皮杨树原木楼梯
buildscape	item.buildscape.stripped_poplar_log_vertical_slab		去皮杨树原木竖直台阶
buildscape	item.buildscape.stripped_poplar_log_wall		去皮杨树原木墙
buildscape	item.buildscape.stripped_poplar_wood		去皮杨树木
buildscape	item.buildscape.stripped_poplar_wood_slab		去皮杨树木台阶
buildscape	item.buildscape.stripped_poplar_wood_stairs		去皮杨树木楼梯
buildscape	item.buildscape.stripped_poplar_wood_vertical_slab		去皮杨树木竖直台阶
buildscape	item.buildscape.stripped_spruce_log_slab		去皮云杉原木台阶
buildscape	item.buildscape.stripped_spruce_log_vertical_slab		去皮云杉原木竖直台阶
buildscape	item.buildscape.stripped_spruce_wood_slab		去皮云杉木台阶
buildscape	item.buildscape.stripped_spruce_wood_stairs		去皮云杉木楼梯
buildscape	item.buildscape.stripped_spruce_wood_vertical_slab		去皮云杉木竖直台阶
buildscape	item.buildscape.stripped_spruce_wood_wall		去皮云杉木墙
buildscape	item.buildscape.stripped_warped_hyphae_slab		去皮诡异菌核台阶
buildscape	item.buildscape.stripped_warped_hyphae_stairs		去皮诡异菌核楼梯
buildscape	item.buildscape.stripped_warped_hyphae_vertical_slab		去皮诡异菌核竖直台阶
buildscape	item.buildscape.stripped_warped_stem_slab		去皮诡异菌柄台阶
buildscape	item.buildscape.stripped_warped_stem_vertical_slab		去皮诡异菌柄竖直台阶
buildscape	item.buildscape.sulfur		硫块
buildscape	item.buildscape.sulfur_bricks		硫砖
buildscape	item.buildscape.sulfur_bricks_slab		硫砖台阶
buildscape	item.buildscape.sulfur_bricks_stairs		硫砖楼梯
buildscape	item.buildscape.sulfur_bricks_vertical_slab		硫砖竖直台阶
buildscape	item.buildscape.sulfur_bricks_wall		硫砖墙
buildscape	item.buildscape.sulfur_slab		硫台阶
buildscape	item.buildscape.sulfur_spike		硫尖刺
buildscape	item.buildscape.sulfur_stairs		硫楼梯
buildscape	item.buildscape.sulfur_vertical_slab		硫竖直台阶
buildscape	item.buildscape.sulfur_wall		硫墙
buildscape	item.buildscape.tinted_glass_ornament		遮光玻璃装饰品
buildscape	item.buildscape.tinted_glass_slab		遮光玻璃台阶
buildscape	item.buildscape.tinted_glass_stairs		遮光玻璃楼梯
buildscape	item.buildscape.tinted_glass_vertical_slab		遮光玻璃竖直台阶
buildscape	item.buildscape.trapped_decorated_pot		陷阱饰纹陶罐
buildscape	item.buildscape.tuff_brick_slab		凝灰岩砖台阶
buildscape	item.buildscape.tuff_brick_stairs		凝灰岩砖楼梯
buildscape	item.buildscape.tuff_brick_vertical_slab		凝灰岩砖竖直台阶
buildscape	item.buildscape.tuff_brick_wall		凝灰岩砖墙
buildscape	item.buildscape.tuff_bricks		凝灰岩砖
buildscape	item.buildscape.tuff_slab		凝灰岩台阶
buildscape	item.buildscape.tuff_stairs		凝灰岩楼梯
buildscape	item.buildscape.tuff_vertical_slab		凝灰岩竖直台阶
buildscape	item.buildscape.tuff_wall		凝灰岩墙
buildscape	item.buildscape.warped_hyphae_slab		诡异菌核台阶
buildscape	item.buildscape.warped_hyphae_stairs		诡异菌核楼梯
buildscape	item.buildscape.warped_hyphae_vertical_slab		诡异菌核竖直台阶
buildscape	item.buildscape.warped_stem_slab		诡异菌柄台阶
buildscape	item.buildscape.warped_stem_vertical_slab		诡异菌柄竖直台阶
buildscape	item.buildscape.weathered_copper_chain		锈蚀的铜锁链
buildscape	item.buildscape.white_carpet_layers		白色地毯层
buildscape	item.buildscape.white_concrete_slab		白色混凝土台阶
buildscape	item.buildscape.white_concrete_stairs		白色混凝土楼梯
buildscape	item.buildscape.white_concrete_vertical_slab		白色混凝土竖直台阶
buildscape	item.buildscape.white_concrete_wall		白色混凝土墙
buildscape	item.buildscape.white_decorated_pot		白色饰纹陶罐
buildscape	item.buildscape.white_dye_sack		白色染料袋
buildscape	item.buildscape.white_festive_stocking		白色圣诞长袜
buildscape	item.buildscape.white_glazed_glass		白色釉面玻璃
buildscape	item.buildscape.white_glazed_glass_pane		白色釉面玻璃板
buildscape	item.buildscape.white_glazed_glass_slab		白色釉面玻璃台阶
buildscape	item.buildscape.white_glazed_glass_stairs		白色釉面玻璃楼梯
buildscape	item.buildscape.white_glazed_glass_vertical_slab		白色釉面玻璃竖直台阶
buildscape	item.buildscape.white_item_frame		白色物品框架
buildscape	item.buildscape.white_mosaic_glass		白色马赛克玻璃
buildscape	item.buildscape.white_mosaic_glass_pane		白色马赛克玻璃板
buildscape	item.buildscape.white_mosaic_glass_slab		白色马赛克玻璃台阶
buildscape	item.buildscape.white_mosaic_glass_stairs		白色马赛克玻璃楼梯
buildscape	item.buildscape.white_mosaic_glass_vertical_slab		白色马赛克玻璃竖直台阶
buildscape	item.buildscape.white_ornament		白色装饰品
buildscape	item.buildscape.white_redstone_lamp		白色红石灯
buildscape	item.buildscape.white_rose_vines		白色玫瑰藤蔓
buildscape	item.buildscape.white_sand		白色沙子
buildscape	item.buildscape.white_sandstone		白色砂岩
buildscape	item.buildscape.white_sandstone_slab		白色砂岩台阶
buildscape	item.buildscape.white_sandstone_stairs		白色砂岩楼梯
buildscape	item.buildscape.white_sandstone_vertical_slab		白色砂岩竖直台阶
buildscape	item.buildscape.white_sandstone_wall		白色砂岩墙
buildscape	item.buildscape.white_smooth_sandstone		白色平滑砂岩
buildscape	item.buildscape.white_smooth_sandstone_slab		白色平滑砂岩台阶
buildscape	item.buildscape.white_smooth_sandstone_stairs		白色平滑砂岩楼梯
buildscape	item.buildscape.white_smooth_sandstone_vertical_slab		白色平滑砂岩竖直台阶
buildscape	item.buildscape.white_smooth_sandstone_wall		白色平滑砂岩墙
buildscape	item.buildscape.white_spool		白色线轴
buildscape	item.buildscape.white_stained_bricks		白色染色砖
buildscape	item.buildscape.white_stained_bricks_slab		白色染色砖台阶
buildscape	item.buildscape.white_stained_bricks_stairs		白色染色砖楼梯
buildscape	item.buildscape.white_stained_bricks_vertical_slab		白色染色砖竖直台阶
buildscape	item.buildscape.white_stained_bricks_wall		白色染色砖墙
buildscape	item.buildscape.white_stained_glass_slab		白色染色玻璃台阶
buildscape	item.buildscape.white_stained_glass_stairs		白色染色玻璃楼梯
buildscape	item.buildscape.white_stained_glass_vertical_slab		白色染色玻璃竖直台阶
buildscape	item.buildscape.white_star		白色星星
buildscape	item.buildscape.white_string_light		白色串灯
buildscape	item.buildscape.white_tiles		白色瓦
buildscape	item.buildscape.white_tiles_slab		白色瓦台阶
buildscape	item.buildscape.white_tiles_stairs		白色瓦楼梯
buildscape	item.buildscape.white_tiles_vertical_slab		白色瓦竖直台阶
buildscape	item.buildscape.white_tiles_wall		白色瓦墙
buildscape	item.buildscape.white_trapped_decorated_pot		白色陷阱饰纹陶罐
buildscape	item.buildscape.white_wool_slab		白色羊毛台阶
buildscape	item.buildscape.white_wool_stairs		白色羊毛楼梯
buildscape	item.buildscape.white_wool_vertical_slab		白色羊毛竖直台阶
buildscape	item.buildscape.white_wool_wall		白色羊毛墙
buildscape	item.buildscape.yellow_carpet_layers		黄色地毯层
buildscape	item.buildscape.yellow_concrete_slab		黄色混凝土台阶
buildscape	item.buildscape.yellow_concrete_stairs		黄色混凝土楼梯
buildscape	item.buildscape.yellow_concrete_vertical_slab		黄色混凝土竖直台阶
buildscape	item.buildscape.yellow_concrete_wall		黄色混凝土墙
buildscape	item.buildscape.yellow_decorated_pot		黄色饰纹陶罐
buildscape	item.buildscape.yellow_dye_sack		黄色染料袋
buildscape	item.buildscape.yellow_factory_mesh		黄色工厂网格
buildscape	item.buildscape.yellow_factory_mesh_slab		黄色工厂网格台阶
buildscape	item.buildscape.yellow_factory_mesh_stairs		黄色工厂网格楼梯
buildscape	item.buildscape.yellow_factory_mesh_vertical_slab		黄色工厂网格竖直台阶
buildscape	item.buildscape.yellow_factory_mesh_wall		黄色工厂网格墙
buildscape	item.buildscape.yellow_festive_stocking		黄色圣诞长袜
buildscape	item.buildscape.yellow_glazed_glass		黄色釉面玻璃
buildscape	item.buildscape.yellow_glazed_glass_pane		黄色釉面玻璃板
buildscape	item.buildscape.yellow_glazed_glass_slab		黄色釉面玻璃台阶
buildscape	item.buildscape.yellow_glazed_glass_stairs		黄色釉面玻璃楼梯
buildscape	item.buildscape.yellow_glazed_glass_vertical_slab		黄色釉面玻璃竖直台阶
buildscape	item.buildscape.yellow_item_frame		黄色物品框架
buildscape	item.buildscape.yellow_monets		黄色莫奈花
buildscape	item.buildscape.yellow_mosaic_glass		黄色马赛克玻璃
buildscape	item.buildscape.yellow_mosaic_glass_pane		黄色马赛克玻璃板
buildscape	item.buildscape.yellow_mosaic_glass_slab		黄色马赛克玻璃台阶
buildscape	item.buildscape.yellow_mosaic_glass_stairs		黄色马赛克玻璃楼梯
buildscape	item.buildscape.yellow_mosaic_glass_vertical_slab		黄色马赛克玻璃竖直台阶
buildscape	item.buildscape.yellow_moss_block		黄色苔藓块
buildscape	item.buildscape.yellow_moss_block_slab		黄色苔藓块台阶
buildscape	item.buildscape.yellow_moss_block_stairs		黄色苔藓块楼梯
buildscape	item.buildscape.yellow_moss_block_vertical_slab		黄色苔藓块竖直台阶
buildscape	item.buildscape.yellow_moss_carpet		黄色苔藓地毯
buildscape	item.buildscape.yellow_moss_layers		黄色苔藓层
buildscape	item.buildscape.yellow_moss_overlay		黄色苔藓覆盖层
buildscape	item.buildscape.yellow_ornament		黄色装饰品
buildscape	item.buildscape.yellow_poplar_leaves		黄色杨树树叶
buildscape	item.buildscape.yellow_redstone_lamp		黄色红石灯
buildscape	item.buildscape.yellow_sand		黄色沙子
buildscape	item.buildscape.yellow_sandstone		黄色砂岩
buildscape	item.buildscape.yellow_sandstone_slab		黄色砂岩台阶
buildscape	item.buildscape.yellow_sandstone_stairs		黄色砂岩楼梯
buildscape	item.buildscape.yellow_sandstone_vertical_slab		黄色砂岩竖直台阶
buildscape	item.buildscape.yellow_sandstone_wall		黄色砂岩墙
buildscape	item.buildscape.yellow_smooth_sandstone		黄色平滑砂岩
buildscape	item.buildscape.yellow_smooth_sandstone_slab		黄色平滑砂岩台阶
buildscape	item.buildscape.yellow_smooth_sandstone_stairs		黄色平滑砂岩楼梯
buildscape	item.buildscape.yellow_smooth_sandstone_vertical_slab		黄色平滑砂岩竖直台阶
buildscape	item.buildscape.yellow_smooth_sandstone_wall		黄色平滑砂岩墙
buildscape	item.buildscape.yellow_spool		黄色线轴
buildscape	item.buildscape.yellow_stained_bricks		黄色染色砖
buildscape	item.buildscape.yellow_stained_bricks_slab		黄色染色砖台阶
buildscape	item.buildscape.yellow_stained_bricks_stairs		黄色染色砖楼梯
buildscape	item.buildscape.yellow_stained_bricks_vertical_slab		黄色染色砖竖直台阶
buildscape	item.buildscape.yellow_stained_bricks_wall		黄色染色砖墙
buildscape	item.buildscape.yellow_stained_glass_slab		黄色染色玻璃台阶
buildscape	item.buildscape.yellow_stained_glass_stairs		黄色染色玻璃楼梯
buildscape	item.buildscape.yellow_stained_glass_vertical_slab		黄色染色玻璃竖直台阶
buildscape	item.buildscape.yellow_star		黄色星星
buildscape	item.buildscape.yellow_string_light		黄色串灯
buildscape	item.buildscape.yellow_tiles		黄色瓦
buildscape	item.buildscape.yellow_tiles_slab		黄色瓦台阶
buildscape	item.buildscape.yellow_tiles_stairs		黄色瓦楼梯
buildscape	item.buildscape.yellow_tiles_vertical_slab		黄色瓦竖直台阶
buildscape	item.buildscape.yellow_tiles_wall		黄色瓦墙
buildscape	item.buildscape.yellow_trapped_decorated_pot		黄色陷阱饰纹陶罐
buildscape	item.buildscape.yellow_wool_slab		黄色羊毛台阶
buildscape	item.buildscape.yellow_wool_stairs		黄色羊毛楼梯
buildscape	item.buildscape.yellow_wool_vertical_slab		黄色羊毛竖直台阶
buildscape	item.buildscape.yellow_wool_wall		黄色羊毛墙
buildscape	item.minecraft.chain		铁锁链
buildscape	itemGroup.buildscape		建筑景观
buildscape	key.buildscape.cycle_pillar_pattern		切换柱粒子图案
buildscape	key.categories.buildscape		建筑景观
buildscape	message.buildscape.muff_block.radius		消音块半径：%s 格
buildscape	subtitle.block.buildscape.mud_bricks.break		泥砖被破坏
buildscape	subtitle.block.buildscape.mud_bricks.fall		掉落在泥砖上
buildscape	subtitle.block.buildscape.mud_bricks.hit		击打泥砖
buildscape	subtitle.block.buildscape.mud_bricks.place		放置泥砖
buildscape	subtitle.block.buildscape.mud_bricks.step		在泥砖上行走
buildscape	subtitle.block.buildscape.packed_mud.break		泥坯被破坏
buildscape	subtitle.block.buildscape.packed_mud.fall		掉落在泥坯上
buildscape	subtitle.block.buildscape.packed_mud.hit		击打泥坯
buildscape	subtitle.block.buildscape.packed_mud.place		放置泥坯
buildscape	subtitle.block.buildscape.packed_mud.step		在泥坯上行走
buildscape	tooltip.buildscape.bottle_of_mist.collect		手持空玻璃瓶对空气右键即可收集。
buildscape	tooltip.buildscape.bottle_of_mist.use		右键生成一阵雾气。
buildscape	tooltip.buildscape.cascade_block.info		会生成雾气的方块。
buildscape	tooltip.buildscape.cascade_block_no_mist.info		不生成雾气的瀑布块变体。
buildscape	tooltip.buildscape.cascade_block_no_mist.obtain		手持空瓶右键点击瀑布块，即可获得瀑布块（无雾气）
buildscape	tooltip.buildscape.cut_all.desc		合成时切制背包内所有同类方块
buildscape	tooltip.buildscape.cut_all.off		全部切制：关
buildscape	tooltip.buildscape.cut_all.on		全部切制：开
buildscape	tooltip.buildscape.festive_stocking.contains		包含：%s×%s
buildscape	tooltip.buildscape.mist_toggle		放在副手可抑制当前区块的雾气粒子。
buildscape	tooltip.buildscape.mist_toggle.main		持于主手：不抑制。
buildscape	tooltip.buildscape.muff_block.desc1		被红石充能时使半径内的声音静音。
buildscape	tooltip.buildscape.muff_block.desc2		右键调整半径（1-32 格）。
buildscape	tooltip.buildscape.muff_block.desc3		持于副手可在世界中显示半径范围。
cable_facades	cable_facades.creative_tab		线缆伪装板
cabletiers	itemGroup.cabletiers		线缆等级
cagerium	block.cagerium.cage		生物笼
cagerium	block.cagerium.plate		束缚板
cagerium	block.cagerium.terrarium		生物饲养箱
cagerium	item.cagerium.binding_gemstone		束缚宝石
cagerium	item.cagerium.binding_wood_plate		束缚木板
cagerium	item.cagerium.burning_upgrade		燃烧升级
cagerium	item.cagerium.capacity_upgrade		容量升级
cagerium	item.cagerium.ender_dragon_spawn_egg		末影龙刷怪蛋
cagerium	item.cagerium.iron_golem_spawn_egg		铁傀儡刷怪蛋
cagerium	item.cagerium.ominous_skull		不祥头颅
cagerium	item.cagerium.skeleton_key		万能钥匙
cagerium	item.cagerium.wither_spawn_egg		凋灵刷怪蛋
cagerium	tooltip.cagerium.burning		燃烧升级
cagerium	tooltip.cagerium.invalid		无效
cagerium	tooltip.cagerium.skeleton_key		用于移除一个 cagerium 升级
cagerium	tooltip.cagerium.upgrade		容量升级：%s
casinocraft	block.casinocraft.arcade_base_black		黑色街机台
casinocraft	block.casinocraft.arcade_base_blue		蓝色街机台
casinocraft	block.casinocraft.arcade_base_brown		棕色街机台
casinocraft	block.casinocraft.arcade_base_cyan		青色街机台
casinocraft	block.casinocraft.arcade_base_gray		灰色街机台
casinocraft	block.casinocraft.arcade_base_green		绿色街机台
casinocraft	block.casinocraft.arcade_base_light_blue		淡蓝色街机台
casinocraft	block.casinocraft.arcade_base_light_gray		浅灰色街机台
casinocraft	block.casinocraft.arcade_base_lime		黄绿色街机台
casinocraft	block.casinocraft.arcade_base_magenta		品红色街机台
casinocraft	block.casinocraft.arcade_base_orange		橙色街机台
casinocraft	block.casinocraft.arcade_base_pink		粉红色街机台
casinocraft	block.casinocraft.arcade_base_purple		紫色街机台
casinocraft	block.casinocraft.arcade_base_red		红色街机台
casinocraft	block.casinocraft.arcade_base_white		白色街机台
casinocraft	block.casinocraft.arcade_base_yellow		黄色街机台
casinocraft	block.casinocraft.arcade_slot_black		黑色老虎机
casinocraft	block.casinocraft.arcade_slot_blue		蓝色老虎机
casinocraft	block.casinocraft.arcade_slot_brown		棕色老虎机
casinocraft	block.casinocraft.arcade_slot_cyan		青色老虎机
casinocraft	block.casinocraft.arcade_slot_gray		灰色老虎机
casinocraft	block.casinocraft.arcade_slot_green		绿色老虎机
casinocraft	block.casinocraft.arcade_slot_light_blue		淡蓝色老虎机
casinocraft	block.casinocraft.arcade_slot_light_gray		浅灰色老虎机
casinocraft	block.casinocraft.arcade_slot_lime		黄绿色老虎机
casinocraft	block.casinocraft.arcade_slot_magenta		品红色老虎机
casinocraft	block.casinocraft.arcade_slot_orange		橙色老虎机
casinocraft	block.casinocraft.arcade_slot_pink		粉红色老虎机
casinocraft	block.casinocraft.arcade_slot_purple		紫色老虎机
casinocraft	block.casinocraft.arcade_slot_red		红色老虎机
casinocraft	block.casinocraft.arcade_slot_white		白色老虎机
casinocraft	block.casinocraft.arcade_slot_yellow		黄色老虎机
casinocraft	block.casinocraft.cardtable_base_black		黑色牌桌
casinocraft	block.casinocraft.cardtable_base_blue		蓝色牌桌
casinocraft	block.casinocraft.cardtable_base_brown		棕色牌桌
casinocraft	block.casinocraft.cardtable_base_cyan		青色牌桌
casinocraft	block.casinocraft.cardtable_base_gray		灰色牌桌
casinocraft	block.casinocraft.cardtable_base_green		绿色牌桌
casinocraft	block.casinocraft.cardtable_base_light_blue		淡蓝色牌桌
casinocraft	block.casinocraft.cardtable_base_light_gray		浅灰色牌桌
casinocraft	block.casinocraft.cardtable_base_lime		黄绿色牌桌
casinocraft	block.casinocraft.cardtable_base_magenta		品红色牌桌
casinocraft	block.casinocraft.cardtable_base_orange		橙色牌桌
casinocraft	block.casinocraft.cardtable_base_pink		粉红色牌桌
casinocraft	block.casinocraft.cardtable_base_purple		紫色牌桌
casinocraft	block.casinocraft.cardtable_base_red		红色牌桌
casinocraft	block.casinocraft.cardtable_base_white		白色牌桌
casinocraft	block.casinocraft.cardtable_base_yellow		黄色牌桌
casinocraft	block.casinocraft.cardtable_wide_black		黑色双人牌桌
casinocraft	block.casinocraft.cardtable_wide_blue		蓝色双人牌桌
casinocraft	block.casinocraft.cardtable_wide_brown		棕色双人牌桌
casinocraft	block.casinocraft.cardtable_wide_cyan		青色双人牌桌
casinocraft	block.casinocraft.cardtable_wide_gray		灰色双人牌桌
casinocraft	block.casinocraft.cardtable_wide_green		绿色双人牌桌
casinocraft	block.casinocraft.cardtable_wide_light_blue		淡蓝色双人牌桌
casinocraft	block.casinocraft.cardtable_wide_light_gray		浅灰色双人牌桌
casinocraft	block.casinocraft.cardtable_wide_lime		黄绿色双人牌桌
casinocraft	block.casinocraft.cardtable_wide_magenta		品红色双人牌桌
casinocraft	block.casinocraft.cardtable_wide_orange		橙色双人牌桌
casinocraft	block.casinocraft.cardtable_wide_pink		粉红色双人牌桌
casinocraft	block.casinocraft.cardtable_wide_purple		紫色双人牌桌
casinocraft	block.casinocraft.cardtable_wide_red		红色双人牌桌
casinocraft	block.casinocraft.cardtable_wide_white		白色双人牌桌
casinocraft	block.casinocraft.cardtable_wide_yellow		黄色双人牌桌
casinocraft	block.casinocraft.dice_basic_black		黑色骰子
casinocraft	block.casinocraft.dice_basic_blue		蓝色骰子
casinocraft	block.casinocraft.dice_basic_brown		棕色骰子
casinocraft	block.casinocraft.dice_basic_cyan		青色骰子
casinocraft	block.casinocraft.dice_basic_gray		灰色骰子
casinocraft	block.casinocraft.dice_basic_green		绿色骰子
casinocraft	block.casinocraft.dice_basic_light_blue		淡蓝色骰子
casinocraft	block.casinocraft.dice_basic_light_gray		浅灰色骰子
casinocraft	block.casinocraft.dice_basic_lime		黄绿色骰子
casinocraft	block.casinocraft.dice_basic_magenta		品红色骰子
casinocraft	block.casinocraft.dice_basic_orange		橙色骰子
casinocraft	block.casinocraft.dice_basic_pink		粉红色骰子
casinocraft	block.casinocraft.dice_basic_purple		紫色骰子
casinocraft	block.casinocraft.dice_basic_red		红色骰子
casinocraft	block.casinocraft.dice_basic_white		白色骰子
casinocraft	block.casinocraft.dice_basic_yellow		黄色骰子
casinocraft	casinocraft:subtitles.card.place		纸牌翻动
casinocraft	casinocraft:subtitles.card.shove		纸牌翻动
casinocraft	casinocraft:subtitles.chip		筹码碰撞
casinocraft	casinocraft:subtitles.dice		骰子滚动
casinocraft	casinocraft:subtitles.impact		街机音效
casinocraft	casinocraft:subtitles.menu		街机音效
casinocraft	casinocraft:subtitles.pause.off		老虎机音效
casinocraft	casinocraft:subtitles.pause.on		老虎机音效
casinocraft	casinocraft:subtitles.pickup		街机音效
casinocraft	casinocraft:subtitles.reward		有人兑换了奖励
casinocraft	casinocraft:subtitles.roulette		轮盘转动
casinocraft	casinocraft:subtitles.tetris		街机音效
casinocraft	item.casinocraft.module_card_black		黑色卡牌包（21点）
casinocraft	item.casinocraft.module_card_blue		蓝色卡牌包（空当接龙）
casinocraft	item.casinocraft.module_card_brown		棕色卡牌包
casinocraft	item.casinocraft.module_card_cyan		青色卡牌包（蜘蛛纸牌）
casinocraft	item.casinocraft.module_card_gray		灰色卡牌包（德州扑克）
casinocraft	item.casinocraft.module_card_green		绿色卡牌包（玛乌牌）
casinocraft	item.casinocraft.module_card_light_blue		淡蓝色卡牌包（克朗代克纸牌）
casinocraft	item.casinocraft.module_card_light_gray		浅灰色卡牌包（换牌扑克）
casinocraft	item.casinocraft.module_card_lime		黄绿色卡牌包
casinocraft	item.casinocraft.module_card_magenta		品红色卡牌包（金字塔纸牌）
casinocraft	item.casinocraft.module_card_orange		橙色卡牌包（百家乐）
casinocraft	item.casinocraft.module_card_pink		粉红色卡牌包
casinocraft	item.casinocraft.module_card_purple		紫色卡牌包（三峰纸牌）
casinocraft	item.casinocraft.module_card_red		红色卡牌包（红黑）
casinocraft	item.casinocraft.module_card_white		白色卡牌包（单人扑克）
casinocraft	item.casinocraft.module_card_yellow		黄色卡牌包（艾西丢西）
casinocraft	item.casinocraft.module_chip_black		黑色街机筹码
casinocraft	item.casinocraft.module_chip_blue		蓝色街机筹码（俄罗斯方块）
casinocraft	item.casinocraft.module_chip_brown		棕色街机筹码
casinocraft	item.casinocraft.module_chip_cyan		青色街机筹码（宝石方块）
casinocraft	item.casinocraft.module_chip_gray		灰色街机筹码
casinocraft	item.casinocraft.module_chip_green		绿色街机筹码
casinocraft	item.casinocraft.module_chip_light_blue		淡蓝色街机筹码（魔法气泡）
casinocraft	item.casinocraft.module_chip_light_gray		浅灰色街机筹码（2048）
casinocraft	item.casinocraft.module_chip_lime		黄绿色街机筹码
casinocraft	item.casinocraft.module_chip_magenta		品红色街机筹码
casinocraft	item.casinocraft.module_chip_orange		橙色街机筹码（贪吃蛇）
casinocraft	item.casinocraft.module_chip_pink		粉红色街机筹码（推箱子）
casinocraft	item.casinocraft.module_chip_purple		紫色街机筹码
casinocraft	item.casinocraft.module_chip_red		红色街机筹码
casinocraft	item.casinocraft.module_chip_white		白色街机筹码
casinocraft	item.casinocraft.module_chip_yellow		黄色街机筹码
casinocraft	item.casinocraft.module_mino_black		黑色米诺模块
casinocraft	item.casinocraft.module_mino_blue		蓝色米诺模块（记忆翻牌）
casinocraft	item.casinocraft.module_mino_brown		棕色米诺模块
casinocraft	item.casinocraft.module_mino_cyan		青色米诺模块（哈尔玛跳棋）
casinocraft	item.casinocraft.module_mino_gray		灰色米诺模块（米诺翻转）
casinocraft	item.casinocraft.module_mino_green		绿色米诺模块（数字华容道）
casinocraft	item.casinocraft.module_mino_light_blue		淡蓝色米诺模块（石道）
casinocraft	item.casinocraft.module_mino_light_gray		浅灰色米诺模块（扫雷）
casinocraft	item.casinocraft.module_mino_lime		黄绿色米诺模块（西蒙记忆游戏）
casinocraft	item.casinocraft.module_mino_magenta		品红色米诺模块
casinocraft	item.casinocraft.module_mino_orange		橙色米诺模块（花旗骰）
casinocraft	item.casinocraft.module_mino_pink		粉红色米诺模块（番摊）
casinocraft	item.casinocraft.module_mino_purple		紫色米诺模块
casinocraft	item.casinocraft.module_mino_red		红色米诺模块（轮盘赌）
casinocraft	item.casinocraft.module_mino_white		白色米诺模块（数独）
casinocraft	item.casinocraft.module_mino_yellow		黄色米诺模块（骰宝）
ccvault	block.ccvault.vault_reader		宝库读取器
chipped	itemGroup.chipped.main		凿刻
chunkymcchunkface	block.chunkymcchunkface.chunk_loader		Chunky McChunkFace
chunkymcchunkface	chunkymcchunkface.blocks.text		一个可用方块的例子是 %s
chunkymcchunkface	chunkymcchunkface.command.disable		已禁用位于 %s %s %s 的区块加载器
chunkymcchunkface	chunkymcchunkface.command.disable.error		禁用位于 %s %s %s 的区块加载器时出错了
chunkymcchunkface	chunkymcchunkface.command.disableall		已禁用维度 <%s> 中所有活动的区块加载器
chunkymcchunkface	chunkymcchunkface.command.disableall.empty		无法操作，维度 <%s> 中没有已知的活动区块加载器
chunkymcchunkface	chunkymcchunkface.command.list		维度 <%s> 中的区块加载器
chunkymcchunkface	chunkymcchunkface.command.list.empty		在 <%s> 中没有已知的区块加载器
chunkymcchunkface	chunkymcchunkface.extend.text		在区块加载器下方用可用方块搭一座金字塔，即可扩大加载范围
chunkymcchunkface	chunkymcchunkface.shift.text		按住 SHIFT 查看更多信息
chunkymcchunkface	chunkymcchunkface.waila.time.disabled		计时器已在配置中禁用
chunkymcchunkface	chunkymcchunkface.waila.time.online		玩家在线，计时器未启动
chunkymcchunkface	chunkymcchunkface.waila.time.remaining		剩余时间：%s 秒
chunkymcchunkface	config.waila.plugin_chunkymcchunkface.show_time		显示剩余时间
chunkymcchunkface	key.chunkymcchunkface.category		Chunky McChunkFace
chunkymcchunkface	key.chunkymcchunkface.show_bounds		显示区块加载器半径
citadel	book.citadel_book.hover_text_pillager_example		实体链接是些小巧可爱的按钮！
citadel	book.citadel_book.link_example		链接示例
citadel	book.citadel_book.root		Citadel 之书！！！
citadel	citadel.follower.citadel		空间站
citadel	citadel.follower.citadel_gray		空间站（灰色）
citadel	citadel.follower.citadel_red		空间站（红色）
citadel	citadel.follower.none		无
citadel	citadel.gui.follower_type		类型：
citadel	citadel.gui.orbit_dist		旋转距离
citadel	citadel.gui.orbit_height		旋转高度
citadel	citadel.gui.orbit_speed		旋转速度
citadel	citadel.gui.patreon_customization		Citadel 赞助者定制
citadel	citadel.gui.patreon_rewards_option		Citadel 赞助者定制……
citadel	citadel.gui.reset		重置
citadel	item.citadel.citadel_book		Citadel 之书
citadel	item.citadel.effect_item		药水效果
citadel	item.citadel.fancy_item		花哨物品
citresewn	config.citresewn.broken_paths.title		允许资源包中的非法路径
citresewn	config.citresewn.broken_paths.tooltip		允许含有非法资源路径的包加载。\n可能引发问题！
citresewn	config.citresewn.cache_ms.ticks.0		实时
citresewn	config.citresewn.cache_ms.ticks.1		每刻
citresewn	config.citresewn.cache_ms.ticks.any		每 %s 刻
citresewn	config.citresewn.cache_ms.title		缓存
citresewn	config.citresewn.cache_ms.tooltip		CIT 缓存的刷新频率。\n数值越高，性能越好。\n数值越低，CIT 更新越快。\n「实时」会彻底移除缓存，\n 使物品每帧都检查一次 CIT。
citresewn	config.citresewn.citenchantment_scroll_multiplier.title		CIT 附魔：滚动速度倍率
citresewn	config.citresewn.citenchantment_scroll_multiplier.tooltip		由附魔 CIT 添加的闪光纹理，其滚动速度的总体倍率。
citresewn	config.citresewn.enabled.title		已启用
citresewn	config.citresewn.enabled.tooltip		CIT Resewn 是否从资源包加载并注入 CIT
citresewn	config.citresewn.mute_errors.title		静默加载错误
citresewn	config.citresewn.mute_errors.tooltip		CIT Resewn 是否不记录 CIT 错误
citresewn	config.citresewn.mute_warns.title		静默加载警告
citresewn	config.citresewn.mute_warns.tooltip		CIT Resewn 是否不记录 CIT 警告
citresewn	config.citresewn.title		CIT Resewn 配置
citresewn	pack.incompatible.broken_paths		（包含非法路径）
citresewn	pack.incompatible.confirm.broken_paths		该资源包包含非法路径，未来可能不再提供支持。请联系包作者以消除此警告。（~ CIT Resewn）
cloudstorage	itemGroup.cloudstorage		云存储
codechickenlib	ccl.commands.killall.fail.player		你不能用这条命令杀死玩家。
colossalchests	_comment		多方块结构
colossalchests	item.colossalchests.upgrade_tool_reverse		箱子降级工具
colossalchests	item.colossalchests.upgrade_tool_reverse.info		当你的物品栏中有全部所需物品时，可将巨型箱子降一级。警告：若降级后箱子装不下原有物品，物品可能会被弹出。
comforts	itemGroup.comforts		舒适睡眠
compressium	block.compressium.andesite_1		压缩安山岩块 (1x)
compressium	block.compressium.andesite_2		压缩安山岩块 (2x)
compressium	block.compressium.andesite_3		压缩安山岩块 (3x)
compressium	block.compressium.andesite_4		压缩安山岩块 (4x)
compressium	block.compressium.andesite_5		压缩安山岩块 (5x)
compressium	block.compressium.andesite_6		压缩安山岩块 (6x)
compressium	block.compressium.andesite_7		压缩安山岩块 (7x)
compressium	block.compressium.andesite_8		压缩安山岩块 (8x)
compressium	block.compressium.andesite_9		压缩安山岩块 (9x)
compressium	block.compressium.copper_1		压缩铜块 (1x)
compressium	block.compressium.copper_2		压缩铜块 (2x)
compressium	block.compressium.copper_3		压缩铜块 (3x)
compressium	block.compressium.copper_4		压缩铜块 (4x)
compressium	block.compressium.copper_5		压缩铜块 (5x)
compressium	block.compressium.copper_6		压缩铜块 (6x)
compressium	block.compressium.copper_7		压缩铜块 (7x)
compressium	block.compressium.copper_8		压缩铜块 (8x)
compressium	block.compressium.copper_9		压缩铜块 (9x)
compressium	block.compressium.diorite_1		压缩闪长岩块 (1x)
compressium	block.compressium.diorite_2		压缩闪长岩块 (2x)
compressium	block.compressium.diorite_3		压缩闪长岩块 (3x)
compressium	block.compressium.diorite_4		压缩闪长岩块 (4x)
compressium	block.compressium.diorite_5		压缩闪长岩块 (5x)
compressium	block.compressium.diorite_6		压缩闪长岩块 (6x)
compressium	block.compressium.diorite_7		压缩闪长岩块 (7x)
compressium	block.compressium.diorite_8		压缩闪长岩块 (8x)
compressium	block.compressium.diorite_9		压缩闪长岩块 (9x)
compressium	block.compressium.granite_1		压缩花岗岩块 (1x)
compressium	block.compressium.granite_2		压缩花岗岩块 (2x)
compressium	block.compressium.granite_3		压缩花岗岩块 (3x)
compressium	block.compressium.granite_4		压缩花岗岩块 (4x)
compressium	block.compressium.granite_5		压缩花岗岩块 (5x)
compressium	block.compressium.granite_6		压缩花岗岩块 (6x)
compressium	block.compressium.granite_7		压缩花岗岩块 (7x)
compressium	block.compressium.granite_8		压缩花岗岩块 (8x)
compressium	block.compressium.granite_9		压缩花岗岩块 (9x)
compressium	itemGroup.compressium		压缩方块
computercraft	commands.computercraft.dump.open_path		查看该电脑的文件
computercraft	commands.computercraft.help.desc		显示此帮助信息
computercraft	gui.computercraft.pocket_computer_overlay		掌上电脑已打开。按 ESC 关闭。
computercraft	gui.computercraft.tooltip.terminate		停止当前正在运行的代码
computercraft	gui.computercraft.tooltip.terminate.key		按住 Ctrl+T
computercraft	gui.computercraft.tooltip.turn_off		关闭这台电脑
computercraft	gui.computercraft.tooltip.turn_off.key		按住 Ctrl+S
computercraft	gui.computercraft.tooltip.turn_on		开启这台电脑
computercraft	gui.computercraft.upload.failed		上传失败
computercraft	gui.computercraft.upload.failed.computer_off		上传文件前必须先开启电脑。
computercraft	gui.computercraft.upload.failed.corrupted		上传时文件损坏。请重试。
computercraft	gui.computercraft.upload.failed.generic		上传文件失败（%s）
computercraft	gui.computercraft.upload.failed.name_too_long		文件名过长，无法上传。
computercraft	gui.computercraft.upload.failed.too_many_files		无法上传这么多文件。
computercraft	gui.computercraft.upload.failed.too_much		你的文件过大，无法上传。
computercraft	gui.computercraft.upload.no_response		正在传输文件
computercraft	gui.computercraft.upload.no_response.msg		你的电脑尚未使用已传输的文件。你可能需要先运行 %s 程序，然后再试一次。
computercraft	itemGroup.computercraft		电脑工艺
computercraft	tracking_field.computercraft.avg		%s（平均）
computercraft	tracking_field.computercraft.computer_tasks.name		任务
computercraft	tracking_field.computercraft.count		%s（计数）
computercraft	tracking_field.computercraft.max		%s（最大）
computercraft	tracking_field.computercraft.server_tasks.name		服务器任务
contenttweaker	contenttweaker.command.dump_resources.desc		导出由 ContentTweaker 在运行时生成的所有资源
contenttweaker	contenttweaker.command.dump_resources.log		运行时资源
contenttweaker	contenttweaker.pack_source.runtime		运行时生成
controlengineering	block.controlengineering.bus_interface		总线接口
controlengineering	block.controlengineering.bus_relay		总线中继器
controlengineering	block.controlengineering.control_panel		控制面板
controlengineering	block.controlengineering.keypunch		键盘穿孔机
controlengineering	block.controlengineering.line_access		线路接入器
controlengineering	block.controlengineering.logic_cabinet		逻辑柜
controlengineering	block.controlengineering.logic_workbench		逻辑工作台
controlengineering	block.controlengineering.panel_cnc		控制面板数控机床
controlengineering	block.controlengineering.panel_designer		面板设计台
controlengineering	block.controlengineering.rs_remapper		红石线重映射器
controlengineering	block.controlengineering.sequencer		信号序列器
controlengineering	cell.controlengineering.adder.name		模拟加法器
controlengineering	cell.controlengineering.analog_mux.name		模拟多路复用器
controlengineering	cell.controlengineering.and2.name		2 输入与门
controlengineering	cell.controlengineering.and3.name		3 输入与门
controlengineering	cell.controlengineering.comparator.name		比较器
controlengineering	cell.controlengineering.config_switch.name		配置开关
controlengineering	cell.controlengineering.d_latch.name		D 触发器
controlengineering	cell.controlengineering.delay_line.name		延迟线
controlengineering	cell.controlengineering.digital_mux.name		数字多路复用器
controlengineering	cell.controlengineering.digitizer.name		信号数字化器
controlengineering	cell.controlengineering.divider.name		分压器
controlengineering	cell.controlengineering.inv_amplifier.name		反相放大器
controlengineering	cell.controlengineering.nand2.name		2 输入与非门
controlengineering	cell.controlengineering.nand3.name		3 输入与非门
controlengineering	cell.controlengineering.nor2.name		2 输入或非门
controlengineering	cell.controlengineering.nor3.name		3 输入或非门
controlengineering	cell.controlengineering.not.name		反相器
controlengineering	cell.controlengineering.or2.name		2 输入或门
controlengineering	cell.controlengineering.or3.name		3 输入或门
controlengineering	cell.controlengineering.rs_latch.name		RS 锁存器
controlengineering	cell.controlengineering.schmitt_trigger.name		施密特触发器
controlengineering	cell.controlengineering.xor2.name		2 输入异或门
controlengineering	cell.controlengineering.xor3.name		3 输入异或门
controlengineering	controlengineering.cell.config_switch.off		低电平输出
controlengineering	controlengineering.cell.config_switch.on		高电平输出
controlengineering	controlengineering.component.button		按钮
controlengineering	controlengineering.component.covered_switch		带盖开关
controlengineering	controlengineering.component.indicator		指示灯
controlengineering	controlengineering.component.label		标签
controlengineering	controlengineering.component.panel_meter		面板仪表
controlengineering	controlengineering.component.slider_hor		滑条
controlengineering	controlengineering.component.slider_vert		滑条
controlengineering	controlengineering.component.timed_button		定时按钮
controlengineering	controlengineering.component.toggle_switch		拨动开关
controlengineering	controlengineering.component.variac		自耦调压器
controlengineering	controlengineering.gui.amp.amplify		放大 %d 倍
controlengineering	controlengineering.gui.amp.attenuate		衰减 %d 倍
controlengineering	controlengineering.gui.analogStrength		信号强度：%d
controlengineering	controlengineering.gui.analogVsDigital		该网络会把模拟信号源接到数字信号接收端
controlengineering	controlengineering.gui.blue		蓝色：%d
controlengineering	controlengineering.gui.busRef		线路 %d 上有 %d 个信号
controlengineering	controlengineering.gui.cancel		取消
controlengineering	controlengineering.gui.component_ingredients		材料
controlengineering	controlengineering.gui.cycle		该网络会形成环路
controlengineering	controlengineering.gui.done		完成
controlengineering	controlengineering.gui.green		绿色：%d
controlengineering	controlengineering.gui.leafcell.cost		造价
controlengineering	controlengineering.gui.lineIndex		总线第 %d 号线
controlengineering	controlengineering.gui.loopback		回环
controlengineering	controlengineering.gui.lower_resistance		降低电阻：%d
controlengineering	controlengineering.gui.moreThanMaxBoards		该电路需要 %d 块电路板，但逻辑柜里只放得下 %d 块
controlengineering	controlengineering.gui.multipleSources		该网络包含多个源引脚
controlengineering	controlengineering.gui.needMoreBoards		需要 %d 块电路板
controlengineering	controlengineering.gui.needMoreTubes		需要 %d 个真空管
controlengineering	controlengineering.gui.needMoreWires		需要 %d 根导线
controlengineering	controlengineering.gui.no_loopback		远程传输
controlengineering	controlengineering.gui.ok		确定
controlengineering	controlengineering.gui.panel_back_height		背面高度
controlengineering	controlengineering.gui.panel_front_height		正面高度
controlengineering	controlengineering.gui.red		红色：%d
controlengineering	controlengineering.gui.remapper.colored		彩色
controlengineering	controlengineering.gui.remapper.gray		灰色
controlengineering	controlengineering.gui.reqVsAvTape		需要 %d 个字符 / 可用 %d 个
controlengineering	controlengineering.gui.schematic.empty		空白原理图
controlengineering	controlengineering.gui.sequencer.analog		模拟模式
controlengineering	controlengineering.gui.sequencer.autoreset		自动复位
controlengineering	controlengineering.gui.sequencer.compact		紧凑模式
controlengineering	controlengineering.gui.sequencer.manualreset		需要手动复位
controlengineering	controlengineering.gui.signalColor		信号颜色
controlengineering	controlengineering.gui.symbolIntersection		该符号会与其他符号重叠
controlengineering	controlengineering.gui.symbolOutsideBoundary		该符号会超出原理图边界
controlengineering	controlengineering.gui.tubesEmpty		真空管存储：空
controlengineering	controlengineering.gui.useIn		用于 %s
controlengineering	controlengineering.gui.wireOutsideBoundary		该导线段会超出原理图边界
controlengineering	controlengineering.gui.wiresEmpty		导线存储：空
controlengineering	controlengineering.logicworkbench.analogPin		模拟引脚：%d
controlengineering	controlengineering.logicworkbench.clearAll		清空
controlengineering	controlengineering.logicworkbench.clearAll.tooltip		移除所有元件与导线
controlengineering	controlengineering.logicworkbench.clearAll.warning		清空整张原理图？
controlengineering	controlengineering.logicworkbench.components		添加
controlengineering	controlengineering.logicworkbench.components.tooltip		添加新元件
controlengineering	controlengineering.logicworkbench.digitalPin		数字引脚：%d
controlengineering	controlengineering.logicworkbench.drcOn		高亮悬空的输入引脚
controlengineering	controlengineering.logicworkbench.setName		名称
controlengineering	controlengineering.logicworkbench.setName.message		输入新的原理图名称
controlengineering	controlengineering.logicworkbench.setName.tooltip		设置原理图名称
controlengineering	controlengineering.manual.component.color		颜色
controlengineering	controlengineering.manual.component.example		示例
controlengineering	controlengineering.manual.component.integer		整数
controlengineering	controlengineering.manual.component.name		名称
controlengineering	controlengineering.manual.component.options		选项
controlengineering	controlengineering.manual.component.text		文本
controlengineering	controlengineering.symbol.constantSymbol		常量
controlengineering	controlengineering.symbol.inputPinAnalog		模拟输入引脚
controlengineering	controlengineering.symbol.inputPinDigital		数字化输入引脚
controlengineering	controlengineering.symbol.outputPin		输出引脚
controlengineering	controlengineering.symbol.text		文本
controlengineering	controlengineering.tooltip.empty_tape_bytes		长度：%d 个字符
controlengineering	controlengineering.tooltip.written_tape_bytes		字符数：%d
controlengineering	item.controlengineering.bus_wire_coil		总线导线卷
controlengineering	item.controlengineering.clock_edge		时钟发生器：上升沿
controlengineering	item.controlengineering.clock_free		时钟发生器：自由运行
controlengineering	item.controlengineering.clock_state		时钟发生器：状态触发
controlengineering	item.controlengineering.empty_tape		空白纸带
controlengineering	item.controlengineering.key		钥匙
controlengineering	item.controlengineering.lock		带钥匙的锁
controlengineering	item.controlengineering.logic_schematic		逻辑电路原理图
controlengineering	item.controlengineering.panel_top		面板顶盖
controlengineering	item.controlengineering.pcb_stack		逻辑电路板
controlengineering	item.controlengineering.punched_tape		穿孔纸带
controlengineering	itemGroup.controlengineering		控制工程
controlengineering	manual.controlengineering.logic		逻辑柜
controlengineering	manual.controlengineering.main		控制工程
controlengineering	manual.controlengineering.panels		控制面板
controllable	controllable.button.a		A
controllable	controllable.button.b		B
controllable	controllable.button.home		主页
controllable	controllable.button.select		选择
controllable	controllable.button.start		开始
controllable	controllable.button.x		X
controllable	controllable.button.y		Y
controllable	controllable.controller.gamecube		GameCube
controllable	controllable.controller.playstation_3		Playstation 3
controllable	controllable.controller.playstation_4		Playstation 4
controllable	controllable.controller.steam		Steam
controllable	controllable.controller.switch_controller		Switch 手柄
controllable	controllable.controller.switch_joycons		Switch Joy-Con 手柄
controllable	controllable.controller.xbox_360		Xbox 360
controllable	controllable.controller.xbox_one		Xbox One
controllable	controllable.key.closeInventory		关闭物品栏
controllable	controllable.key.openInventory		打开物品栏
controllable	controllable.options.fpsPollingFix		FPS 轮询修复
controllable	controllable.options.fpsPollingFix.desc		启用该选项可以在游戏帧数被限制时改善手柄轮询。如果游戏本来就在没有帧数上限的情况下以低帧率运行，则不会产生任何效果。
controllable	controllable.options.fpsPollingFix.format		FPS 轮询修复：%s
controllable	controllable.options.hintBackground		提示背景
controllable	controllable.options.hintBackground.desc		在按键提示的文字后方绘制一层半透明背景
controllable	controllable.options.hintBackground.format		提示背景：%s
controllable	controllable.options.invertRotation		反转旋转
controllable	controllable.options.invertRotation.desc		启用后将反转摄像机在 X 轴上的操作方向
controllable	controllable.options.listScrollSpeed		列表滚动速度
controllable	controllable.options.listScrollSpeed.desc		列表滚动的速度
controllable	controllable.options.pitchSensitivity		俯仰灵敏度
controllable	controllable.options.pitchSensitivity.desc		应用旋转速度时摄像机俯仰旋转的灵敏度。设为 1.0 表示把 100% 的旋转速度应用于俯仰。
controllable	controllable.options.yawSensitivity		偏航灵敏度
controllable	controllable.options.yawSensitivity.desc		应用旋转速度时摄像机偏航旋转的灵敏度。设为 1.0 表示把 100% 的旋转速度应用于偏航。
corpse	button.corpse.additional_items		额外物品
corpse	button.corpse.transfer_items		转移物品
crafting_on_a_stick	gui.crafting_on_a_stick.suffix		 手持版
crafttweaker	crafttweaker.command.description.dump.biomes		输出所有已注册生物群系的名称
crafttweaker	crafttweaker.command.description.dump.fake_players		输出所有虚拟玩家的信息
crafttweaker	crafttweaker.command.description.dump.tool_tiers		输出所有工具等级的信息
crafttweaker	crafttweaker.command.description.recipes.inventory		输出玩家物品栏中所有物品对应配方的信息
crafttweaker	crafttweaker.command.description.recipes.manager		输出以参数指定的配方管理器中配方的信息
crafttweaker	crafttweaker.command.misc.biomes		生物群系
crafttweaker	crafttweaker.command.misc.fake_players		虚拟玩家
crafttweaker	crafttweaker.command.misc.fluid		流体
crafttweaker	crafttweaker.command.misc.tool_tiers		工具等级
crafttweaker	crafttweaker.script.load.end.error		加载脚本时发生错误：请检查日志
crafttweaker	crafttweaker.script.load.end.noerror		加载完成，没有错误
create	create.display_source.value_list.million		m
create	create.display_source.value_list.thousand		k
create	create.flap_display.cycles.alphabet		 ;A;B;C;D;E;F;G;H;I;J;K;L;M;N;O;P;Q;R;S;T;U;V;X;Y;Z
create	create.flap_display.cycles.fluid_units		mB;B 
create	create.flap_display.cycles.shortened_numbers		 ;K;M
create	create.generic.daytime.am		上午
create	create.generic.daytime.pm		下午
create	create.generic.notes		F#;F;E;D#;D;C#;C;B;A#;A;G#;G
create	create.generic.unit.buckets		桶
create_enchantment_industry	_		感谢你为「机械动力：附魔工业」提供翻译！
create_enchantment_industry	create_enchantment_industry.ponder.leak.text_1		我有一个装满经验的储罐
create_enchantment_industry	create_enchantment_industry.ponder.leak.text_2		我有一根开口的管道
create_enchantment_industry	create_enchantment_industry.ponder.leak.text_3		呃！
create_enchantment_industry	item.create_enchantment_industry.enchanting_guide.tooltip		附魔指南提示信息
create_enchantment_industry	item.create_enchantment_industry.experience_rotor.tooltip		经验转子
create_mechanical_extruder	itemGroup.create_mechanical_extruder:main		机械动力：机械挤压机
createaddition	block.createaddition.connector.tooltip.behaviour1		使用_低电流导线_连接。
createaddition	block.createaddition.connector.tooltip.behaviour2		手持_铜线轴_、_金线轴_或_琥珀金线轴_时，可与最多 4 个其他_小型连接器_建立_导线连接_。
createaddition	block.createaddition.connector.tooltip.behaviour3		用于在_推送_、_拉取_与_无_模式间循环切换。
createaddition	block.createaddition.connector.tooltip.condition1		低电流
createaddition	block.createaddition.connector.tooltip.condition2		右键点击
createaddition	block.createaddition.connector.tooltip.condition3		持扳手右键点击
createaddition	block.createaddition.large_connector		大型连接器
createaddition	block.createaddition.large_connector.tooltip		连接器
createaddition	block.createaddition.large_connector.tooltip.behaviour1		使用_高电流导线_连接。
createaddition	block.createaddition.large_connector.tooltip.behaviour2		手持_金线轴_或_琥珀金线轴_时，可与最多 8 个其他_大型连接器_建立_导线连接_。
createaddition	block.createaddition.large_connector.tooltip.behaviour3		用于在_推送_、_拉取_与_无_模式间循环切换。
createaddition	block.createaddition.large_connector.tooltip.condition1		高电流
createaddition	block.createaddition.large_connector.tooltip.condition2		右键点击
createaddition	block.createaddition.large_connector.tooltip.condition3		持扳手右键点击
createaddition	block.createaddition.large_connector.tooltip.summary		用_导线_连接兼容_Forge 能量_的方块以传输_FE_。
createaddition	block.createaddition.liquid_blaze_burner		带吸管的烈焰人燃烧室
createaddition	block.createaddition.redstone_relay.tooltip.behaviour3		从连接至带有向下箭头标记的_连接器_的_导线_处接收_FE_。
createaddition	block.createaddition.redstone_relay.tooltip.condition3		推送
createaddition	item.createaddition.copper_spool.tooltip.behaviour1		可连接至_低电流连接器_。
createaddition	item.createaddition.copper_spool.tooltip.behaviour2		将在两者间建立导线连接，同时保留_空线轴_。
createaddition	item.createaddition.copper_spool.tooltip.condition1		低电流
createaddition	item.createaddition.copper_spool.tooltip.condition2		右键点击两个连接器
createaddition	item.createaddition.electrum_ingot		琥珀金锭
createaddition	item.createaddition.electrum_nugget		琥珀金粒
createaddition	item.createaddition.electrum_sheet		琥珀金板
createaddition	item.createaddition.electrum_spool.tooltip		线轴
createaddition	item.createaddition.electrum_spool.tooltip.behaviour1		可连接至_高电流连接器_。
createaddition	item.createaddition.electrum_spool.tooltip.behaviour2		将在两者间建立导线连接，同时保留_空线轴_。
createaddition	item.createaddition.electrum_spool.tooltip.condition1		高电流
createaddition	item.createaddition.electrum_spool.tooltip.condition2		右键点击两个连接器
createaddition	item.createaddition.festive_spool.tooltip.behaviour1		可连接至_低电流连接器_。
createaddition	item.createaddition.festive_spool.tooltip.behaviour2		将在两者间建立导线连接，并返还一个_空线轴_。
createaddition	item.createaddition.festive_spool.tooltip.condition1		低电流
createaddition	item.createaddition.festive_spool.tooltip.condition2		右键点击两个连接器
createaddition	item.createaddition.gold_spool.tooltip.behaviour1		可连接至_高电流连接器_。
createaddition	item.createaddition.gold_spool.tooltip.behaviour2		将在两者间建立导线连接，同时保留_空线轴_。
createaddition	item.createaddition.gold_spool.tooltip.condition1		高电流
createaddition	item.createaddition.gold_spool.tooltip.condition2		右键点击两个连接器
createaddition	item.createaddition.spool.tooltip.behaviour1		将移除该导线连接，并返还一个已缠绕的_线轴_。
createaddition	item.createaddition.spool.tooltip.condition1		右键点击两个已连接的连接器
createaddition	itemGroup.createaddition:main		机械动力：工艺与附加
createaddition	statusbar.createaddition.wire.requires_high_current		此连接需要高电流导线
createdeco	block.createdeco.andesite_catwalk_stair		安山栈桥楼梯
createdeco	block.createdeco.brass_catwalk_stair		黄铜栈桥楼梯
createdeco	block.createdeco.cast_iron_catwalk_stair		铸铁栈桥楼梯
createdeco	block.createdeco.copper_catwalk_stair		铜栈桥楼梯
createdeco	block.createdeco.gold_catwalk_stair		金栈桥楼梯
createdeco	block.createdeco.iron_catwalk_stair		铁栈桥楼梯
createdeco	block.createdeco.netherite_catwalk_stair		下界合金栈桥楼梯
createdeco	block.createdeco.zinc_catwalk_stair		锌栈桥楼梯
createdeco	itemGroup.createdeco.bricks		机械动力装饰：砖块
createdeco	itemGroup.createdeco.metals		机械动力装饰：金属
createdeco	itemGroup.createdeco.props		机械动力装饰：道具
createdieselgenerators	block.createdieselgenerators.biodiesel		生物柴油
createdieselgenerators	block.createdieselgenerators.chip_wood_beam		木片梁
createdieselgenerators	block.createdieselgenerators.crude_oil		原油
createdieselgenerators	block.createdieselgenerators.diesel		柴油
createdieselgenerators	block.createdieselgenerators.ethanol		乙醇
createdieselgenerators	block.createdieselgenerators.gasoline		汽油
createdieselgenerators	block.createdieselgenerators.oil_barrel		油桶
createdieselgenerators	block.createdieselgenerators.plant_oil		植物油
createdieselgenerators	createdieselgenerators.chemical_sprayer.tooltip.behaviour1		用其_储罐_中的_流体_开始_喷洒_。
createdieselgenerators	createdieselgenerators.chemical_sprayer.tooltip.condition1		右键点击时。
createdieselgenerators	createdieselgenerators.chemical_sprayer_lighter.tooltip.behaviour1		用其_储罐_中的_流体_开始_喷洒_，并尝试_点燃_该_流体_。
createdieselgenerators	createdieselgenerators.chemical_sprayer_lighter.tooltip.condition1		右键点击时。
createdieselgenerators	createdieselgenerators.engine_silencer.tooltip.behaviour1		将此_升级_应用于_引擎_。
createdieselgenerators	createdieselgenerators.engine_silencer.tooltip.condition1		右键点击引擎时。
createdieselgenerators	createdieselgenerators.engine_turbocharger.tooltip.behaviour1		将此_升级_应用_于_引擎_。
createdieselgenerators	createdieselgenerators.engine_turbocharger.tooltip.condition1		右键点击引擎时。
createdieselgenerators	createdieselgenerators.generic.unit.mbps		mB/s
createdieselgenerators	createdieselgenerators.lighter.tooltip.behaviour1		_关闭_或_打开_，并尝试_点燃_。
createdieselgenerators	createdieselgenerators.lighter.tooltip.behaviour2		_关闭_或_打开_，但不_点火_。
createdieselgenerators	createdieselgenerators.lighter.tooltip.condition1		右键点击时。
createdieselgenerators	createdieselgenerators.lighter.tooltip.condition2		潜行右键点击时。
createdieselgenerators	createdieselgenerators.oil_barrel.tooltip.behaviour1		为该方块_染色_。
createdieselgenerators	createdieselgenerators.oil_barrel.tooltip.condition1		手持染料右键点击时。
createdieselgenerators	createdieselgenerators.oil_barrel.tooltip.summary		为你储存_流体_。既可_水平_放置，也可_垂直_放置。
createdieselgenerators	createdieselgenerators.oil_scanner.tooltip.behaviour1		开始_扫描_原油矿藏_。
createdieselgenerators	createdieselgenerators.oil_scanner.tooltip.condition1		右键点击时。
createdieselgenerators	createdieselgenerators.pumpjack_bearing.tooltip.behaviour1		变为_抽油机曲柄_的_铰链_。
createdieselgenerators	createdieselgenerators.pumpjack_bearing.tooltip.condition1		手持扳手右键点击时。
createdieselgenerators	createdieselgenerators.tooltip.keyAlt		Alt
createwalkabletracks	key.categories.createwalkabletracks		机械动力：可通行轨道
createwalkabletracks	key.createwalkabletracks.toggle_visualizer		切换轨道显示
creativecore	gui.day		天
creativecore	gui.hour		小时
creativecore	gui.minute		分钟
creativecore	gui.reset		重置
creativecore	gui.second		秒
creativecore	minecraft.blocks		方块
creativecore	minecraft.blocks.counting		%s 个方块
cristellib	cristellib.builtinPack		内置数据包，由 Cristel Lib 提供
cucumber	tooltip.cucumber.failed_to_load_nbt		加载 NBT 失败
curvy_pipes	curvy_pipes.add_node		[%s] 添加节点
curvy_pipes	curvy_pipes.add_regex		添加正则
curvy_pipes	curvy_pipes.angle_too_small		接头各分支之间的夹角太小
curvy_pipes	curvy_pipes.avoid_block		按住 [%s] 以避开方块
curvy_pipes	curvy_pipes.avoid_node		按住 [%s] 以避开节点
curvy_pipes	curvy_pipes.avoid_pipe		按住 [%s] 以避开管道
curvy_pipes	curvy_pipes.axial		轴向
curvy_pipes	curvy_pipes.branch		分支
curvy_pipes	curvy_pipes.cant_config		该管道无法配置
curvy_pipes	curvy_pipes.cant_place		无法放置在此：%s
curvy_pipes	curvy_pipes.cant_start_branch		无法从该节点分出支线
curvy_pipes	curvy_pipes.config		配置
curvy_pipes	curvy_pipes.confirm_move		[%s] 确认新位置
curvy_pipes	curvy_pipes.corner_n		转角−
curvy_pipes	curvy_pipes.corner_p		转角+
curvy_pipes	curvy_pipes.cost		消耗物品：%s
curvy_pipes	curvy_pipes.cost_alt		消耗 [%s] × %s
curvy_pipes	curvy_pipes.delete		删除
curvy_pipes	curvy_pipes.deny		拒绝
curvy_pipes	curvy_pipes.detach		正在与方块分离——所有配置都将丢失
curvy_pipes	curvy_pipes.edge_n		边缘−
curvy_pipes	curvy_pipes.edge_p		边缘+
curvy_pipes	curvy_pipes.extend		延伸
curvy_pipes	curvy_pipes.extract		抽取
curvy_pipes	curvy_pipes.extract_hint		推送至已连接的被动端
curvy_pipes	curvy_pipes.fail_delete		删除节点失败：%s
curvy_pipes	curvy_pipes.fail_force_joint		强制为接头失败：%s
curvy_pipes	curvy_pipes.fail_insert		插入节点失败：%s
curvy_pipes	curvy_pipes.fail_move		移动节点失败：%s
curvy_pipes	curvy_pipes.fail_place		放置管道失败：%s
curvy_pipes	curvy_pipes.fail_unforce_joint		取消强制接头失败：%s
curvy_pipes	curvy_pipes.filters		过滤器
curvy_pipes	curvy_pipes.finish_block		[%s] 在方块上结束管道
curvy_pipes	curvy_pipes.finish_branch		[%s] 分支到此节点
curvy_pipes	curvy_pipes.finish_extend		[%s] 连接到此管道
curvy_pipes	curvy_pipes.finish_free		[%s] 在半空中结束管道
curvy_pipes	curvy_pipes.fluid		流体
curvy_pipes	curvy_pipes.force_joint		强制为接头
curvy_pipes	curvy_pipes.grid		[%s] 选择网格（%s）
curvy_pipes	curvy_pipes.insert_node		[%s] 在此插入节点
curvy_pipes	curvy_pipes.intersect_block		管道不能穿过方块
curvy_pipes	curvy_pipes.intersect_pipe		管道不能互相交叉
curvy_pipes	curvy_pipes.interval		间隔：
curvy_pipes	curvy_pipes.interval_hint_0		两次操作之间相隔的刻数（1 到 1200）
curvy_pipes	curvy_pipes.interval_hint_1		 • 低 = 频繁的小批量传输
curvy_pipes	curvy_pipes.interval_hint_2		 • 高 = 不频繁的大批量传输
curvy_pipes	curvy_pipes.invalid_object		所选对象无效
curvy_pipes	curvy_pipes.invalid_shape		形状无效
curvy_pipes	curvy_pipes.joint_variant_of		弯曲 %s 接头
curvy_pipes	curvy_pipes.missing		，缺少 [%s] × %s
curvy_pipes	curvy_pipes.more_options		按住 [%s] 查看更多选项
curvy_pipes	curvy_pipes.move		移动
curvy_pipes	curvy_pipes.no_buffer		传输是瞬时的：管道没有内部缓冲
curvy_pipes	curvy_pipes.node_in_joint		节点不能位于接头内部
curvy_pipes	curvy_pipes.off		关
curvy_pipes	curvy_pipes.offhand		用副手放置弯曲变体
curvy_pipes	curvy_pipes.passive		被动
curvy_pipes	curvy_pipes.pipe_variant_of		弯曲 %s
curvy_pipes	curvy_pipes.put_fluids_here		把流体放在此处以进行过滤
curvy_pipes	curvy_pipes.put_items_here		把物品放在此处以进行过滤，或
curvy_pipes	curvy_pipes.redstone_cable_hint		像原版 %s 那样传导微弱直通红石信号。信号在管道内部或连接红石装置时不会衰减，但连接到原版 %s 时会衰减 1。
curvy_pipes	curvy_pipes.reg		保有量
curvy_pipes	curvy_pipes.reg_hint_0		 • 数量降至该限值以下前停止抽取
curvy_pipes	curvy_pipes.reg_hint_1		 • 数量升至该限值以上前停止送入
curvy_pipes	curvy_pipes.reg_hint_fluid		在物品栏中保有该流体的这一数量（mB）
curvy_pipes	curvy_pipes.reg_hint_item		在物品栏中保有该物品的这一数量
curvy_pipes	curvy_pipes.reg_hint_total_fluid		在物品栏中保有流体总量的这一数量（mB）
curvy_pipes	curvy_pipes.reg_hint_total_item		在物品栏中保有物品总量的这一数量
curvy_pipes	curvy_pipes.reg_total		总保有量：
curvy_pipes	curvy_pipes.regex_hint_0		匹配带命名空间的 ID，例如 "minecraft:dirt"
curvy_pipes	curvy_pipes.regex_hint_1		仅接受安全的正则表达式
curvy_pipes	curvy_pipes.retrieve		取回
curvy_pipes	curvy_pipes.retrieve_hint		从已连接的被动端拉取
curvy_pipes	curvy_pipes.shift_for_more		按住 [Shift] 查看更多信息
curvy_pipes	curvy_pipes.start_block		[%s] 在方块上开始管道
curvy_pipes	curvy_pipes.start_branch		[%s] 从该节点分出支线
curvy_pipes	curvy_pipes.start_config		[%s] 配置此节点
curvy_pipes	curvy_pipes.start_extend		[%s] 延续此管道
curvy_pipes	curvy_pipes.start_free		[%s] 在半空中开始管道
curvy_pipes	curvy_pipes.too_costly		材料不足
curvy_pipes	curvy_pipes.too_far		距离过远
curvy_pipes	curvy_pipes.transparency_toggle		手持 [%s] 右键以切换透明度
curvy_pipes	curvy_pipes.unforce_joint		取消强制接头
curvy_pipes	curvy_pipes.wait		等待服务器
curvy_pipes	item.curvy_pipes.redstone_cable		红石线缆
curvy_pipes	itemGroup.curvy_pipes		弯曲管道
cyclopscore	itemGroup.cyclopscore		独眼巨人核心
darkutils	itemGroup.darkutils.creative_tab		暗黑实用工具
davebuildingmod	itemGroup.tabdaves_misc_tab		DBE 杂项
davebuildingmod	itemGroup.tabdaves_mod_tab		DBE 列车
davespotioneering	block.davespotioneering.reinforced_cauldron.shift.desc		一种新型炼药锅，相比原版在机制上有一些差异与优势。
davespotioneering	block.davespotioneering.reinforced_water_cauldron		加固水炼药锅
davespotioneering	davespotioneering.coated_with.tooltip		涂层：
davespotioneering	davespotioneering.spiked_with.tooltip		添加物：
davespotioneering	itemGroup.davespotioneering		Dave 的酿造学
davespotioneering	key.categories.davespotioneering		Dave 的药剂学
davespotioneering	key.davespotioneering.open_config		打开配置
decorative_blocks	itemGroup.decorative_blocks.general		装饰方块
dimensionalworldborder	commands.dimensionalworldborder.dimworldborder.center.failed		没有任何改变。%s 的世界边界中心已经在此处
dimensionalworldborder	commands.dimensionalworldborder.dimworldborder.center.success		已将 %s 的世界边界中心设为 %s, %s
dimensionalworldborder	commands.dimensionalworldborder.dimworldborder.damage.amount.failed		没有任何改变。%s 的世界边界伤害已经是该数值
dimensionalworldborder	commands.dimensionalworldborder.dimworldborder.damage.amount.success		已将 %s 的世界边界伤害设为每秒每格 %s
dimensionalworldborder	commands.dimensionalworldborder.dimworldborder.damage.buffer.failed		没有任何改变。%s 的世界边界伤害缓冲已经是该距离
dimensionalworldborder	commands.dimensionalworldborder.dimworldborder.damage.buffer.success		已将 %s 的世界边界伤害缓冲设为 %s 格
dimensionalworldborder	commands.dimensionalworldborder.dimworldborder.get		%s 的世界边界当前宽度为 %s 格
dimensionalworldborder	commands.dimensionalworldborder.dimworldborder.set.failed.big		世界边界宽度不能超过 %s 格
dimensionalworldborder	commands.dimensionalworldborder.dimworldborder.set.failed.far		世界边界不能超出 %s 格
dimensionalworldborder	commands.dimensionalworldborder.dimworldborder.set.failed.nochange		没有任何改变。%s 的世界边界已经是该大小
dimensionalworldborder	commands.dimensionalworldborder.dimworldborder.set.failed.small		世界边界宽度不能小于 1 格
dimensionalworldborder	commands.dimensionalworldborder.dimworldborder.set.grow		%s 的世界边界将扩展至 %s 格宽，用时 %s 秒
dimensionalworldborder	commands.dimensionalworldborder.dimworldborder.set.immediate		已将 %s 的世界边界设为 %s 格宽
dimensionalworldborder	commands.dimensionalworldborder.dimworldborder.set.shrink		%s 的世界边界将收缩至 %s 格宽，用时 %s 秒
dimensionalworldborder	commands.dimensionalworldborder.dimworldborder.warning.distance.failed		没有任何改变。%s 的世界边界警告距离已经是该值
dimensionalworldborder	commands.dimensionalworldborder.dimworldborder.warning.distance.success		已将 %s 的世界边界警告距离设为 %s 格
dimensionalworldborder	commands.dimensionalworldborder.dimworldborder.warning.time.failed		没有任何改变。%s 的世界边界警告时间已经是该值
dimensionalworldborder	commands.dimensionalworldborder.dimworldborder.warning.time.success		已将 %s 的世界边界警告时间设为 %s 秒
draconicadditions	block.draconicadditions.chaos_infuser		混沌注入器
draconicadditions	block.draconicadditions.chaos_liquefier		混沌液化器
draconicadditions	death.attack.chaosInjection		%s 在试图驾驭超出掌控的力量时炸成了一摊血肉
draconicadditions	gui.draconicadditions.chaos_infuser		混沌注入器
draconicadditions	gui.draconicadditions.chaos_infuser.chaosSlot.hover		接受任何装有混沌稳定模块的模块化物品。
draconicadditions	gui.draconicadditions.chaos_liquefier		混沌液化器
draconicadditions	gui.draconicadditions.chaos_liquefier.chaosSlot.hover		接受混沌碎片与混沌之心。
draconicadditions	info.da.chaos.cantdrop		现在丢弃这个 %s 似乎是个非常糟糕的主意。
draconicadditions	info.da.chaos.cantmove		现在移动这个 %s 似乎是个非常糟糕的主意。
draconicadditions	info.da.chaos.explode		%s 在你手中爆炸了！
draconicadditions	info.da.chaos.noShield		混沌容器需要护盾增强模块才能运作。
draconicadditions	info.da.chaos.warning		警告：你的 %s 即将爆炸！
draconicadditions	info.da.chaos.xfer.from		已转移 %s mB，来自 %s
draconicadditions	info.da.chaos.xfer.to		已转移 %s mB 至 %s
draconicadditions	info.da.chaos_injector.noShield		警告：未检测到护盾！
draconicadditions	info.da.chaos_injector.noStorage		警告：没有混沌储存模块就无法注入或排出混沌！
draconicadditions	info.da.chaos_injector.shieldCapacityLow		警告：你的护盾上限可能不足以撑过注入过程！
draconicadditions	info.da.chaos_injector.shieldDisabled		警告：你的护盾已关闭！
draconicadditions	info.da.chaos_injector.shieldLow		警告：你的护盾正在变低！
draconicadditions	info.da.chaos_injector.storageEmpty		警告：注入失败！原因：混沌储存模块中没有混沌。
draconicadditions	info.da.chaos_injector.storageFull		警告：无法排出混沌，你的混沌储存模块已满！
draconicadditions	info.da.hermal.craft		看似平平无奇之物中，蕴含着终极的力量。
draconicadditions	info.da.hermal.eat.attempt		这似乎是个坏主意……
draconicadditions	info.da.hermal.eat.success		无人能质疑 hermal 的力量。
draconicadditions	info.da.hermal.lore		求别吃
draconicadditions	info.da.instability		当前不稳定度：%s%%
draconicadditions	info.da.maxChaos		最大混沌：%s B
draconicadditions	info.da.modular_harness.cantmove		这个方块似乎纹丝不动……
draconicadditions	info.da.modular_harness.placeSuccess		你把机器从背架上取下，重新放好。
draconicadditions	info.da.modular_harness.storeSuccess		你把机器放进了背架。
draconicadditions	info.da.modular_harness.storedBlock		当前存放：
draconicadditions	info.da.opCost		OP 消耗：%s OP/t
draconicadditions	info.da.storedChaos		已存混沌：%s / %s mB
draconicadditions	item.draconicadditions.chaos_container		混沌容器
draconicadditions	item.draconicadditions.chaos_heart		混沌之心
draconicadditions	item.draconicadditions.chaos_injector_module		混沌注入器
draconicadditions	item.draconicadditions.chaotic_auto_feed_module		混沌自动喂食模块
draconicadditions	item.draconicadditions.chaotic_harness		混沌背架
draconicadditions	item.draconicadditions.chaotic_necklace		混沌项链
draconicadditions	item.draconicadditions.chaotic_tick_accel_module		混沌刻加速器
draconicadditions	item.draconicadditions.draconic_harness		巨龙背架
draconicadditions	item.draconicadditions.draconic_necklace		巨龙项链
draconicadditions	item.draconicadditions.draconic_tick_accel_module		巨龙刻加速器
draconicadditions	item.draconicadditions.hermal		hermal
draconicadditions	item.draconicadditions.hermal.desc		hermal？
draconicadditions	item.draconicadditions.inert_potato_boots		惰性马铃薯靴子
draconicadditions	item.draconicadditions.inert_potato_chest		惰性马铃薯胸甲
draconicadditions	item.draconicadditions.inert_potato_helm		惰性马铃薯头盔
draconicadditions	item.draconicadditions.inert_potato_legs		惰性马铃薯护腿
draconicadditions	item.draconicadditions.semi_stable_chaos_module		半稳定混沌储存器
draconicadditions	item.draconicadditions.stable_chaos_module		稳定混沌储存器
draconicadditions	item.draconicadditions.unstable_chaos_module		不稳定混沌储存器
draconicadditions	item.draconicadditions.wyvern_harness		飞龙背架
draconicadditions	item.draconicadditions.wyvern_necklace		飞龙项链
draconicadditions	itemGroup.draconicadditions.items		龙之进化：附加
draconicadditions	itemGroup.draconicadditions.modules		龙之进化：模块
draconicadditions	item_prop.draconicevolution.chaos_injector.rate		血量 | 注入速率 | 混沌
draconicadditions	item_prop.draconicevolution.receive_energy_from_machine		从机器接收 RF
draconicadditions	item_prop.draconicevolution.tick_accel.speed		额外刻数
draconicadditions	module.draconicadditions.chaos_injector.name		注入速率
draconicadditions	module.draconicadditions.chaos_injector.value		%s 颗心
draconicadditions	module.draconicadditions.maxChaos.name		最大混沌储量
draconicadditions	module.draconicadditions.maxChaos.value		%s mB
draconicadditions	module.draconicadditions.maxInstability.name		不稳定度
draconicadditions	module.draconicadditions.tick_accel.name		额外刻数
draconicadditions	module.draconicadditions.tick_accel.value		%s 刻
draconicadditions	module_type.draconicevolution.chaos_injector.name		混沌注入系统
draconicadditions	module_type.draconicevolution.stable_chaos.name		混沌稳定器
draconicadditions	module_type.draconicevolution.tick_accel.name		刻加速器
drippyloadingscreen	drippyloadingscreen.background.color		颜色 [HEX]
drippyloadingscreen	drippyloadingscreen.background.color.config		配置纯色背景
drippyloadingscreen	drippyloadingscreen.background.color.config.color		HEX 颜色：
drippyloadingscreen	drippyloadingscreen.background.color.config.invalid_color		§x你需要先输入一个有效的 HEX 颜色！
drippyloadingscreen	drippyloadingscreen.background.color.desc		一个简单的 HEX 纯色背景。
drippyloadingscreen	drippyloadingscreen.elements.vanilla_bar		类原版游戏加载条 [Drippy]
drippyloadingscreen	drippyloadingscreen.elements.vanilla_bar.color		颜色 [HEX]
drippyloadingscreen	drippyloadingscreen.elements.vanilla_bar.desc		这是一条类原版的游戏加载进度条。\n只有用在 Drippy 布局中\n才会显示真实进度。
drippyloadingscreen	drippyloadingscreen.settings.allow_universal		允许通用布局：%s
drippyloadingscreen	drippyloadingscreen.settings.allow_universal.desc		是否将通用布局\n应用到加载界面。
drippyloadingscreen	drippyloadingscreen.settings.customize_loading_screen		自定义加载界面
drippyloadingscreen	drippyloadingscreen.settings.early_fade_out_elements		元素提前淡出：%s
drippyloadingscreen	drippyloadingscreen.settings.early_fade_out_elements.desc		加载界面元素是否\n应比背景更早开始淡出。
drippyloadingscreen	drippyloadingscreen.settings.fade_out_loading_screen		淡出加载界面：%s
drippyloadingscreen	drippyloadingscreen.settings.fade_out_loading_screen.desc		加载界面是否淡出。
drippyloadingscreen	drippyloadingscreen.settings.wait_for_textures_in_loading		加载时等待纹理：%s
drippyloadingscreen	drippyloadingscreen.settings.wait_for_textures_in_loading.desc		模组是否等待加载界面中的纹理，\n 以避免重载资源时\n纹理闪烁。\n\n如果遇到卡顿，请关闭此项。
dungeons_libraries	artifact.dungeons_libraries.base		使用圣物会将其移入一个空闲的圣物 Curios 槽位。
dungeons_libraries	artifact.dungeons_libraries.cooldown		%d 秒冷却
dungeons_libraries	artifact.dungeons_libraries.duration		%d 秒持续时间
dungeons_libraries	attribute.name.generic.dungeons_libraries.artifact_cooldown_multiplier		圣物冷却倍率
dungeons_libraries	attribute.name.generic.dungeons_libraries.life_steal		生命偷取
dungeons_libraries	attribute.name.generic.dungeons_libraries.magic_damage_multiplier		魔法伤害倍率
dungeons_libraries	attribute.name.generic.dungeons_libraries.ranged_damage_multiplier		远程伤害倍率
dungeons_libraries	attribute.name.generic.dungeons_libraries.soul_cap		最大灵魂容量
dungeons_libraries	attribute.name.generic.dungeons_libraries.soul_gathering		灵魂收集
dungeons_libraries	commands.mobEnchantment.clear.everything.failed		目标没有可移除的生物附魔
dungeons_libraries	commands.mobEnchantment.clear.everything.success.multiple		已从 %s 个目标移除全部生物附魔
dungeons_libraries	commands.mobEnchantment.clear.everything.success.single		已从 %s 移除全部生物附魔
dungeons_libraries	commands.mobEnchantment.clear.specific.success.multiple		已从 %s 个目标移除生物附魔 %s
dungeons_libraries	commands.mobEnchantment.clear.specific.success.single		已从 %s 移除生物附魔 %s
dungeons_libraries	commands.mobEnchantment.give.failed		无法应用该生物附魔（目标很可能已拥有）
dungeons_libraries	commands.mobEnchantment.give.success.multiple		已对 %s 个目标应用生物附魔 %s
dungeons_libraries	commands.mobEnchantment.give.success.single		已对 %s 应用生物附魔 %s
dungeons_libraries	commands.souls.add.failed		添加灵魂失败
dungeons_libraries	commands.souls.add.success		已成功添加灵魂
dungeons_libraries	commands.souls.set.failed		设置灵魂失败
dungeons_libraries	commands.souls.set.success		已成功设置灵魂
dungeons_libraries	curios.identifier.artifact		圣物
dungeons_libraries	key.dungeons_libraries.curiosintegration.category		地牢装备 Curios
dungeons_libraries	key.dungeons_libraries.curiosintegration.description_slot1		圣物槽位 1
dungeons_libraries	key.dungeons_libraries.curiosintegration.description_slot2		圣物槽位 2
dungeons_libraries	key.dungeons_libraries.curiosintegration.description_slot3		圣物槽位 3
dungeons_mobs	abilities.dungeons_mobs.necromancer_staff		召唤一只会攻击敌人的僵尸仆从。
dungeons_mobs	ability.dungeons_mobs.geomancer_staff		召唤阻挡敌人前进的石柱，有较小概率召唤出爆炸石柱。
dungeons_mobs	ability.dungeons_mobs.necromancer_trident		在目标周围召下 8 把三叉戟，落地之处会引发雷击。
dungeons_mobs	ability.dungeons_mobs.windcaller_staff		射出一阵狂风，将敌人击退。
dungeons_mobs	death.attack.blastling		%1$s 被 %2$s 炸飞了
dungeons_mobs	death.attack.ice_chunk		%1$s 被 %2$s 的冰块碾碎了
dungeons_mobs	death.attack.poison_quill		%1$s 被 %2$s 的毒刺击中了
dungeons_mobs	death.attack.summoned_trident_storm		%1$s 被 %2$s 召唤的带电三叉戟击中了
dungeons_mobs	death.attack.trident_storm		%1$s 被带电的三叉戟击中了
dungeons_mobs	death.blastling		%1$s 被炸飞了
dungeons_mobs	death.ice_chunk		%1$s 被冰块碾碎了
dungeons_mobs	death.poison_quill		%1$s 被毒刺击中了
dungeons_mobs	death.summoned_trident_storm		%1$s 被召唤的带电三叉戟击中了
dungeons_mobs	death.trident_storm		%1$s 被带电的三叉戟击中了
dungeons_mobs	effect.dungeons_mobs.ensnared		束缚
dungeons_mobs	entity.dungeons_mobs.blastling_bullet		爆风弹
dungeons_mobs	entity.dungeons_mobs.blue_nethershrooom		蓝色下界菇
dungeons_mobs	entity.dungeons_mobs.quick_growing_kelp		速生海带
dungeons_mobs	entity.dungeons_mobs.snareling_glob		缠缚球
dungeons_mobs	entity.dungeons_mobs.wildfire		野火
dungeons_mobs	item.dungeons_mobs.alpine_boots		高山靴
dungeons_mobs	item.dungeons_mobs.alpine_chestplate		高山夹克
dungeons_mobs	item.dungeons_mobs.alpine_helmet		高山兜帽
dungeons_mobs	item.dungeons_mobs.alpine_leggings		高山裤
dungeons_mobs	item.dungeons_mobs.chef_chestplate		厨师围裙
dungeons_mobs	item.dungeons_mobs.chef_helmet		厨师帽
dungeons_mobs	item.dungeons_mobs.drowned_necromancer_chestplate		溺亡死灵法师斗篷
dungeons_mobs	item.dungeons_mobs.drowned_necromancer_helmet		溺亡死灵法师王冠
dungeons_mobs	item.dungeons_mobs.drowned_necromancer_leggings		溺亡死灵法师腰带
dungeons_mobs	item.dungeons_mobs.enchanter_hat		附魔师帽
dungeons_mobs	item.dungeons_mobs.enchanter_robes		附魔师长袍
dungeons_mobs	item.dungeons_mobs.expedition_chestplate		探险夹克
dungeons_mobs	item.dungeons_mobs.expedition_helmet		探险兜帽
dungeons_mobs	item.dungeons_mobs.expedition_leggings		探险裤
dungeons_mobs	item.dungeons_mobs.fungus_thrower_chestplate		掷菌者背包
dungeons_mobs	item.dungeons_mobs.fungus_thrower_helmet		掷菌者头巾
dungeons_mobs	item.dungeons_mobs.geomancer_chestplate		地卜师破布衣
dungeons_mobs	item.dungeons_mobs.geomancer_helmet		地卜师念珠
dungeons_mobs	item.dungeons_mobs.iceologer_boots		冰术师靴
dungeons_mobs	item.dungeons_mobs.iceologer_chestplate		冰术师斗篷
dungeons_mobs	item.dungeons_mobs.iceologer_helmet		冰术师兜帽
dungeons_mobs	item.dungeons_mobs.iceologer_leggings		冰术师裤
dungeons_mobs	item.dungeons_mobs.illusioner_boots		幻术师鞋
dungeons_mobs	item.dungeons_mobs.illusioner_chestplate		幻术师长袍
dungeons_mobs	item.dungeons_mobs.illusioner_helmet		幻术师兜帽
dungeons_mobs	item.dungeons_mobs.illusioner_leggings		幻术师裤
dungeons_mobs	item.dungeons_mobs.mage_boots		法师靴
dungeons_mobs	item.dungeons_mobs.mage_chestplate		法师斗篷
dungeons_mobs	item.dungeons_mobs.mage_helmet		法师兜帽
dungeons_mobs	item.dungeons_mobs.mage_leggings		法师裤
dungeons_mobs	item.dungeons_mobs.mountaineer_boots		登山靴
dungeons_mobs	item.dungeons_mobs.mountaineer_chestplate		登山夹克
dungeons_mobs	item.dungeons_mobs.mountaineer_helmet		登山兜帽
dungeons_mobs	item.dungeons_mobs.mountaineer_leggings		登山裤
dungeons_mobs	item.dungeons_mobs.necromancer_chestplate		死灵法师斗篷
dungeons_mobs	item.dungeons_mobs.necromancer_helmet		死灵法师王冠
dungeons_mobs	item.dungeons_mobs.necromancer_leggings		死灵法师腰带
dungeons_mobs	item.dungeons_mobs.netherplate_helmet		下界板头盔
dungeons_mobs	item.dungeons_mobs.quick_growing_kelp_spawn_egg		速生海带刷怪蛋
dungeons_mobs	item.dungeons_mobs.royal_guard_boots		皇家守卫铁靴
dungeons_mobs	item.dungeons_mobs.royal_guard_chestplate		皇家守卫胸甲
dungeons_mobs	item.dungeons_mobs.royal_guard_helmet		皇家守卫头盔
dungeons_mobs	item.dungeons_mobs.royal_guard_leggings		皇家守卫护膝
dungeons_mobs	item.dungeons_mobs.vanguard_chestplate		先锋胸甲
dungeons_mobs	item.dungeons_mobs.vanguard_helmet		先锋头盔
dungeons_mobs	item.dungeons_mobs.vanguard_legs		先锋护腿
dungeons_mobs	item.dungeons_mobs.wildfire_spawn_egg		野火刷怪蛋
dungeons_mobs	item.dungeons_mobs.windcaller_chestplate		唤风者长袍
dungeons_mobs	item.dungeons_mobs.windcaller_helmet		风之假发
dungeons_mobs	item.dungeons_mobs.wooden_ladle		木汤勺
dungeons_mobs	itemGroup.dungeonsMobsItems		地牢：生物装备
dungeons_mobs	lore.dungeons_mobs.alpine_armor		无数次探险幸存者的绯红装备，以皮革衬垫加固，并饰有钻石纽扣。
dungeons_mobs	lore.dungeons_mobs.blue_nethershroom		诡秘森林的剧毒真菌，感应到附近存在威胁便会引爆，与主世界的某种生物颇为相似。
dungeons_mobs	lore.dungeons_mobs.chef_armor		卫道士厨师可不只是残暴的野蛮人，他们是高塔城堡宫廷文化的巅峰，把精湛刀法用于烹饪，而非屠杀无辜村民。
dungeons_mobs	lore.dungeons_mobs.diamond_mountaineer_axe		所有登山者的梦想；唯有技艺或运气足够好、能开采并贩售山中稀有绿宝石的灾厄村民才买得起这件工具。
dungeons_mobs	lore.dungeons_mobs.diamond_pillager_helmet		唯有最凶悍也最富有者，才买得起如此工艺的护具。
dungeons_mobs	lore.dungeons_mobs.diamond_vindicator_helmet		最凶残的卫道士佩戴的带角头盔，用以模仿劫掠兽的暴怒。
dungeons_mobs	lore.dungeons_mobs.drowned_necromancer_armor		风暴与溺亡之主的仪式礼服，沉没国度的遗物；据传他们至今仍崇拜一位远古的深渊独眼神祇。
dungeons_mobs	lore.dungeons_mobs.enchanter_clothes		灾厄帝国博学的附魔师所穿的绯红长袍，饰有钻石。
dungeons_mobs	lore.dungeons_mobs.expedition_armor		啸风峰巅饱经风霜的登山者所穿的坚固攀爬装备。
dungeons_mobs	lore.dungeons_mobs.fungus_thrower_armor		在猪灵氏族的文化里，紫色被视为狡黠之色；唯有精心缝制的口袋，方能盛装诡秘森林的致命真菌。
dungeons_mobs	lore.dungeons_mobs.geomancer_armor		地卜师隐士的原始破布衣，据说他们的紫水晶项链是咒术的催化剂。
dungeons_mobs	lore.dungeons_mobs.geomancer_staff		外表不过是一根普通手杖，地卜师用它向地面传导震动，释放出爆炸之力。
dungeons_mobs	lore.dungeons_mobs.gold_mountaineer_axe		由山中能提供的最坚固铁矿铸成，再无岩石能阻挡你登顶。
dungeons_mobs	lore.dungeons_mobs.gold_pillager_helmet		饰以劫掠村庄所得财宝的华丽头盔。
dungeons_mobs	lore.dungeons_mobs.gold_vindicator_helmet		在烈焰锻炉工业中批量锻造的粗制金属头盔。
dungeons_mobs	lore.dungeons_mobs.iceologer_armor		孤堡冰术师所穿的蔚蓝长袍。繁复的符文使穿戴者得以召唤冬季的凶煞之力。
dungeons_mobs	lore.dungeons_mobs.illusioner_armor		幻术师——灾厄帝国的魔法射手——的迷幻装束。这些隐秘的密探极少现身；毕竟，紫色本就鬼祟。
dungeons_mobs	lore.dungeons_mobs.mage_armor		样样通、样样松；这身紫色长袍为多才多艺的法师所穿，他们精通林地府邸各派法术，从唤魔到幻术无所不通。
dungeons_mobs	lore.dungeons_mobs.mountaineer_armor		由山地与冻原的灾厄村民织就的温暖而粗犷的服装。
dungeons_mobs	lore.dungeons_mobs.mountaineer_axe		绿宝石狂热的登山者的主要工具；它主要用于攀爬，却如镐一般便于开凿隧道，又如斧一般足以刺穿敌人。
dungeons_mobs	lore.dungeons_mobs.necromancer_armor		一个古老无名国度不朽附魔师的华贵长袍；自此他们傲然统御着成群的枯骨与腐肉，仅向一位无名之王俯首。
dungeons_mobs	lore.dungeons_mobs.necromancer_staff		死灵法师的魔法触媒，亿万年前由坠自虚空的星辰碎片制成；据传其中封存着无数灵魂的低语。
dungeons_mobs	lore.dungeons_mobs.necromancer_trident		深渊纪念碑法师祭司的仪式三叉戟，闪烁着沉星般的蔚蓝微光；这柄法器赋予持有者支配风暴与亡者的力量。
dungeons_mobs	lore.dungeons_mobs.netherite_piglin_helmet		以纯下界合金锻造的漆黑头盔，为栖居于昔日雄伟堡垒废墟中的猪灵战士所戴。
dungeons_mobs	lore.dungeons_mobs.netherplate_armor		下界要塞守护者野火的黑暗之冠，其绯红宝石据说凝聚着冥界的炽烈之力。
dungeons_mobs	lore.dungeons_mobs.royal_guard_armor		授予大灾厄者麾下杰出守卫的华丽护甲，锻于烈焰锻炉最幽深的处所。
dungeons_mobs	lore.dungeons_mobs.royal_guard_shield		骄傲地展示着大灾厄者的黄色十字；这面盾牌象征着皇家守卫的御守之责，是大灾厄者坚实的壁垒。
dungeons_mobs	lore.dungeons_mobs.vanguard_armor		一位名号湮没于时间之沙的魔法君主，其永世不灭的守卫所穿的古老护甲。
dungeons_mobs	lore.dungeons_mobs.vanguard_shield		岁月流逝未曾使这面盾牌脆损；据说那无名国度不灭先锋所结成的盾墙坚不可摧。
dungeons_mobs	lore.dungeons_mobs.windcaller_armor		疾风圣殿唤风者所穿的翡翠袈裟；僧侣们高耸的假发是他们与风沟通不可或缺的一部分。
dungeons_mobs	lore.dungeons_mobs.windcaller_staff		疾风掠过翡翠法杖奇特的形制所发出的声响，使持杖者得以辨明风向。
dungeons_mobs	lore.dungeons_mobs.wooden_ladle		即便只是一件木制器具，落到一个会一遍又一遍、一遍又一遍地敲下去的人手里，也能成为致命武器……
dungeons_mobs	mobenchant.enchantwithmob.name.dungeons_mobs.burning		灼烧
dungeons_mobs	mobenchant.enchantwithmob.name.dungeons_mobs.chilling		冰寒
dungeons_mobs	mobenchant.enchantwithmob.name.dungeons_mobs.deflect		偏转
dungeons_mobs	mobenchant.enchantwithmob.name.dungeons_mobs.echo		回响
dungeons_mobs	mobenchant.enchantwithmob.name.dungeons_mobs.gravity_pulse		重力脉冲
dungeons_mobs	mobenchant.enchantwithmob.name.dungeons_mobs.heals_allies		治疗友军
dungeons_mobs	mobenchant.enchantwithmob.name.dungeons_mobs.radiance		光辉
dungeons_mobs	mobenchant.enchantwithmob.name.dungeons_mobs.regeneration		再生
dungeons_mobs	mobenchant.enchantwithmob.name.dungeons_mobs.rush		冲锋
dungeons_mobs	subtitles.entity.blastling.bullet_land		爆风弹爆裂
dungeons_mobs	subtitles.entity.blastling.death		爆风怪死亡
dungeons_mobs	subtitles.entity.blastling.hurt		爆风怪受伤
dungeons_mobs	subtitles.entity.blastling.idle		爆风怪低鸣
dungeons_mobs	subtitles.entity.blastling.shoot		爆风怪射击
dungeons_mobs	subtitles.entity.blastling.step		脚步声
dungeons_mobs	subtitles.entity.drowned_necromancer.attack		溺亡死灵法师射击
dungeons_mobs	subtitles.entity.drowned_necromancer.death		溺亡死灵法师死亡
dungeons_mobs	subtitles.entity.drowned_necromancer.hurt		溺亡死灵法师受伤
dungeons_mobs	subtitles.entity.drowned_necromancer.idle		溺亡死灵法师呻吟
dungeons_mobs	subtitles.entity.drowned_necromancer.prepare_trident_storm		三叉戟风暴轰鸣
dungeons_mobs	subtitles.entity.drowned_necromancer.shoot		溺亡死灵法师射击
dungeons_mobs	subtitles.entity.drowned_necromancer.steam_missile		蒸汽飞弹发射
dungeons_mobs	subtitles.entity.drowned_necromancer.steam_missile_impact		蒸汽飞弹命中
dungeons_mobs	subtitles.entity.drowned_necromancer.strong_attack		溺亡死灵法师准备召唤
dungeons_mobs	subtitles.entity.drowned_necromancer.summon		溺亡死灵法师召唤
dungeons_mobs	subtitles.entity.drowned_necromancer.swim		溺亡死灵法师游动
dungeons_mobs	subtitles.entity.drowned_necromancer.trident_storm_hit		三叉戟风暴袭来
dungeons_mobs	subtitles.entity.enchanter.attack		附魔师攻击
dungeons_mobs	subtitles.entity.enchanter.beam		附魔师施法
dungeons_mobs	subtitles.entity.enchanter.death		附魔师死亡
dungeons_mobs	subtitles.entity.enchanter.hurt		附魔师受伤
dungeons_mobs	subtitles.entity.enchanter.idle		附魔师咕哝
dungeons_mobs	subtitles.entity.enchanter.pre_attack		附魔师举起书本
dungeons_mobs	subtitles.entity.enchanter.spell		附魔师准备附魔
dungeons_mobs	subtitles.entity.endersent.attack		末影哨兵猛击
dungeons_mobs	subtitles.entity.endersent.death		末影哨兵死亡
dungeons_mobs	subtitles.entity.endersent.hurt		末影哨兵受伤
dungeons_mobs	subtitles.entity.endersent.idle		末影哨兵低吟
dungeons_mobs	subtitles.entity.endersent.idle_smash		末影哨兵猛击
dungeons_mobs	subtitles.entity.endersent.step		末影哨兵行走
dungeons_mobs	subtitles.entity.frozen_zombie.death		霜冻僵尸死亡
dungeons_mobs	subtitles.entity.frozen_zombie.hurt		霜冻僵尸受伤
dungeons_mobs	subtitles.entity.frozen_zombie.idle		霜冻僵尸呻吟
dungeons_mobs	subtitles.entity.frozen_zombie.snowball_land		雪球撞击
dungeons_mobs	subtitles.entity.fungus_thrower.fungus_land		真菌爆炸
dungeons_mobs	subtitles.entity.fungus_thrower.throw		真菌被投出
dungeons_mobs	subtitles.entity.geomancer.attack		地卜师召唤石柱
dungeons_mobs	subtitles.entity.geomancer.bomb_spawn		地卜师炸弹浮现
dungeons_mobs	subtitles.entity.geomancer.death		地卜师死亡
dungeons_mobs	subtitles.entity.geomancer.hurt		地卜师受伤
dungeons_mobs	subtitles.entity.geomancer.idle		地卜师咯咯笑
dungeons_mobs	subtitles.entity.geomancer.pre_attack		地卜师准备施术
dungeons_mobs	subtitles.entity.geomancer.wall_despawn		地卜师石柱消失
dungeons_mobs	subtitles.entity.geomancer.wall_spawn		地卜师石柱浮现
dungeons_mobs	subtitles.entity.ice_chunk.fall		冰块坠落
dungeons_mobs	subtitles.entity.ice_chunk.idle_loop		冰块开裂
dungeons_mobs	subtitles.entity.ice_chunk.land		冰块碎裂
dungeons_mobs	subtitles.entity.ice_chunk.summoned		冰块出现
dungeons_mobs	subtitles.entity.iceologer.attack		冰术师攻击
dungeons_mobs	subtitles.entity.iceologer.death		冰术师死亡
dungeons_mobs	subtitles.entity.iceologer.hurt		冰术师受伤
dungeons_mobs	subtitles.entity.iceologer.idle		冰术师咕哝
dungeons_mobs	subtitles.entity.icy_creeper.explode		寒冰苦力怕爆炸
dungeons_mobs	subtitles.entity.illusioner.clone_arrow_hit		诡异箭矢命中
dungeons_mobs	subtitles.entity.illusioner.death		幻术师死亡
dungeons_mobs	subtitles.entity.jungle_zombie.death		丛林僵尸死亡
dungeons_mobs	subtitles.entity.jungle_zombie.hurt		丛林僵尸受伤
dungeons_mobs	subtitles.entity.jungle_zombie.idle		丛林僵尸咕噜
dungeons_mobs	subtitles.entity.jungle_zombie.step		脚步声
dungeons_mobs	subtitles.entity.leapleaf.attack		腾跃之叶攻击
dungeons_mobs	subtitles.entity.leapleaf.death		腾跃之叶死亡
dungeons_mobs	subtitles.entity.leapleaf.hurt		腾跃之叶受伤
dungeons_mobs	subtitles.entity.leapleaf.idle		腾跃之叶低吼
dungeons_mobs	subtitles.entity.leapleaf.land		腾跃之叶猛击
dungeons_mobs	subtitles.entity.leapleaf.leap		腾跃之叶跃起
dungeons_mobs	subtitles.entity.leapleaf.prepare_leap		腾跃之叶准备腾跃
dungeons_mobs	subtitles.entity.leapleaf.rest		腾跃之叶休憩
dungeons_mobs	subtitles.entity.leapleaf.step		腾跃之叶行走
dungeons_mobs	subtitles.entity.mossy_skeleton.death		青苔骷髅死亡
dungeons_mobs	subtitles.entity.mossy_skeleton.hurt		青苔骷髅受伤
dungeons_mobs	subtitles.entity.mossy_skeleton.idle		青苔骷髅咯吱作响
dungeons_mobs	subtitles.entity.mossy_skeleton.shoot		青苔骷髅射击
dungeons_mobs	subtitles.entity.mossy_skeleton.step		脚步声
dungeons_mobs	subtitles.entity.mountaineer.death		登山者死亡
dungeons_mobs	subtitles.entity.mountaineer.hurt		登山者受伤
dungeons_mobs	subtitles.entity.mountaineer.idle		登山者低语
dungeons_mobs	subtitles.entity.necromancer.death		死灵法师死亡
dungeons_mobs	subtitles.entity.necromancer.hurt		死灵法师受伤
dungeons_mobs	subtitles.entity.necromancer.idle		死灵法师咯咯作响
dungeons_mobs	subtitles.entity.necromancer.laugh		死灵法师咯咯笑
dungeons_mobs	subtitles.entity.necromancer.orb_impact		死灵法球命中
dungeons_mobs	subtitles.entity.necromancer.prepare_summon		死灵法师准备召唤
dungeons_mobs	subtitles.entity.necromancer.shoot		死灵法师射击
dungeons_mobs	subtitles.entity.necromancer.step		脚步声
dungeons_mobs	subtitles.entity.necromancer.summon		死灵法师召唤生物
dungeons_mobs	subtitles.entity.poison_anemone.burst		毒海葵浮现
dungeons_mobs	subtitles.entity.poison_anemone.close		毒海葵闭合
dungeons_mobs	subtitles.entity.poison_anemone.death		毒海葵死亡
dungeons_mobs	subtitles.entity.poison_anemone.hurt		毒海葵受伤
dungeons_mobs	subtitles.entity.poison_anemone.idle		毒海葵沙沙作响
dungeons_mobs	subtitles.entity.poison_anemone.shoot		毒海葵射击
dungeons_mobs	subtitles.entity.poison_quill_vine.burst		毒刺藤浮现
dungeons_mobs	subtitles.entity.poison_quill_vine.close		毒刺藤闭合
dungeons_mobs	subtitles.entity.poison_quill_vine.death		毒刺藤死亡
dungeons_mobs	subtitles.entity.poison_quill_vine.hurt		毒刺藤受伤
dungeons_mobs	subtitles.entity.poison_quill_vine.idle		毒刺藤沙沙作响
dungeons_mobs	subtitles.entity.poison_quill_vine.open		毒刺藤张开
dungeons_mobs	subtitles.entity.poison_quill_vine.shoot		毒刺藤射击
dungeons_mobs	subtitles.entity.quick_growing_kelp.burst		速生海带浮现
dungeons_mobs	subtitles.entity.quick_growing_kelp.burst_down		速生海带回缩
dungeons_mobs	subtitles.entity.quick_growing_kelp.death		速生海带死亡
dungeons_mobs	subtitles.entity.quick_growing_kelp.hurt		速生海带受伤
dungeons_mobs	subtitles.entity.quick_growing_vine.burst		速生藤浮现
dungeons_mobs	subtitles.entity.quick_growing_vine.burst_down		速生藤回缩
dungeons_mobs	subtitles.entity.quick_growing_vine.death		速生藤死亡
dungeons_mobs	subtitles.entity.quick_growing_vine.hurt		速生藤受伤
dungeons_mobs	subtitles.entity.redstone_golem.attack		红石傀儡攻击
dungeons_mobs	subtitles.entity.redstone_golem.death		红石傀儡死亡
dungeons_mobs	subtitles.entity.redstone_golem.hurt		红石傀儡受伤
dungeons_mobs	subtitles.entity.redstone_golem.idle		红石傀儡呼吸
dungeons_mobs	subtitles.entity.redstone_golem.spark		红石迸出火花
dungeons_mobs	subtitles.entity.redstone_golem.step		红石傀儡行走
dungeons_mobs	subtitles.entity.redstone_golem.summon_mines		红石傀儡召唤地雷
dungeons_mobs	subtitles.entity.royal_guard.attack		皇家守卫攻击
dungeons_mobs	subtitles.entity.royal_guard.step		皇家守卫行走
dungeons_mobs	subtitles.entity.skeleton_vanguard.attack		骷髅先锋刺击
dungeons_mobs	subtitles.entity.skeleton_vanguard.death		骷髅先锋死亡
dungeons_mobs	subtitles.entity.skeleton_vanguard.hurt		骷髅先锋受伤
dungeons_mobs	subtitles.entity.skeleton_vanguard.idle		骷髅先锋咯咯作响
dungeons_mobs	subtitles.entity.skeleton_vanguard.step		脚步声
dungeons_mobs	subtitles.entity.snareling.attack		缠缚怪攻击
dungeons_mobs	subtitles.entity.snareling.death		缠缚怪死亡
dungeons_mobs	subtitles.entity.snareling.glob_land		缠缚球落地
dungeons_mobs	subtitles.entity.snareling.hurt		缠缚怪受伤
dungeons_mobs	subtitles.entity.snareling.idle		缠缚怪咕噜
dungeons_mobs	subtitles.entity.snareling.pre_shoot		缠缚怪准备射击
dungeons_mobs	subtitles.entity.snareling.shoot		缠缚怪射击
dungeons_mobs	subtitles.entity.snareling.step		脚步声
dungeons_mobs	subtitles.entity.spider.prepare_shoot		蜘蛛鸣叫
dungeons_mobs	subtitles.entity.spider.shoot		蜘蛛射击
dungeons_mobs	subtitles.entity.spider.web_impact		蛛网命中
dungeons_mobs	subtitles.entity.squall_golem.activate		呼啸傀儡启动
dungeons_mobs	subtitles.entity.squall_golem.attack		呼啸傀儡攻击
dungeons_mobs	subtitles.entity.squall_golem.deactivate		呼啸傀儡停止
dungeons_mobs	subtitles.entity.squall_golem.death		呼啸傀儡死亡
dungeons_mobs	subtitles.entity.squall_golem.hurt		呼啸傀儡受伤
dungeons_mobs	subtitles.entity.squall_golem.idle		呼啸傀儡咯吱作响
dungeons_mobs	subtitles.entity.squall_golem.step		呼啸傀儡行走
dungeons_mobs	subtitles.entity.sunken_skeleton.death		沉溺骷髅死亡
dungeons_mobs	subtitles.entity.sunken_skeleton.hurt		沉溺骷髅受伤
dungeons_mobs	subtitles.entity.sunken_skeleton.idle		沉溺骷髅冒泡
dungeons_mobs	subtitles.entity.sunken_skeleton.shoot		沉溺骷髅射击
dungeons_mobs	subtitles.entity.sunken_skeleton.step		沉溺骷髅游动
dungeons_mobs	subtitles.entity.watchling.attack		凝视怪攻击
dungeons_mobs	subtitles.entity.watchling.death		凝视怪死亡
dungeons_mobs	subtitles.entity.watchling.hurt		凝视怪受伤
dungeons_mobs	subtitles.entity.watchling.idle		凝视怪低吼
dungeons_mobs	subtitles.entity.watchling.step		脚步声
dungeons_mobs	subtitles.entity.wavewhisperer.attack		唤浪者攻击
dungeons_mobs	subtitles.entity.wavewhisperer.death		唤浪者死亡
dungeons_mobs	subtitles.entity.wavewhisperer.grapple		唤浪者召唤缠绕海带
dungeons_mobs	subtitles.entity.wavewhisperer.hurt		唤浪者受伤
dungeons_mobs	subtitles.entity.wavewhisperer.idle		唤浪者低语
dungeons_mobs	subtitles.entity.wavewhisperer.step		唤浪者行走
dungeons_mobs	subtitles.entity.wavewhisperer.summon_pa		唤浪者召唤毒海葵
dungeons_mobs	subtitles.entity.wavewhisperer.summon_qgk		唤浪者召唤速生海带
dungeons_mobs	subtitles.entity.whisperer.attack		唤藤者攻击
dungeons_mobs	subtitles.entity.whisperer.death		唤藤者死亡
dungeons_mobs	subtitles.entity.whisperer.grapple		唤藤者召唤缠绕藤蔓
dungeons_mobs	subtitles.entity.whisperer.hurt		唤藤者受伤
dungeons_mobs	subtitles.entity.whisperer.idle		唤藤者低语
dungeons_mobs	subtitles.entity.whisperer.step		唤藤者行走
dungeons_mobs	subtitles.entity.whisperer.summon_pqv		唤藤者召唤毒刺藤
dungeons_mobs	subtitles.entity.whisperer.summon_qgv		唤藤者召唤速生藤
dungeons_mobs	subtitles.entity.wildfire.death		野火死亡
dungeons_mobs	subtitles.entity.wildfire.hurt		野火受伤
dungeons_mobs	subtitles.entity.wildfire.idle		野火呻吟
dungeons_mobs	subtitles.entity.wildfire.move		野火盘旋
dungeons_mobs	subtitles.entity.wildfire.projectile_hit		野火投掷物命中
dungeons_mobs	subtitles.entity.wildfire.shield_break		野火护盾破碎
dungeons_mobs	subtitles.entity.wildfire.shockwave		野火猛砸
dungeons_mobs	subtitles.entity.wildfire.shoot		野火射击
dungeons_mobs	subtitles.entity.windcaller.blast_vocal		唤风者呐喊
dungeons_mobs	subtitles.entity.windcaller.blast_wind		狂风爆发
dungeons_mobs	subtitles.entity.windcaller.death		唤风者死亡
dungeons_mobs	subtitles.entity.windcaller.fly_loop		唤风者盘旋
dungeons_mobs	subtitles.entity.windcaller.hurt		唤风者受伤
dungeons_mobs	subtitles.entity.windcaller.idle		唤风者低语
dungeons_mobs	subtitles.entity.windcaller.lift_vocal		唤风者呼唤
dungeons_mobs	subtitles.entity.windcaller.lift_wind		风回旋
dungeons_mobs	subtitles.entity.wraith.attack		幽灵攻击
dungeons_mobs	subtitles.entity.wraith.death		幽灵死亡
dungeons_mobs	subtitles.entity.wraith.fire		幽灵召唤火焰
dungeons_mobs	subtitles.entity.wraith.fly		幽灵滑翔
dungeons_mobs	subtitles.entity.wraith.hurt		幽灵受伤
dungeons_mobs	subtitles.entity.wraith.idle		幽灵哀嚎
dungeons_mobs	subtitles.entity.wraith.teleport		幽灵传送
dyenamics	block.dyenamics.aquamarine_candle_cake		海蓝色蜡烛蛋糕
dyenamics	block.dyenamics.bubblegum_candle_cake		艳粉色蜡烛蛋糕
dyenamics	block.dyenamics.cherenkov_candle_cake		切伦科夫辉蓝色蜡烛蛋糕
dyenamics	block.dyenamics.fluorescent_candle_cake		荧白色蜡烛蛋糕
dyenamics	block.dyenamics.lavender_candle_cake		淡紫色蜡烛蛋糕
dyenamics	block.dyenamics.maroon_candle_cake		红褐色蜡烛蛋糕
dyenamics	block.dyenamics.mint_candle_cake		薄荷绿色蜡烛蛋糕
dyenamics	block.dyenamics.peach_candle_cake		岩桃色蜡烛蛋糕
dyenamics	block.dyenamics.persimmon_candle_cake		柿红色蜡烛蛋糕
easy_villagers	itemGroup.easy_villagers		简易村民
effortlessbuilding	effortlessbuilding.mode.cone		圆锥
effortlessbuilding	effortlessbuilding.mode.dome		圆顶
effortlessbuilding	effortlessbuilding.mode.pyramid		金字塔
effortlessbuilding	effortlessbuilding.modedescription.normal		停用模组，使用原版放置规则
effortlessbuilding	effortlessbuilding.modedescription.normal_plus		与原版相同，但放置距离更远且显示放置预览
effortlessbuilding	effortlessbuilding:diamond_randomizer_bag		钻石随机方块袋
effortlessbuilding	effortlessbuilding:golden_randomizer_bag		金质随机方块袋
effortlessbuilding	effortlessbuilding:randomizer_bag		皮革随机方块袋
embeddiumplus	embeddium.plus.options.displayfps.fps		FPS
embeddiumplus	embeddium.plus.options.displayfps.gpu		GPU
enercell	block.enercell.enercell		能量单元
entangled	entangled.entangled_binder.unknown_dimension		绑定器已绑定到未知维度 '%s'！
entangled	entangled.waila.invalid_block		无效方块 '%s'！
everycomp	block_type.corail_pillar.small_pillar_log		小型%s原木柱
everycomp	block_type.corail_woodcutter.woodcutter		%s锯木厂
everycomp	block_type.ironagefurniture.chair_wood_ironage_bench_back_single		%s靠背长凳
everycomp	block_type.ironagefurniture.chair_wood_ironage_bench_log_single		%s原木长凳
everycomp	block_type.ironagefurniture.chair_wood_ironage_bench_single		%s长凳
everycomp	block_type.ironagefurniture.chair_wood_ironage_classic		%s经典椅子
everycomp	block_type.ironagefurniture.chair_wood_ironage_shield		%s盾形椅子
everycomp	block_type.ironagefurniture.chair_wood_ironage_stool_short		%s矮凳
everycomp	block_type.ironagefurniture.chair_wood_ironage_stool_tall		%s高凳
everycomp	block_type.marketcrates.crate		%s板条箱
experienceobelisk	block.experienceobelisk.cognitium		认知素
experienceobelisk	block.experienceobelisk.cognitive_alloy_block		认知合金块
experienceobelisk	block.experienceobelisk.cognitive_crystal_block		认知晶体块
experienceobelisk	block.experienceobelisk.experience_fountain		经验喷泉
experienceobelisk	block.experienceobelisk.experience_obelisk		经验方尖碑
experienceobelisk	block.experienceobelisk.precision_dispeller		精准驱散器
experienceobelisk	button.experienceobelisk.experience_obelisk.back		§l◀§r
experienceobelisk	button.experienceobelisk.experience_obelisk.enabled		§a已启用§r
experienceobelisk	button.experienceobelisk.experience_obelisk.ignored		§c已忽略§r
experienceobelisk	button.experienceobelisk.experience_obelisk.settings		§l▶§r
experienceobelisk	enchantment.experienceobelisk.athena_blessing		雅典娜的祝福
experienceobelisk	enchantment.experienceobelisk.athena_blessing.desc		工具损坏时分解为经验
experienceobelisk	fluid.experienceobelisk.cognitium		认知素
experienceobelisk	fluid_type.experienceobelisk.cognitium		认知素
experienceobelisk	item.experienceobelisk.astute_assembly		机敏组件
experienceobelisk	item.experienceobelisk.attunement_staff		调谐之杖
experienceobelisk	item.experienceobelisk.cognitium_bucket		认知素桶
experienceobelisk	item.experienceobelisk.cognitive_alloy		认知合金
experienceobelisk	item.experienceobelisk.cognitive_amalgam		认知汞合金
experienceobelisk	item.experienceobelisk.cognitive_axe		认知斧
experienceobelisk	item.experienceobelisk.cognitive_crystal		认知晶体
experienceobelisk	item.experienceobelisk.cognitive_flux		认知通量
experienceobelisk	item.experienceobelisk.cognitive_hoe		认知锄
experienceobelisk	item.experienceobelisk.cognitive_pickaxe		认知镐
experienceobelisk	item.experienceobelisk.cognitive_shovel		认知铲
experienceobelisk	item.experienceobelisk.cognitive_sword		认知剑
experienceobelisk	item.experienceobelisk.enlightened_amulet		启迪护符
experienceobelisk	itemGroup.experienceobelisk		认知
experienceobelisk	message.experienceobelisk.binding_wand.bind_obelisk		§a[✔]§r 方尖碑位置已保存
experienceobelisk	message.experienceobelisk.binding_wand.bind_target		§a[✔]§r 目标已绑定至位于 %s 的方尖碑
experienceobelisk	message.experienceobelisk.binding_wand.obelisk_doesnt_exist		§c[✖]§f 位于 %s 的方尖碑§f已不存在
experienceobelisk	message.experienceobelisk.binding_wand.obelisk_too_far		§c[✖]§r 方尖碑距离过远
experienceobelisk	message.experienceobelisk.binding_wand.reveal_bound_pos		§b[ⓘ]§r 此方块已绑定至位于 %s 的方尖碑
experienceobelisk	message.experienceobelisk.binding_wand.unbind_obelisk		§a[✔]§r 方尖碑位置已遗忘
experienceobelisk	message.experienceobelisk.binding_wand.unbind_target		§a[✔]§r 目标已解除绑定
experienceobelisk	message.experienceobelisk.experience_fountain.fast		经验喷泉已设为：§a快速§r
experienceobelisk	message.experienceobelisk.experience_fountain.hyper		经验喷泉已设为：§b极速§r
experienceobelisk	message.experienceobelisk.experience_fountain.moderate		经验喷泉已设为：§e中速§r
experienceobelisk	message.experienceobelisk.experience_fountain.slow		经验喷泉已设为：§c慢速§r
experienceobelisk	sounds.experienceobelisk.enlightened_amulet_activate		护符启动
experienceobelisk	sounds.experienceobelisk.enlightened_amulet_deactivate		护符关闭
experienceobelisk	title.experienceobelisk.experience_obelisk		经验方尖碑
experienceobelisk	title.experienceobelisk.experience_obelisk.radius		半径
experienceobelisk	title.experienceobelisk.experience_obelisk.redstone		红石
experienceobelisk	title.experienceobelisk.experience_obelisk.retrieve		取回
experienceobelisk	title.experienceobelisk.experience_obelisk.settings		设置
experienceobelisk	title.experienceobelisk.experience_obelisk.store		存储
experienceobelisk	title.experienceobelisk.precision_dispeller		精准驱散器
experienceobelisk	title.experienceobelisk.precision_dispeller.inventory		物品栏
experienceobelisk	tooltip.experienceobelisk.enlightened_amulet.active		§7当前§a已激活
experienceobelisk	tooltip.experienceobelisk.enlightened_amulet.inactive		§7当前§c未激活
experienceobelisk	tooltip.experienceobelisk.experience_obelisk.add1		存储 §a1§f 级经验
experienceobelisk	tooltip.experienceobelisk.experience_obelisk.add10		存储 §a10§f 级经验
experienceobelisk	tooltip.experienceobelisk.experience_obelisk.addAll		存储 §a全部§f 经验等级
experienceobelisk	tooltip.experienceobelisk.experience_obelisk.back		返回...
experienceobelisk	tooltip.experienceobelisk.experience_obelisk.drain1		取回 §c1§f 级经验
experienceobelisk	tooltip.experienceobelisk.experience_obelisk.drain10		取回 §c10§f 级经验
experienceobelisk	tooltip.experienceobelisk.experience_obelisk.drainAll		取回 §c全部§f 经验等级
experienceobelisk	tooltip.experienceobelisk.experience_obelisk.item_fluid_amount		§7流体总量：§r %s
experienceobelisk	tooltip.experienceobelisk.experience_obelisk.item_levels		%s §7级§r
experienceobelisk	tooltip.experienceobelisk.experience_obelisk.radius		§6重置§f半径为默认值
experienceobelisk	tooltip.experienceobelisk.experience_obelisk.settings		设置...
experienceobelisk	tooltip.experienceobelisk.precision_dispeller.curse		§7消耗 §c1395 §7点经验 / §c30 §7基础等级
experienceobelisk	tooltip.experienceobelisk.precision_dispeller.enchantment		§7给予 %s §7点经验 / %s §7基础等级
experienceobelisk	tooltip.experienceobelisk.precision_dispeller.insufficient_xp		§6经验不足！
extrastorage	itemGroup.extrastorage_tab		额外存储
extremesoundmuffler	log.error.loadAnchorList		ESM：加载定位点列表时出错：\\n %s
extremesoundmuffler	log.error.loadMuffledList		ESM：加载已静音声音列表时出错：\\n %s
extremesoundmuffler	log.error.saveAnchorList		ESM：保存定位点列表时出错\\n %s
extremesoundmuffler	log.error.saveMuffledList		ESM：保存已静音声音列表时出错：\\n %s
extremesoundmuffler	log.warn.loadAnchorList		ESM：未找到定位点列表；已创建空列表
extremesoundmuffler	log.warn.loadMuffledList		ESM：未找到静音列表；已创建空列表
factory_blocks	block.factory_blocks.bcircuit		工厂方块
factory_blocks	block.factory_blocks.bwireframe		工厂方块
factory_blocks	block.factory_blocks.cables		工厂方块
factory_blocks	block.factory_blocks.caution		工厂方块
factory_blocks	block.factory_blocks.circuit		工厂方块
factory_blocks	block.factory_blocks.engineer		工厂方块
factory_blocks	block.factory_blocks.exhaust		工厂方块
factory_blocks	block.factory_blocks.factory		工厂方块
factory_blocks	block.factory_blocks.fan		工厂方块
factory_blocks	block.factory_blocks.fan_four		工厂方块
factory_blocks	block.factory_blocks.fan_four_on		工厂方块
factory_blocks	block.factory_blocks.fan_malfunction		工厂方块
factory_blocks	block.factory_blocks.fan_malfunction_on		工厂方块
factory_blocks	block.factory_blocks.fan_on		工厂方块
factory_blocks	block.factory_blocks.fan_side		工厂方块
factory_blocks	block.factory_blocks.gcircuit		工厂方块
factory_blocks	block.factory_blocks.gears		工厂方块
factory_blocks	block.factory_blocks.grate		工厂方块
factory_blocks	block.factory_blocks.grinder		工厂方块
factory_blocks	block.factory_blocks.gvent		工厂方块
factory_blocks	block.factory_blocks.hazard		工厂方块
factory_blocks	block.factory_blocks.hazardo		工厂方块
factory_blocks	block.factory_blocks.hex		工厂方块
factory_blocks	block.factory_blocks.ice		工厂方块
factory_blocks	block.factory_blocks.insulation		工厂方块
factory_blocks	block.factory_blocks.large_pipes		工厂方块
factory_blocks	block.factory_blocks.large_plating		工厂方块
factory_blocks	block.factory_blocks.medium_fan		工厂方块
factory_blocks	block.factory_blocks.megacell		工厂方块
factory_blocks	block.factory_blocks.metalbox		工厂方块
factory_blocks	block.factory_blocks.mosaic		工厂方块
factory_blocks	block.factory_blocks.old_vents		工厂方块
factory_blocks	block.factory_blocks.pgcircuit		工厂方块
factory_blocks	block.factory_blocks.piping		工厂方块
factory_blocks	block.factory_blocks.pwireframe		工厂方块
factory_blocks	block.factory_blocks.rgrate		工厂方块
factory_blocks	block.factory_blocks.rust		工厂方块
factory_blocks	block.factory_blocks.rust_bplates		工厂方块
factory_blocks	block.factory_blocks.rust_plates		工厂方块
factory_blocks	block.factory_blocks.rusty_scaffold		工厂方块
factory_blocks	block.factory_blocks.scaffold		工厂方块
factory_blocks	block.factory_blocks.small_pipes		工厂方块
factory_blocks	block.factory_blocks.srust		工厂方块
factory_blocks	block.factory_blocks.sturdy		工厂方块
factory_blocks	block.factory_blocks.test_block		测试方块
factory_blocks	block.factory_blocks.vent		工厂方块
factory_blocks	block.factory_blocks.vrust		工厂方块
factory_blocks	block.factory_blocks.wgpanel		工厂方块
factory_blocks	block.factory_blocks.wireframe		工厂方块
factory_blocks	block.factory_blocks.wopanel		工厂方块
factory_blocks	item.factory_blocks.bcircuit.tooltip		蓝色镶框电路
factory_blocks	item.factory_blocks.bwireframe.tooltip		蓝色线框
factory_blocks	item.factory_blocks.cables.tooltip		线缆
factory_blocks	item.factory_blocks.caution.tooltip		锈蚀脚手架
factory_blocks	item.factory_blocks.circuit.tooltip		电路
factory_blocks	item.factory_blocks.debug		调试物品（将被移除）
factory_blocks	item.factory_blocks.engineer.tooltip		工程师管道
factory_blocks	item.factory_blocks.exhaust.tooltip		排气镀板
factory_blocks	item.factory_blocks.factory.tooltip		点状锈蚀板
factory_blocks	item.factory_blocks.fan.tooltip		风扇（红石驱动）
factory_blocks	item.factory_blocks.fan_four.tooltip		风扇（红石·四面）
factory_blocks	item.factory_blocks.fan_four_on.tooltip		风扇（常开·四面）
factory_blocks	item.factory_blocks.fan_malfunction.tooltip		风扇（红石·故障）
factory_blocks	item.factory_blocks.fan_malfunction_on.tooltip		风扇（常开·故障）
factory_blocks	item.factory_blocks.fan_on.tooltip		风扇（常开）
factory_blocks	item.factory_blocks.fan_side.tooltip		光滑金属
factory_blocks	item.factory_blocks.gcircuit.tooltip		镀金电路
factory_blocks	item.factory_blocks.gears.tooltip		齿轮与飞轮
factory_blocks	item.factory_blocks.grate.tooltip		格栅
factory_blocks	item.factory_blocks.grinder.tooltip		研磨机
factory_blocks	item.factory_blocks.gvent.tooltip		发光通风口
factory_blocks	item.factory_blocks.hazard.tooltip		黄黑警示条纹
factory_blocks	item.factory_blocks.hazardo.tooltip		橙白警示条纹
factory_blocks	item.factory_blocks.hex.tooltip		巨型六边形
factory_blocks	item.factory_blocks.ice.tooltip		冰·冰·冰
factory_blocks	item.factory_blocks.insulation.tooltip		隔热层
factory_blocks	item.factory_blocks.large_pipes.tooltip		大型管道
factory_blocks	item.factory_blocks.large_plating.tooltip		潦草镀板
factory_blocks	item.factory_blocks.medium_fan.tooltip		中型风扇
factory_blocks	item.factory_blocks.megacell.tooltip		巨型电池
factory_blocks	item.factory_blocks.metalbox.tooltip		金属箱
factory_blocks	item.factory_blocks.mosaic.tooltip		蓝色电路
factory_blocks	item.factory_blocks.old_vents.tooltip		旧式通风口
factory_blocks	item.factory_blocks.pgcircuit.tooltip		金框紫色电路
factory_blocks	item.factory_blocks.piping.tooltip		管道
factory_blocks	item.factory_blocks.pwireframe.tooltip		紫色线框
factory_blocks	item.factory_blocks.rgrate.tooltip		锈蚀格栅
factory_blocks	item.factory_blocks.rust.tooltip		锈蚀板
factory_blocks	item.factory_blocks.rust_bplates.tooltip		螺栓锈蚀板
factory_blocks	item.factory_blocks.rust_plates.tooltip		分段锈蚀板
factory_blocks	item.factory_blocks.rusty_scaffold.tooltip		锈蚀脚手架
factory_blocks	item.factory_blocks.scaffold.tooltip		大型锈蚀脚手架
factory_blocks	item.factory_blocks.small_pipes.tooltip		小型管道
factory_blocks	item.factory_blocks.srust.tooltip		轻微锈蚀板
factory_blocks	item.factory_blocks.sturdy.tooltip		坚固
factory_blocks	item.factory_blocks.vent.tooltip		通风口
factory_blocks	item.factory_blocks.vrust.tooltip		重度锈蚀板
factory_blocks	item.factory_blocks.wgpanel.tooltip		极度腐蚀面板
factory_blocks	item.factory_blocks.wireframe.tooltip		线框
factory_blocks	item.factory_blocks.wopanel.tooltip		极度锈蚀面板
factory_blocks	subtitles.factory_block.metal_sound		金属声
fancymenu	fancymenu.actions.back_to_last_screen		返回上一界面
fancymenu	fancymenu.actions.back_to_last_screen.desc		打开当前界面之前最后打开的界面。
fancymenu	fancymenu.actions.build_action.screen.search_action		搜索操作…
fancymenu	fancymenu.actions.generic.async_error		'%s' 操作无法异步执行！
fancymenu	fancymenu.actions.send_http_request		发送 HTTP 请求
fancymenu	fancymenu.actions.send_http_request.auth.api_key		API 密钥
fancymenu	fancymenu.actions.send_http_request.auth.basic		基本认证
fancymenu	fancymenu.actions.send_http_request.auth.bearer		Bearer 令牌
fancymenu	fancymenu.actions.send_http_request.auth.none		无
fancymenu	fancymenu.actions.send_http_request.desc		向带可配置参数的 web 目标发送 HTTP 请求。\n\n此操作允许你将数据发送到 REST 接口、webhooks 或任意 HTTP 端点。\n支持多种认证方式、自定义标头与不同的请求类型。
fancymenu	fancymenu.actions.send_http_request.edit.add_header		添加标头
fancymenu	fancymenu.actions.send_http_request.edit.auth_api_key		API 密钥值
fancymenu	fancymenu.actions.send_http_request.edit.auth_api_key_header		API 密钥标头名
fancymenu	fancymenu.actions.send_http_request.edit.auth_password		密码
fancymenu	fancymenu.actions.send_http_request.edit.auth_token		Bearer 令牌
fancymenu	fancymenu.actions.send_http_request.edit.auth_type		认证类型：%s
fancymenu	fancymenu.actions.send_http_request.edit.auth_type.title		认证类型
fancymenu	fancymenu.actions.send_http_request.edit.auth_username		用户名
fancymenu	fancymenu.actions.send_http_request.edit.body		请求正文
fancymenu	fancymenu.actions.send_http_request.edit.content_type		内容类型
fancymenu	fancymenu.actions.send_http_request.edit.header_key		标头键
fancymenu	fancymenu.actions.send_http_request.edit.header_value		标头值
fancymenu	fancymenu.actions.send_http_request.edit.headers		自定义标头
fancymenu	fancymenu.actions.send_http_request.edit.log_response		记录响应：%s
fancymenu	fancymenu.actions.send_http_request.edit.method		请求方法：%s
fancymenu	fancymenu.actions.send_http_request.edit.method.title		请求方法
fancymenu	fancymenu.actions.send_http_request.edit.remove_header		移除
fancymenu	fancymenu.actions.send_http_request.edit.response_variable		响应变量名（可选）
fancymenu	fancymenu.actions.send_http_request.edit.response_variable.desc		响应将被写入的 FancyMenu 变量名。\n\n§x注意，此操作是异步执行的，\n§x因此在操作刚执行后变量值尚未更新。
fancymenu	fancymenu.actions.send_http_request.edit.single_line_response		将响应以单行形式存入变量：%s
fancymenu	fancymenu.actions.send_http_request.edit.timeout		超时（秒）
fancymenu	fancymenu.actions.send_http_request.edit.url		目标 URL
fancymenu	fancymenu.actions.send_http_request.edit_value		编辑 HTTP 请求配置
fancymenu	fancymenu.actions.video.background.toggle_paused_state		切换视频背景暂停状态
fancymenu	fancymenu.actions.video.background.toggle_paused_state.desc		按标识符切换视频菜单背景的暂停状态。\n\n要获取背景的标识符，请右键点击\n编辑器背景，然后点击「复制背景标识符」。
fancymenu	fancymenu.actions.video.background.toggle_paused_state.value.desc		视频背景标识符
fancymenu	fancymenu.actions.video.set_video_background_volume		设置视频背景音量
fancymenu	fancymenu.actions.video.set_video_background_volume.desc		按标识符设置视频菜单背景的音量。\n音量必须是 0.0（0%%）到 1.0（100%%）之间的有效小数。\n\n要获取背景的标识符，请右键点击\n编辑器背景，然后点击「复制背景标识符」。
fancymenu	fancymenu.actions.video.set_video_background_volume.value.desc		视频背景标识符 + 音量 [ 以 : 分隔 ]
fancymenu	fancymenu.actions.video.set_video_element_volume		设置视频元素音量
fancymenu	fancymenu.actions.video.set_video_element_volume.desc		设置视频元素的音量。\n音量必须是 0.0（0%%）到 1.0（100%%）之间的有效小数。
fancymenu	fancymenu.actions.video.set_video_element_volume.value.desc		视频元素标识符 + 音量 [ 以 : 分隔 ]
fancymenu	fancymenu.actions.video.toggle_paused_state		切换视频元素暂停状态
fancymenu	fancymenu.actions.video.toggle_paused_state.desc		切换视频元素的暂停状态。
fancymenu	fancymenu.actions.video.toggle_paused_state.value.desc		视频元素标识符
fancymenu	fancymenu.background.image.restart_animated_on_menu_load		打开界面时重新播放动画纹理：%s
fancymenu	fancymenu.backgrounds.video_mcef		视频 [MCEF]
fancymenu	fancymenu.backgrounds.video_mcef.configure		配置视频背景
fancymenu	fancymenu.backgrounds.video_mcef.configure.no_video		§x你需要先选择一个视频！
fancymenu	fancymenu.backgrounds.video_mcef.desc		将视频文件作为菜单背景播放。\n§x此背景需要 MCEF 模组才能工作！
fancymenu	fancymenu.commmands.layout.error		[FANCYMENU] 尝试设置 '%s' 的布局状态时发生错误！
fancymenu	fancymenu.commmands.layout.unable_to_set_state		[FANCYMENU] 无法设置 '%s' 的布局状态！未找到布局！
fancymenu	fancymenu.customization.items.text.markdown		Markdown 语法
fancymenu	fancymenu.customization.items.text.markdown.tables		表格
fancymenu	fancymenu.customization.items.text.markdown.tables.alternate_row_color		交替行颜色
fancymenu	fancymenu.customization.items.text.markdown.tables.alternate_row_color.desc		启用「交替行颜色」时每隔一行使用的颜色。
fancymenu	fancymenu.customization.items.text.markdown.tables.alternate_row_colors		交替行颜色：%s
fancymenu	fancymenu.customization.items.text.markdown.tables.cell_padding		单元格内边距
fancymenu	fancymenu.customization.items.text.markdown.tables.cell_padding.desc		表格单元格内的内边距。\n数值越大，内容与单元格边框之间的间距越大。
fancymenu	fancymenu.customization.items.text.markdown.tables.desc		自定义 Markdown 表格的外观。
fancymenu	fancymenu.customization.items.text.markdown.tables.header_background_color		表头背景色
fancymenu	fancymenu.customization.items.text.markdown.tables.line_color		表格线条颜色
fancymenu	fancymenu.customization.items.text.markdown.tables.line_thickness		线条粗细
fancymenu	fancymenu.customization.items.text.markdown.tables.margin		表格外边距
fancymenu	fancymenu.customization.items.text.markdown.tables.margin.desc		表格周围的外边距。\n在每个表格的上方和下方增加间距。
fancymenu	fancymenu.customization.items.text.markdown.tables.row_background_color		行背景色
fancymenu	fancymenu.customization.items.text.markdown.tables.show_header		显示表头：%s
fancymenu	fancymenu.editor.actions.blocks.else		否则
fancymenu	fancymenu.editor.actions.blocks.else_if		否则-如果（%s）
fancymenu	fancymenu.editor.actions.blocks.if		如果（%s）
fancymenu	fancymenu.editor.background_options.copy_background_identifier		复制背景标识符
fancymenu	fancymenu.editor.background_options.copy_background_identifier.desc		这会将当前菜单背景的标识符\n复制到剪贴板。\n\n背景标识符被操作、占位符\n以及类似功能用于与背景实例通信。
fancymenu	fancymenu.editor.buddy.enable		启用小伙伴：%s
fancymenu	fancymenu.editor.buddy.enable.desc		是否让一只可爱的小宠物\n在编辑器界面底部四处走动。
fancymenu	fancymenu.editor.custombutton.config.actiontype.openlink.desc.value		网址
fancymenu	fancymenu.editor.elements.checkbox.manage_actions.desc		勾选框被切换时将执行操作。\n\n你可以在操作中使用 '$$value' 占位符\n来获取勾选框的当前状态（true/false）。
fancymenu	fancymenu.editor.elements.progress_bar.smoothing		平滑填充动画：%s
fancymenu	fancymenu.editor.loading_requirement.category.gui		GUI
fancymenu	fancymenu.editor.menu_bar.unsaved_warning		* 有未保存的更改！ *
fancymenu	fancymenu.editor.shortcuts.copy		Ctrl + C
fancymenu	fancymenu.editor.shortcuts.cut		Ctrl + U
fancymenu	fancymenu.editor.shortcuts.delete		Del
fancymenu	fancymenu.editor.shortcuts.grid		Ctrl + G
fancymenu	fancymenu.editor.shortcuts.paste		Ctrl + V
fancymenu	fancymenu.editor.shortcuts.redo		Ctrl + Y
fancymenu	fancymenu.editor.shortcuts.save		Ctrl + S
fancymenu	fancymenu.editor.shortcuts.select_all		Ctrl + A
fancymenu	fancymenu.editor.shortcuts.undo		Ctrl + Z
fancymenu	fancymenu.editor.text_editor.single_line_warning		目标需要单行文本，这意味着所有行\n都会被合并为一行，并且除第一行外，所有行\n在目标的实际输出文本中\n其前导空格都会被移除。
fancymenu	fancymenu.editor.text_editor.single_line_warning.indicator		已启用单行模式！
fancymenu	fancymenu.elements.animation_controller.keyframe_manager.move_preview_with_arrow_keys		方向键移动预览：%s
fancymenu	fancymenu.elements.animation_controller.keyframe_manager.move_preview_with_arrow_keys.desc		启用后，方向键将移动\n预览元素，而不是选中的关键帧。
fancymenu	fancymenu.elements.animation_controller.keyframe_manager.timestamp_edit		编辑时间戳
fancymenu	fancymenu.elements.animation_controller.keyframe_manager.timestamp_edit.desc		允许你编辑所选关键帧的时间戳。
fancymenu	fancymenu.elements.animation_controller.keyframe_manager.timestamp_edit.input		所选关键帧的时间戳（毫秒）：
fancymenu	fancymenu.elements.button.is_template		模板模式：%s
fancymenu	fancymenu.elements.button.template.share_with		共享设置给：%s
fancymenu	fancymenu.elements.button.template.share_with.buttons		按钮
fancymenu	fancymenu.elements.button.template.share_with.sliders		滑块
fancymenu	fancymenu.elements.button.template_apply_height		模板模式下共享高度：%s
fancymenu	fancymenu.elements.button.template_apply_label		模板模式下共享标签：%s
fancymenu	fancymenu.elements.button.template_apply_opacity		模板模式下共享不透明度：%s
fancymenu	fancymenu.elements.button.template_apply_posx		模板模式下共享 X 坐标：%s
fancymenu	fancymenu.elements.button.template_apply_posy		模板模式下共享 Y 坐标：%s
fancymenu	fancymenu.elements.button.template_apply_visibility		模板模式下共享可见性：%s
fancymenu	fancymenu.elements.button.template_apply_width		模板模式下共享宽度：%s
fancymenu	fancymenu.elements.button.template_settings		模板设置
fancymenu	fancymenu.elements.button.template_settings.desc		当你为自定义按钮启用模板模式后，它会将其部分设置\n应用到当前界面中所有其他按钮或滑块上。\n\n模板按钮在编辑器之外将是§l不可见的§r。\n\n当你将模板设置为与滑块共享设置时，\n按钮纹理的设置将改为滑块纹理设置。\n\n§l会被共享的设置包括：\n\n- 按钮/滑块纹理\n- 按钮点击音效\n- 按钮/滑块悬停音效\n- 按钮/滑块位置（若启用）\n- 按钮/滑块尺寸（若启用）\n- 按钮/滑块不透明度（若启用）\n- 按钮/滑块可见性（若启用）\n- 按钮/滑块标签（若启用）
fancymenu	fancymenu.elements.checkbox		勾选框
fancymenu	fancymenu.elements.checkbox.background_texture_hover		悬停背景纹理
fancymenu	fancymenu.elements.checkbox.background_texture_hover.desc		悬停时的背景纹理。默认纹理为 20x20 像素。
fancymenu	fancymenu.elements.checkbox.background_texture_inactive		未激活背景纹理
fancymenu	fancymenu.elements.checkbox.background_texture_inactive.desc		未激活时的背景纹理。默认纹理为 20x20 像素。
fancymenu	fancymenu.elements.checkbox.background_texture_normal		正常背景纹理
fancymenu	fancymenu.elements.checkbox.background_texture_normal.desc		正常状态下的背景纹理。默认纹理为 20x20 像素。
fancymenu	fancymenu.elements.checkbox.checkmark_texture		勾选标记纹理
fancymenu	fancymenu.elements.checkbox.checkmark_texture.desc		勾选框被勾选时显示的纹理。\n留空则使用默认勾选标记。\n\n默认勾选标记纹理为 20x20 像素。
fancymenu	fancymenu.elements.checkbox.desc		可点击的勾选框，切换时可执行操作。\n\n在其操作和加载条件中使用 '$$value' 占位符\n可获取勾选框的当前状态（true/false）。
fancymenu	fancymenu.elements.checkbox.textures		纹理
fancymenu	fancymenu.elements.image.restart_animated_on_menu_load		打开界面时重新播放动画纹理：%s
fancymenu	fancymenu.elements.tooltip		提示框
fancymenu	fancymenu.elements.tooltip.background		提示框背景
fancymenu	fancymenu.elements.tooltip.background_texture		自定义背景纹理
fancymenu	fancymenu.elements.tooltip.background_texture.desc		设置自定义背景纹理。\n使用九宫格缩放，使纹理适配当前提示框尺寸。
fancymenu	fancymenu.elements.tooltip.content		提示框文本内容
fancymenu	fancymenu.elements.tooltip.desc		在指定位置或鼠标位置渲染提示框。\n与文本元素类似，支持完整的 Markdown 语法。\n通过加载条件控制其可见性。
fancymenu	fancymenu.elements.tooltip.mouse_following		跟随鼠标：%s
fancymenu	fancymenu.elements.tooltip.mouse_following.desc		在编辑器之外时，提示框是否跟随鼠标。
fancymenu	fancymenu.elements.tooltip.nine_slice		九宫格缩放设置
fancymenu	fancymenu.elements.tooltip.nine_slice.border.bottom		底部边框尺寸 [像素]
fancymenu	fancymenu.elements.tooltip.nine_slice.border.left		左侧边框尺寸 [像素]
fancymenu	fancymenu.elements.tooltip.nine_slice.border.right		右侧边框尺寸 [像素]
fancymenu	fancymenu.elements.tooltip.nine_slice.border.top		顶部边框尺寸 [像素]
fancymenu	fancymenu.elements.tooltip.nine_slice.desc		在此可设置与\n自定义提示框背景的九宫格缩放逻辑相关的选项。
fancymenu	fancymenu.elements.video_mcef		视频 [MCEF]
fancymenu	fancymenu.elements.video_mcef.desc		由 MCEF 驱动的视频播放器。\n§x此元素需要 MCEF 模组才能工作！
fancymenu	fancymenu.elements.video_mcef.loop		循环播放视频：%s
fancymenu	fancymenu.elements.video_mcef.set_source		视频源
fancymenu	fancymenu.elements.video_mcef.sound_channel		声音通道：%s
fancymenu	fancymenu.elements.video_mcef.volume		音量
fancymenu	fancymenu.fancymenu.editor.dynamicvariabletextfield.categories.gui		GUI
fancymenu	fancymenu.guicomponents.ok		确定
fancymenu	fancymenu.helper.editor.element.vanilla.deepcustomization.titlescreen.logo		Minecraft 标志
fancymenu	fancymenu.layout_editor.grid.snapping		网格吸附：%s
fancymenu	fancymenu.layout_editor.grid.snapping.desc		移动元素时是否吸附到网格线。
fancymenu	fancymenu.layout_editor.grid.snapping.strength		网格吸附强度：%s
fancymenu	fancymenu.layout_editor.grid.snapping.strength.desc		控制元素吸附到网格线的强度。\n数值越低，需要越精确的移动。\n数值越高，从更远处即可吸附。
fancymenu	fancymenu.layout_editor.grid.snapping.strength.high_precision		高精度（0.75）
fancymenu	fancymenu.layout_editor.grid.snapping.strength.magnetic		磁性（2.0）
fancymenu	fancymenu.layout_editor.grid.snapping.strength.maximum		最大（5.0）
fancymenu	fancymenu.layout_editor.grid.snapping.strength.moderate		中等（1.5）
fancymenu	fancymenu.layout_editor.grid.snapping.strength.pixel_perfect		像素级精确（0.5）
fancymenu	fancymenu.layout_editor.grid.snapping.strength.standard		普通（1.0）
fancymenu	fancymenu.layout_editor.grid.snapping.strength.strong_magnetic		强磁性（3.0）
fancymenu	fancymenu.overlay.debug.toggle.shortcut		CTRL + ALT + D
fancymenu	fancymenu.overlay.menu_bar.customization.hide_overlay.shortcut		CTRL + ALT + C
fancymenu	fancymenu.overlay.menu_bar.customization.reload_fancymenu.shortcut		CTRL + ALT + R
fancymenu	fancymenu.overlay.menu_bar.user_interface		UI
fancymenu	fancymenu.placeholders.categories.scoreboard		计分板
fancymenu	fancymenu.placeholders.categories.video		视频
fancymenu	fancymenu.placeholders.clipboard_content		剪贴板内容
fancymenu	fancymenu.placeholders.clipboard_content.desc		返回系统剪贴板的当前文本内容，\n若剪贴板中当前没有任何内容则返回空文本。
fancymenu	fancymenu.placeholders.file_text		文件文本
fancymenu	fancymenu.placeholders.file_text.desc		从本地文件或远程 URL 读取文本并返回。\n支持读取全部内容或仅最后几行。\n内容会被缓存以提升性能：\n- 本地文件：每 1 秒重新读取一次\n- URL：每 10 秒重新读取一次\n\n必需值：\n- path_or_url：要读取的文件路径或 URL\n  本地文件：使用相对路径（如 'config/myfile.txt'）\n  远程文件：使用 HTTP/HTTPS URL（如 'https://example.com/data.txt'）\n\n可选值：\n- mode：如何读取内容（默认：'all'）\n  选项：'all'（全部内容）、'last'（最后 X 行）\n- separator：拼接时各行之间的文本（默认：'\n'）\n  常用选项：'\n'（换行）、' | '、', '、' '\n- last_lines：'last' 模式下返回的行数（默认：1）\n  仅在 mode 为 'last' 时使用\n\n注意：当 mode 为 'last' 且 last_lines 设为 1 时，\n返回的单行不带任何分隔符。\n\n若源尚未被缓存、不存在、无法读取，\n或 URL 无网络连接，则返回空字符串。
fancymenu	fancymenu.placeholders.last_world_server		上次的世界或服务器
fancymenu	fancymenu.placeholders.last_world_server.desc		返回玩家上次加入的世界或服务器。\n你可以通过 'type' 值控制该占位符\n是同时返回服务器和世界，还是只返回其一。\n\n类型：both、world、server\n\n'full_world_path' 值控制返回完整路径，\n还是只返回世界名称（不返回服务器）。\n将其设为 'false' 则只返回世界名。
fancymenu	fancymenu.placeholders.lowercase_text		小写文本
fancymenu	fancymenu.placeholders.lowercase_text.desc		将输入文本转换为小写字母。\n\n示例：\n输入：HELLO WORLD\n输出：hello world
fancymenu	fancymenu.placeholders.nbt_data_get		获取 NBT 数据
fancymenu	fancymenu.placeholders.nbt_data_get.desc		从实体和方块获取 NBT 数据（类似于 '/data get' 命令）。\n返回指定 NBT 路径处的值。\n\n§l提示：§r在游戏中使用 '/data get' 命令但不设置路径，\n即可轻松获取实体或方块所有可用的 NBT 路径！\n\n必需值：\n- source_type：数据源类型（'entity' 或 'block'）\n- nbt_path：要查询的 NBT 路径（如 'foodLevel'、'Pos[0]'、'Inventory[0].id'）\n\n条件值：\n- entity_selector：当 source_type 为 'entity' 时的实体选择器\n  支持：@s（自身）、@p（最近玩家）、@e（最近实体）、\n  UUID 或实体名称\n- block_pos：当 source_type 为 'block' 时的方块坐标\n  格式：'x y z'（如 '100 64 -200'）\n\n可选值：\n- scale：数值的缩放系数（默认：1.0）\n- return_type：如何返回数据（默认：'value'）\n  选项：'value'（数值/大小）、'string'（文本值）、\n  'snbt'（格式化 NBT）、'json'（JSON 格式）\n\n若数据无法访问或路径无效，则返回空字符串。
fancymenu	fancymenu.placeholders.player_has_tag		玩家是否拥有标签
fancymenu	fancymenu.placeholders.player_has_tag.desc		检查某个玩家是否拥有某个标签。返回 'true' 或 'false'。\n\n这些是通过 '/tag' 命令添加的标签。
fancymenu	fancymenu.placeholders.player_tags_list		玩家标签列表
fancymenu	fancymenu.placeholders.player_tags_list.desc		返回某个玩家所有标签的列表，以指定的分隔符分隔。\n\n这些是通过 '/tag' 命令添加的标签。
fancymenu	fancymenu.placeholders.player_team		计分板玩家队伍
fancymenu	fancymenu.placeholders.player_team.desc		返回给定玩家的当前队伍，\n若该玩家没有队伍则返回空值。
fancymenu	fancymenu.placeholders.replace_text		替换文本
fancymenu	fancymenu.placeholders.replace_text.desc		使用字面文本或正则表达式（regex）替换字符串中的文本。\n支持单次替换和全部替换两种操作。\n\n必需值：\n- text：要执行替换的输入文本\n- search：要搜索的文本或 regex 模式\n\n可选值：\n- replacement：替换后的文本（默认：空字符串）\n- use_regex：设为 'true' 以使用 regex 模式（默认：'false'）\n- replace_all：设为 'true' 则替换所有匹配项，否则只替换首个匹配项（默认：'true'）\n\n使用 regex 时，可使用 $1、$2 等捕获组。
fancymenu	fancymenu.placeholders.scoreboard.display_slot		计分板显示槽位
fancymenu	fancymenu.placeholders.scoreboard.display_slot.desc		返回在指定槽位中显示的目标名称。\n若该槽位未分配目标则返回空值。\n\n必需值：\n- slot：要检查的显示槽位\n  有效槽位：sidebar、list、below_name，或队伍颜色槽位\n  （如 sidebar.team.red、sidebar.team.blue）
fancymenu	fancymenu.placeholders.scoreboard.has_score		计分板是否有分数
fancymenu	fancymenu.placeholders.scoreboard.has_score.desc		检查某个玩家在指定目标下是否有分数。\n若该玩家有分数则返回 'true'，否则返回 'false'。\n\n必需值：\n- player：要检查的玩家名称\n- objective：要检查的目标名称
fancymenu	fancymenu.placeholders.scoreboard.objective_count		计分板目标数量
fancymenu	fancymenu.placeholders.scoreboard.objective_count.desc		返回计分板中目标的总数。\n若不存在目标则返回 '0'。
fancymenu	fancymenu.placeholders.scoreboard.objective_criteria		计分板目标准则
fancymenu	fancymenu.placeholders.scoreboard.objective_criteria.desc		返回目标的准则类型。\n常见准则：dummy、trigger、deathCount、playerKillCount、\ntotalKillCount、health、food、air、armor、xp、level 等。\n\n必需值：\n- objective：要检查的目标名称
fancymenu	fancymenu.placeholders.scoreboard.objective_display_name		计分板目标显示名称
fancymenu	fancymenu.placeholders.scoreboard.objective_display_name.desc		返回目标的显示名称。\n可返回纯文本或 JSON 格式以进行高级格式化。\n\n必需值：\n- objective：目标名称\n\n可选值：\n- as_json：设为 'true' 以获取 JSON 格式（默认：'false'）
fancymenu	fancymenu.placeholders.scoreboard.objective_render_type		计分板目标渲染类型
fancymenu	fancymenu.placeholders.scoreboard.objective_render_type.desc		返回目标的分数如何显示。\n可能的值：'integer'（普通数字）或 'hearts'（心形图标）。\n\n必需值：\n- objective：要检查的目标名称
fancymenu	fancymenu.placeholders.scoreboard.objectives_list		计分板目标列表
fancymenu	fancymenu.placeholders.scoreboard.objectives_list.desc		返回计分板中所有目标的列表。\n每个目标名称以指定的分隔符分隔。\n\n可选值：\n- separator：用于分隔目标的文本（默认：', '）
fancymenu	fancymenu.placeholders.scoreboard.player_scores_list		计分板玩家分数列表
fancymenu	fancymenu.placeholders.scoreboard.player_scores_list.desc		返回某个玩家所有分数的格式化列表。\n在格式中使用 %%objective%% 和 %%score%% 来自定义输出。\n\n必需值：\n- player：要列出分数的玩家名称\n\n可选值：\n- separator：每个分数条目之间的文本（默认：', '）\n- format：如何格式化每个条目（默认：'%%objective%%: %%score%%'）
fancymenu	fancymenu.placeholders.scoreboard.score		计分板分数
fancymenu	fancymenu.placeholders.scoreboard.score.desc		返回某个玩家在指定目标下的分数值。\n若该玩家在该目标下没有分数则返回空值。\n\n必需值：\n- player：要检查的玩家名称\n- objective：要获取分数的目标名称
fancymenu	fancymenu.placeholders.scoreboard.tracked_players		计分板追踪的玩家
fancymenu	fancymenu.placeholders.scoreboard.tracked_players.desc		返回计分板追踪的所有玩家的列表。\n在任何目标中有分数的玩家都会被列出。\n\n可选值：\n- separator：用于分隔玩家名称的文本（默认：', '）
fancymenu	fancymenu.placeholders.text_char_count		文本字符数
fancymenu	fancymenu.placeholders.text_char_count.desc		返回给定文本的字符数。
fancymenu	fancymenu.placeholders.text_editor.search_placeholder		搜索占位符…
fancymenu	fancymenu.placeholders.text_width		文本宽度
fancymenu	fancymenu.placeholders.text_width.desc		返回给定文本的宽度（像素）。\n用于根据文本宽度计算元素的位置或尺寸。
fancymenu	fancymenu.placeholders.uppercase_text		大写文本
fancymenu	fancymenu.placeholders.uppercase_text.desc		将输入文本转换为大写字母。\n\n示例：\n输入：Hello World\n输出：HELLO WORLD
fancymenu	fancymenu.placeholders.video_background_duration		视频背景时长
fancymenu	fancymenu.placeholders.video_background_duration.desc		按标识符返回视频菜单背景的总时长，格式为 MM:SS（如 '03:45'）。\n若背景尚未就绪或未设置视频，则返回 '00:00'。\n\n要获取背景的标识符，请右键点击\n编辑器背景，然后点击「复制背景标识符」。
fancymenu	fancymenu.placeholders.video_background_paused_state		视频背景暂停状态
fancymenu	fancymenu.placeholders.video_background_paused_state.desc		按标识符返回视频菜单背景的暂停状态。\n当元素暂停时返回 'true'，否则返回 'false'。\n\n要获取背景的标识符，请右键点击\n编辑器背景，然后点击「复制背景标识符」。
fancymenu	fancymenu.placeholders.video_background_playtime		视频背景播放时间
fancymenu	fancymenu.placeholders.video_background_playtime.desc		返回视频菜单背景的当前播放时间\n（MM:SS 格式）或播放进度百分比（0-100）。\n若元素尚未就绪或未设置视频，则返回 '00:00' 或 '0'。\n\n必需值：\n- background_identifier：视频背景的 ID\n- show_percentage：设为 'true' 以显示百分比而非时间\n\n要获取背景的标识符，请右键点击\n编辑器背景，然后点击「复制背景标识符」。
fancymenu	fancymenu.placeholders.video_background_volume		视频背景音量
fancymenu	fancymenu.placeholders.video_background_volume.desc		按标识符返回视频菜单背景的音量。\n音量是 0.0（0%%）到 1.0（100%%）之间的一个小数。\n\n要获取背景的标识符，请右键点击\n编辑器背景，然后点击「复制背景标识符」。
fancymenu	fancymenu.placeholders.video_element_duration		视频元素时长
fancymenu	fancymenu.placeholders.video_element_duration.desc		返回视频元素的总时长，格式为 MM:SS（如 '03:45'）。\n若元素尚未就绪或未设置视频，则返回 '00:00'。\n\n必需值：\n- element_identifier：要获取时长的视频元素的 ID
fancymenu	fancymenu.placeholders.video_element_playtime		视频元素播放时间
fancymenu	fancymenu.placeholders.video_element_playtime.desc		返回视频元素的当前播放时间\n（MM:SS 格式）或播放进度百分比（0-100）。\n若元素尚未就绪或未设置视频，则返回 '00:00' 或 '0'。\n\n必需值：\n- element_identifier：视频元素的 ID\n- show_percentage：设为 'true' 以显示百分比而非时间
fancymenu	fancymenu.placeholders.video_element_volume		视频元素音量
fancymenu	fancymenu.placeholders.video_element_volume.desc		返回视频元素的音量。\n音量是 0.0（0%%）到 1.0（100%%）之间的一个小数。
fancymenu	fancymenu.placeholders.video_paused_state		视频元素暂停状态
fancymenu	fancymenu.placeholders.video_paused_state.desc		返回视频元素的暂停状态。\n当元素暂停时返回 'true'，否则返回 'false'。
fancymenu	fancymenu.placeholders.world.active_hotbar_slot		选中的快捷栏槽位
fancymenu	fancymenu.placeholders.world.current_player_oxygen		玩家当前氧气值
fancymenu	fancymenu.placeholders.world.current_player_oxygen.desc		返回玩家当前的氧气值。\n不在世界中时返回 '0.0'。
fancymenu	fancymenu.placeholders.world.current_player_oxygen_percent		玩家当前氧气值（百分比）
fancymenu	fancymenu.placeholders.world.current_player_oxygen_percent.desc		以百分比返回玩家当前的氧气值。\n不在世界中时返回 '0'。\n可能的值：0-100
fancymenu	fancymenu.placeholders.world.level_save_data		世界存档数据
fancymenu	fancymenu.placeholders.world.level_save_data.desc		以单行 JSON 返回特定世界存档的完整关卡数据。\n\n值：\n§elevel_name§r = 要获取数据的世界存档的确切名称。
fancymenu	fancymenu.placeholders.world.level_save_names		世界存档名称
fancymenu	fancymenu.placeholders.world.level_save_names.desc		返回所有可用本地世界存档名称的列表。\n\n值：\n§eseparator§r = 世界名称之间的分隔文本。默认为 ', '。
fancymenu	fancymenu.placeholders.world.max_player_oxygen		玩家最大氧气值
fancymenu	fancymenu.placeholders.world.max_player_oxygen.desc		返回玩家的最大氧气值。\n不在世界中时返回 '0.0'。
fancymenu	fancymenu.placeholders.world.players_list		世界玩家列表
fancymenu	fancymenu.placeholders.world.players_list.desc		返回当前世界中所有玩家的列表。\n玩家名称按字母顺序排序。\n\n可选值：\n- separator：用于分隔玩家名称的文本（默认：', '）
fancymenu	fancymenu.requirements.build_requirement.screen.search_requirement		搜索条件…
fancymenu	fancymenu.requirements.is_internet_connection_available		是否有互联网连接
fancymenu	fancymenu.requirements.is_internet_connection_available.desc		当存在可用的互联网连接时返回 true。
fancymenu	fancymenu.requirements.is_mcef_loaded		MCEF 是否已加载
fancymenu	fancymenu.requirements.is_mcef_loaded.desc		检查 MCEF 模组是否已加载。\n\n此模组是浏览器元素以及所有\n视频相关功能（如视频元素和菜单背景）所必需的。
fancymenu	fancymenu.requirements.world.is_hotbar_slot_active		快捷栏槽位是否被选中
fancymenu	fancymenu.scroll_screen_normalizer		暴露当前界面滚动区域的内容：%s
fancymenu	fancymenu.scroll_screen_normalizer.desc		若当前界面包含滚动区域，这将尝试\n从滚动区域中提取按钮和滑块。\n\n例如，这有助于让选项界面变为可自定义。
fancymenu	fancymenu.settings.caching.placeholders.set		设置占位符缓存时长 [毫秒]
fancymenu	fancymenu.settings.caching.placeholders.set.desc		FancyMenu 应缓存占位符替换后文本的时长（毫秒），\n以减轻其性能负担。\n\n设为 0 将禁用缓存。\n\n§l§x在复杂设置和操作脚本中，缓存可能导致意外行为！
fancymenu	fancymenu.settings.caching.requirements.set		设置条件缓存时长 [毫秒]
fancymenu	fancymenu.settings.caching.requirements.set.desc		FancyMenu 应缓存条件状态的时长（毫秒），\n以减轻其性能负担。\n\n设为 0 将禁用缓存。\n\n§l§x在复杂设置和操作脚本中，缓存可能导致意外行为！
fancymenu	fancymenu.variables.manage_variables.screen.search_variable		搜索变量…
farmingforblockheads	gui.farmingforblockheads:market.cost		%dx %s
fastbench	info.fb.very_fast0		敏捷得令人发指
fastbench	info.fb.very_fast1		快得不合常理
fastbench	info.fb.very_fast2		闪电般的速度
fastbench	info.fb.very_fast3		性能拉满
fastbench	info.fb.very_fast4		西部最快的工作台
fastbench	info.fb.very_fast5		响应快得吓人
fastbench	info.fb.very_fast6		比一般的工作台更快
flashnpcs	entity.flashnpcs.npc		NPC
flashnpcs	item.flashnpcs.behavior_editor		行为编辑器
flashnpcs	item.flashnpcs.npc_editor		NPC 编辑器
flashnpcs	item.flashnpcs.npc_save_tool		保存工具
flashnpcs	item.flashnpcs.quest_editor		任务编辑器
flashnpcs	itemGroup.flashnpcs		Flash 的 NPC
flashnpcs	key.categories.flashnpcs		Flash 的 NPC
flashnpcs	key.quest_log		任务日志
flashnpcs	key.untrack		停止追踪任务
flashnpcs	msg.flashnpcs.objectivecomplete		目标完成！
flashnpcs	screen.quest_log.abandon		放弃
flashnpcs	screen.quest_log.objectives		目标：
flashnpcs	screen.quest_log.reward		奖励：
flashnpcs	screen.quest_log.reward.items		物品：
flashnpcs	screen.quest_log.reward.xp		经验值：%s
flashnpcs	screen.quest_log.title		任务日志
flashnpcs	screen.quest_log.track		追踪
flashnpcs	screen.trades.title		%s 的交易
flashnpcs	tooltip.flashnpcs.behavior_editor_shift		§e右键§r NPC 可修改其行为。\n§e右键§r 方块可创建或追加路径。\n§e右键§r 空气可移除最后一个路径方块。\n§eShift+右键§r 空气可移除整条路径。
flashnpcs	tooltip.flashnpcs.npc_editor_shift		§e右键§r NPC 可修改其常规设置。\n§eShift+右键§r NPC 可打开其对话编辑器。\n§e右键§r 空气可打开新的对话编辑器。\n§eShift+右键§r 空气可修改功能。\n§e右键§r 方块可生成新的 NPC。
flashnpcs	tooltip.flashnpcs.quest_editor_shift		§e右键§r 打开任务编辑器
flashnpcs	tooltip.flashnpcs.save_tool_shift		§eShift+右键§r NPC 可保存该 NPC。\n§eShift+右键§r 方块可选择要生成的已保存 NPC。
flashnpcs	tooltip.flashnpcs.shift		按住 §eSHIFT§r 查看更多信息！
fluxnetworks	gui.fluxnetworks.label.sort.id		ID
forgivingvoid	text.autoconfig.forgivingvoid.option.damageOnFall		坠落伤害
forgivingvoid	text.autoconfig.forgivingvoid.option.dimensionAllowList		维度允许列表
forgivingvoid	text.autoconfig.forgivingvoid.option.dimensionDenyList		维度拒绝列表
forgivingvoid	text.autoconfig.forgivingvoid.option.disableVanillaAntiCheatWhileFalling		坠落时禁用原版反作弊
forgivingvoid	text.autoconfig.forgivingvoid.option.fallingHeight		坠落高度
forgivingvoid	text.autoconfig.forgivingvoid.option.preventDeath		防止死亡
forgivingvoid	text.autoconfig.forgivingvoid.option.triggerAtY		在 Y 处触发
forgivingvoid	text.autoconfig.forgivingvoid.option.triggerInEnd		在末地触发
forgivingvoid	text.autoconfig.forgivingvoid.option.triggerInNether		在下界触发
forgivingvoid	text.autoconfig.forgivingvoid.option.triggerInOverworld		在主世界触发
forgivingvoid	text.autoconfig.forgivingvoid.title		宽容的虚空
framedblocks	block.framedblocks.framed_activator_rail_slope		镶框激活铁轨斜坡
framedblocks	block.framedblocks.framed_detector_rail_slope		镶框探测铁轨斜坡
framedblocks	block.framedblocks.framed_divided_panel_horizontal		镶框分隔墙板（水平）
framedblocks	block.framedblocks.framed_divided_panel_vertical		镶框分隔墙板（垂直）
framedblocks	block.framedblocks.framed_divided_slab		镶框分隔台阶
framedblocks	block.framedblocks.framed_divided_slope		镶框分隔斜坡
framedblocks	block.framedblocks.framed_divided_stairs		镶框分隔楼梯
framedblocks	block.framedblocks.framed_double_half_slope		镶框双半斜坡
framedblocks	block.framedblocks.framed_double_prism		镶框双棱柱
framedblocks	block.framedblocks.framed_double_sloped_prism		镶框双斜坡棱柱
framedblocks	block.framedblocks.framed_fancy_activator_rail		镶框精致激活铁轨
framedblocks	block.framedblocks.framed_fancy_activator_rail_slope		镶框精致激活铁轨斜坡
framedblocks	block.framedblocks.framed_fancy_detector_rail		镶框精致探测铁轨
framedblocks	block.framedblocks.framed_fancy_detector_rail_slope		镶框精致探测铁轨斜坡
framedblocks	block.framedblocks.framed_fancy_powered_rail		镶框精致充能铁轨
framedblocks	block.framedblocks.framed_fancy_powered_rail_slope		镶框精致充能铁轨斜坡
framedblocks	block.framedblocks.framed_fancy_rail		镶框精致铁轨
framedblocks	block.framedblocks.framed_fancy_rail_slope		镶框精致铁轨斜坡
framedblocks	block.framedblocks.framed_flat_double_slope_panel_corner		镶框扁平双斜坡墙板转角
framedblocks	block.framedblocks.framed_flat_double_slope_slab_corner		镶框扁平双斜坡台阶转角
framedblocks	block.framedblocks.framed_flat_elev_double_slope_slab_corner		镶框扁平架高双斜坡台阶转角
framedblocks	block.framedblocks.framed_flat_elev_inner_double_slope_slab_corner		镶框扁平架高内双斜坡台阶转角
framedblocks	block.framedblocks.framed_flat_elev_inner_slope_slab_corner		镶框扁平架高内斜坡台阶转角
framedblocks	block.framedblocks.framed_flat_elev_slope_slab_corner		镶框扁平架高斜坡台阶转角
framedblocks	block.framedblocks.framed_flat_ext_double_slope_panel_corner		镶框扁平外延双斜坡墙板转角
framedblocks	block.framedblocks.framed_flat_ext_inner_double_slope_panel_corner		镶框扁平外延内双斜坡墙板转角
framedblocks	block.framedblocks.framed_flat_ext_inner_slope_panel_corner		镶框扁平外延内斜坡墙板转角
framedblocks	block.framedblocks.framed_flat_ext_slope_panel_corner		镶框扁平外延斜坡墙板转角
framedblocks	block.framedblocks.framed_flat_inner_slope_panel_corner		镶框扁平内斜坡墙板转角
framedblocks	block.framedblocks.framed_flat_inner_slope_slab_corner		镶框扁平内斜坡台阶转角
framedblocks	block.framedblocks.framed_flat_inv_double_slope_panel_corner		镶框扁平反向双斜坡墙板转角
framedblocks	block.framedblocks.framed_flat_inv_double_slope_slab_corner		镶框扁平反向双斜坡台阶转角
framedblocks	block.framedblocks.framed_flat_slope_panel_corner		镶框扁平斜坡墙板转角
framedblocks	block.framedblocks.framed_flat_slope_slab_corner		镶框扁平斜坡台阶转角
framedblocks	block.framedblocks.framed_flat_stacked_inner_slope_panel_corner		镶框扁平堆叠内斜坡墙板转角
framedblocks	block.framedblocks.framed_flat_stacked_inner_slope_slab_corner		镶框扁平堆叠内斜坡台阶转角
framedblocks	block.framedblocks.framed_flat_stacked_slope_panel_corner		镶框扁平堆叠斜坡墙板转角
framedblocks	block.framedblocks.framed_flat_stacked_slope_slab_corner		镶框扁平堆叠斜坡台阶转角
framedblocks	block.framedblocks.framed_glowing_item_frame		镶框发光物品展示框
framedblocks	block.framedblocks.framed_half_slope		镶框半斜坡
framedblocks	block.framedblocks.framed_inner_prism		镶框内棱柱
framedblocks	block.framedblocks.framed_inner_sloped_prism		镶框内斜坡棱柱
framedblocks	block.framedblocks.framed_item_frame		镶框物品展示框
framedblocks	block.framedblocks.framed_mini_cube		镶框微型方块
framedblocks	block.framedblocks.framed_one_way_window		镶框单向窗
framedblocks	block.framedblocks.framed_powered_rail_slope		镶框充能铁轨斜坡
framedblocks	block.framedblocks.framed_redstone_torch		镶框红石火把
framedblocks	block.framedblocks.framed_sloped_stairs		镶框斜坡楼梯
framedblocks	block.framedblocks.framed_stacked_slope_panel		镶框堆叠斜坡墙板
framedblocks	block.framedblocks.framed_stacked_slope_slab		镶框堆叠斜坡台阶
framedblocks	block.framedblocks.framed_vertical_divided_stairs		镶框竖直分隔楼梯
framedblocks	block.framedblocks.framed_vertical_double_half_slope		镶框双半斜坡
framedblocks	block.framedblocks.framed_vertical_half_slope		镶框半斜坡
framedblocks	block.framedblocks.framed_vertical_sloped_stairs		镶框竖直斜坡楼梯
framedblocks	block.framedblocks.framed_waterloggable_gold_pressure_plate		镶框轻质测重压力板
framedblocks	block.framedblocks.framed_waterloggable_iron_pressure_plate		镶框重型测重压力板
framedblocks	block.framedblocks.framed_waterloggable_obsidian_pressure_plate		镶框黑曜石压力板
framedblocks	block.framedblocks.framed_waterloggable_pressure_plate		镶框压力板
framedblocks	block.framedblocks.framed_waterloggable_stone_pressure_plate		镶框石质压力板
framedblocks	block.framedblocks.framing_saw		镶框锯
framedblocks	config.framedblocks.client.detailedCulling		精细剔除
framedblocks	config.framedblocks.client.discreteUVSteps		使用离散的纹理坐标步长
framedblocks	config.framedblocks.client.fancyHitboxes		精细碰撞箱
framedblocks	config.framedblocks.client.oneWayWindowMode		单向窗覆盖层：显示模式
framedblocks	config.framedblocks.client.prismOffsetMode		棱柱偏移覆盖层：显示模式
framedblocks	config.framedblocks.client.reinforcedMode		强化覆盖层：显示模式
framedblocks	config.framedblocks.client.showGhostBlocks		显示幽灵方块
framedblocks	config.framedblocks.client.splitLineMode		可折叠方块分割线覆盖层：显示模式
framedblocks	config.framedblocks.client.stateLockMode		状态锁定覆盖层：显示模式
framedblocks	config.framedblocks.client.toggleWaterlogMode		切换可含水覆盖层：显示模式
framedblocks	config.framedblocks.client.toggleYSlopeMode		切换 Y 轴斜坡覆盖层：显示模式
framedblocks	config.framedblocks.common.fireproofBlocks		防火方块
framedblocks	config.framedblocks.server.allowBlockEntities		允许方块实体
framedblocks	config.framedblocks.server.enableIntangibleFeature		启用无形化功能
framedblocks	config.framedblocks.server.intangibleMarkerItem		无形化标记物品
framedblocks	config.framedblocks.server.oneWayWindowOwnable		单向窗可归属
framedblocks	desc.framedblocks.blueprint_intangible		无形：%s
framedblocks	desc.framedblocks.blueprint_reinforced		已强化：%s
framedblocks	item.framedblocks.framed_reinforcement		镶框强化件
framedblocks	msg.framedblocks.frame_crafter.fail.incorrect_additive		存在错误的添加剂材料
framedblocks	msg.framedblocks.frame_crafter.fail.insufficient_additive		添加剂材料数量不足
framedblocks	msg.framedblocks.frame_crafter.fail.material_lcm		输入物品太少，无法整除转换为该产出
framedblocks	msg.framedblocks.frame_crafter.fail.material_value		可用输入材料不足
framedblocks	msg.framedblocks.frame_crafter.fail.missing_additive		缺少添加剂材料
framedblocks	msg.framedblocks.frame_crafter.fail.none		可合成
framedblocks	msg.framedblocks.frame_crafter.fail.unexpected_additive		存在多余的添加剂材料
framedblocks	msg.framedblocks.framing_saw.transfer.invalid_recipe		无效配方
framedblocks	msg.framedblocks.framing_saw.transfer.not_implemented		不会转移任何物品
framedblocks	msg.framedblocks.prism_offset.switch		用镶框锤敲击以切换偏移
framedblocks	msg.framedblocks.split_line.switch		用镶框锤敲击以切换分割线的朝向
framedblocks	title.framedblocks.frame_crafter		镶框锯
framedblocks	tooltip.framedblocks.frame_bg.set_camo		用镶框锤敲击以将伪装方块用作背景
framedblocks	tooltip.framedblocks.frame_bg.set_leather		用镶框锤敲击以将皮革用作背景
framedblocks	tooltip.framedblocks.frame_bg.use_camo		镶框物品展示框将伪装方块用作背景
framedblocks	tooltip.framedblocks.frame_bg.use_leather		镶框物品展示框将皮革用作背景
framedblocks	tooltip.framedblocks.framing_saw.have_item_none		无
framedblocks	tooltip.framedblocks.framing_saw.have_x_but_need_y_item		已有 %s，但需要 %s
framedblocks	tooltip.framedblocks.framing_saw.have_x_but_need_y_item_count		已有 %s 个物品，但至少需要 %s 个物品
framedblocks	tooltip.framedblocks.framing_saw.have_x_but_need_y_material_count		已有 %s 材料，但至少需要 %s 材料
framedblocks	tooltip.framedblocks.framing_saw.have_x_but_need_y_tag		已有 %s，但需要任意 %s
framedblocks	tooltip.framedblocks.framing_saw.loose_additive		该物品合成时使用了添加剂材料，这些材料将会丢失
framedblocks	tooltip.framedblocks.framing_saw.material		材料价值：%s
framedblocks	tooltip.framedblocks.framing_saw.press_to_show		按下 [%s] 显示所有可用物品
framedblocks	tooltip.framedblocks.is_waterloggable.false		该方块不可含水。
framedblocks	tooltip.framedblocks.is_waterloggable.true		该方块可含水。
framedblocks	tooltip.framedblocks.make_waterloggable.false		用镶框锤敲击以使其不可含水
framedblocks	tooltip.framedblocks.make_waterloggable.true		用镶框锤敲击以使其可含水
framedblocks	tooltip.framedblocks.one_way_window.clear_face		潜行时用镶框扳手敲击以清除透视面
framedblocks	tooltip.framedblocks.one_way_window.curr_face		当前透视面：%s
framedblocks	tooltip.framedblocks.one_way_window.dir.down		下
framedblocks	tooltip.framedblocks.one_way_window.dir.east		东
framedblocks	tooltip.framedblocks.one_way_window.dir.north		北
framedblocks	tooltip.framedblocks.one_way_window.dir.south		南
framedblocks	tooltip.framedblocks.one_way_window.dir.up		上
framedblocks	tooltip.framedblocks.one_way_window.dir.west		西
framedblocks	tooltip.framedblocks.one_way_window.face.down		下
framedblocks	tooltip.framedblocks.one_way_window.face.east		东
framedblocks	tooltip.framedblocks.one_way_window.face.none		无
framedblocks	tooltip.framedblocks.one_way_window.face.north		北
framedblocks	tooltip.framedblocks.one_way_window.face.south		南
framedblocks	tooltip.framedblocks.one_way_window.face.up		上
framedblocks	tooltip.framedblocks.one_way_window.face.west		西
framedblocks	tooltip.framedblocks.one_way_window.face_abbr.down		下
framedblocks	tooltip.framedblocks.one_way_window.face_abbr.east		东
framedblocks	tooltip.framedblocks.one_way_window.face_abbr.north		北
framedblocks	tooltip.framedblocks.one_way_window.face_abbr.south		南
framedblocks	tooltip.framedblocks.one_way_window.face_abbr.up		上
framedblocks	tooltip.framedblocks.one_way_window.face_abbr.west		西
framedblocks	tooltip.framedblocks.one_way_window.set_face		用镶框扳手敲击以将透视面设为 %s
framedblocks	tooltip.framedblocks.prism_offset.false		三角形纹理未偏移。
framedblocks	tooltip.framedblocks.prism_offset.true		三角形纹理偏移了半个方块。
framedblocks	tooltip.framedblocks.reinforce_state		该方块%s。
framedblocks	tooltip.framedblocks.reinforce_state.false		未强化
framedblocks	tooltip.framedblocks.reinforce_state.true		已强化
framedblocks	tooltip.framedblocks.split_line.false		变形面的分割线沿陡对角线延伸。
framedblocks	tooltip.framedblocks.split_line.true		变形面的分割线沿缓对角线延伸。
framedblocks	tooltip.framedblocks.y_slope		该方块使用%s面来构成竖直斜坡面。
framedblocks	tooltip.framedblocks.y_slope.horizontal		水平
framedblocks	tooltip.framedblocks.y_slope.toggle		用镶框扳手敲击以切换为%s面
framedblocks	tooltip.framedblocks.y_slope.vertical		竖直
framedcompactdrawers	itemGroup.framed_compacting_drawers		镶框压缩抽屉
ftblibrary	ftblibrary.gui.listSize		%d 个物品
ftblibrary	ftblibrary.gui.listSize1		1 个物品
ftblibrary	ftblibrary.select_image.scanning		正在扫描图片：这可能需要几秒钟……
ftblibrary	sidebar_group.ftblibrary.cheat		FTB Library — 作弊
ftblibrary	sidebar_group.ftblibrary.info		FTB Library — 信息
ftblibrary	sidebar_group.ftblibrary.util		FTB Library — 实用工具
ftbquests	ftbquests.reward.ftbquests.command.silent		静默
ftbquests	itemGroup.ftbquests.ftbquests		FTB 任务
gateways	error.gateways.entity_discarded		传送门内爆了，因为有实体在未遭击杀的情况下被移除
gateways	failure.gateways.chance		%s 几率的 %s
gateways	failure.gateways.explosion		半径 %s 的爆炸
gateways	failure.gateways.summon		召唤 %sx %s
gateways	reward.gateways.stack		%sx %s
gateways	tooltip.gateways.allows_discarding		生成的实体可以以非常规方式被移除
gateways	tooltip.gateways.alt		按住 Alt 查看惩罚
gateways	tooltip.gateways.failure		失败惩罚
gateways	tooltip.gateways.list1		• %sx %s 
gateways	tooltip.gateways.player_damage_only		生成的实体只能被真实玩家伤害
gateways	tooltip.gateways.scroll		 [滚动鼠标切换]
gateways	tooltip.gateways.wave		第 %s/%s 波%s
geckolib3	block.geckolib3.fertilizerblock		肥料
geckolib3	block.geckolib3.habitatblock		壁虎栖息地
geckolib3	item.geckolib3.geckoarmor_boots		壁虎护甲靴子
geckolib3	item.geckolib3.geckoarmor_chest		壁虎护甲胸甲
geckolib3	item.geckolib3.geckoarmor_head		壁虎护甲头盔
geckolib3	item.geckolib3.geckoarmor_leggings		壁虎护甲护腿
geckolib3	item.geckolib3.jackintheboxitem		惊吓盒
geckolib3	item.geckolib3.pistol		手枪
geckolib3	itemGroup.geckolib_examples		Geckolib 示例
grimoireofgaia	advancement.grimoireofgaia.ant.desc		击杀工蚁
grimoireofgaia	advancement.grimoireofgaia.ant.title		工蚁
grimoireofgaia	advancement.grimoireofgaia.ant_salvager.desc		击杀拾荒蚁
grimoireofgaia	advancement.grimoireofgaia.ant_salvager.title		拾荒蚁
grimoireofgaia	advancement.grimoireofgaia.anubis.desc		击杀阿努比斯
grimoireofgaia	advancement.grimoireofgaia.anubis.title		阿努比斯
grimoireofgaia	advancement.grimoireofgaia.arachne.desc		击杀阿拉克涅
grimoireofgaia	advancement.grimoireofgaia.arachne.title		阿拉克涅
grimoireofgaia	advancement.grimoireofgaia.banshee.desc		击杀报丧女妖
grimoireofgaia	advancement.grimoireofgaia.banshee.title		报丧女妖
grimoireofgaia	advancement.grimoireofgaia.behender.desc		击杀贝汉德
grimoireofgaia	advancement.grimoireofgaia.behender.title		贝汉德
grimoireofgaia	advancement.grimoireofgaia.bone_knight.desc		击杀白骨骑士
grimoireofgaia	advancement.grimoireofgaia.bone_knight.title		白骨骑士
grimoireofgaia	advancement.grimoireofgaia.cecaelia.desc		击杀塞卡莉亚
grimoireofgaia	advancement.grimoireofgaia.cecaelia.title		塞卡莉亚
grimoireofgaia	advancement.grimoireofgaia.cobblestone_golem.desc		击杀圆石傀儡
grimoireofgaia	advancement.grimoireofgaia.cobblestone_golem.title		圆石傀儡
grimoireofgaia	advancement.grimoireofgaia.creep.desc		击杀潜伏怪
grimoireofgaia	advancement.grimoireofgaia.creep.title		潜伏怪
grimoireofgaia	advancement.grimoireofgaia.cyan_flower.desc		击杀青色花
grimoireofgaia	advancement.grimoireofgaia.cyan_flower.title		青色花
grimoireofgaia	advancement.grimoireofgaia.deathword.desc		击杀亡语之书
grimoireofgaia	advancement.grimoireofgaia.deathword.title		亡语之书
grimoireofgaia	advancement.grimoireofgaia.dullahan.desc		击杀无头骑士
grimoireofgaia	advancement.grimoireofgaia.dullahan.title		无头骑士
grimoireofgaia	advancement.grimoireofgaia.ender_eye.desc		击杀末影之眼
grimoireofgaia	advancement.grimoireofgaia.ender_eye.title		末影之眼
grimoireofgaia	advancement.grimoireofgaia.flesh_lich.desc		击杀血肉巫妖
grimoireofgaia	advancement.grimoireofgaia.flesh_lich.title		血肉巫妖
grimoireofgaia	advancement.grimoireofgaia.gelatinous_slime.desc		击杀凝胶史莱姆
grimoireofgaia	advancement.grimoireofgaia.gelatinous_slime.title		凝胶史莱姆
grimoireofgaia	advancement.grimoireofgaia.goblin_feral.desc		击杀野性哥布林
grimoireofgaia	advancement.grimoireofgaia.goblin_feral.title		野性哥布林
grimoireofgaia	advancement.grimoireofgaia.gravemite.desc		击杀坟螨
grimoireofgaia	advancement.grimoireofgaia.gravemite.title		坟螨
grimoireofgaia	advancement.grimoireofgaia.harpy.desc		击杀鹰身女妖
grimoireofgaia	advancement.grimoireofgaia.harpy.title		鹰身女妖
grimoireofgaia	advancement.grimoireofgaia.kobold.desc		击杀狗头人
grimoireofgaia	advancement.grimoireofgaia.kobold.title		狗头人
grimoireofgaia	advancement.grimoireofgaia.mandragora.desc		击杀曼德拉草
grimoireofgaia	advancement.grimoireofgaia.mandragora.title		曼德拉草
grimoireofgaia	advancement.grimoireofgaia.matango.desc		击杀蘑菇人
grimoireofgaia	advancement.grimoireofgaia.matango.title		蘑菇人
grimoireofgaia	advancement.grimoireofgaia.mimic.desc		击杀宝箱怪
grimoireofgaia	advancement.grimoireofgaia.mimic.title		宝箱怪
grimoireofgaia	advancement.grimoireofgaia.minotaur.desc		击杀牛头怪
grimoireofgaia	advancement.grimoireofgaia.minotaur.title		牛头怪
grimoireofgaia	advancement.grimoireofgaia.minotaurus.desc		击杀牛头巨怪
grimoireofgaia	advancement.grimoireofgaia.minotaurus.title		牛头巨怪
grimoireofgaia	advancement.grimoireofgaia.mummy.desc		击杀木乃伊
grimoireofgaia	advancement.grimoireofgaia.mummy.title		木乃伊
grimoireofgaia	advancement.grimoireofgaia.naga.desc		击杀娜迦
grimoireofgaia	advancement.grimoireofgaia.naga.title		娜迦
grimoireofgaia	advancement.grimoireofgaia.nine_tails.desc		击杀九尾
grimoireofgaia	advancement.grimoireofgaia.nine_tails.title		九尾
grimoireofgaia	advancement.grimoireofgaia.oni.desc		击杀鬼
grimoireofgaia	advancement.grimoireofgaia.oni.title		鬼
grimoireofgaia	advancement.grimoireofgaia.orc.desc		击杀兽人
grimoireofgaia	advancement.grimoireofgaia.orc.title		兽人
grimoireofgaia	advancement.grimoireofgaia.root.desc		成就？那是什么东西？
grimoireofgaia	advancement.grimoireofgaia.root.title		盖亚魔典
grimoireofgaia	advancement.grimoireofgaia.shaman.desc		击杀萨满
grimoireofgaia	advancement.grimoireofgaia.shaman.title		萨满
grimoireofgaia	advancement.grimoireofgaia.sharko.desc		击杀鲨人
grimoireofgaia	advancement.grimoireofgaia.sharko.title		鲨人
grimoireofgaia	advancement.grimoireofgaia.siren.desc		击杀塞壬
grimoireofgaia	advancement.grimoireofgaia.siren.title		塞壬
grimoireofgaia	advancement.grimoireofgaia.sludge_girl.desc		击杀泥沼少女
grimoireofgaia	advancement.grimoireofgaia.sludge_girl.title		泥沼少女
grimoireofgaia	advancement.grimoireofgaia.sphinx.desc		击杀狮身人面像
grimoireofgaia	advancement.grimoireofgaia.sphinx.title		狮身人面像
grimoireofgaia	advancement.grimoireofgaia.sporeling.desc		击杀孢子幼体
grimoireofgaia	advancement.grimoireofgaia.sporeling.title		孢子幼体
grimoireofgaia	advancement.grimoireofgaia.spriggan.desc		击杀树精
grimoireofgaia	advancement.grimoireofgaia.spriggan.title		树精
grimoireofgaia	advancement.grimoireofgaia.succubus.desc		击杀魅魔
grimoireofgaia	advancement.grimoireofgaia.succubus.title		魅魔
grimoireofgaia	advancement.grimoireofgaia.toad.desc		击杀蟾蜍
grimoireofgaia	advancement.grimoireofgaia.toad.title		蟾蜍
grimoireofgaia	advancement.grimoireofgaia.valkyrie.desc		击杀瓦尔基里
grimoireofgaia	advancement.grimoireofgaia.valkyrie.title		瓦尔基里
grimoireofgaia	advancement.grimoireofgaia.werecat.desc		击杀猫妖
grimoireofgaia	advancement.grimoireofgaia.werecat.title		猫妖
grimoireofgaia	advancement.grimoireofgaia.witch.desc		击杀女巫
grimoireofgaia	advancement.grimoireofgaia.witch.title		女巫
grimoireofgaia	advancement.grimoireofgaia.wither_cow.desc		击杀凋灵牛
grimoireofgaia	advancement.grimoireofgaia.wither_cow.title		凋灵牛
grimoireofgaia	entity.grimoireofgaia.bubble		泡泡弹
grimoireofgaia	entity.grimoireofgaia.cecaelia		塞卡莉亚
grimoireofgaia	entity.grimoireofgaia.creeper_girl		苦力怕娘
grimoireofgaia	entity.grimoireofgaia.cyan_flower		青色花
grimoireofgaia	entity.grimoireofgaia.dwarf		矮人
grimoireofgaia	entity.grimoireofgaia.ender_girl		末影娘
grimoireofgaia	entity.grimoireofgaia.gravemite		坟螨
grimoireofgaia	entity.grimoireofgaia.gryphon		狮鹫
grimoireofgaia	entity.grimoireofgaia.mandragora		曼德拉草
grimoireofgaia	entity.grimoireofgaia.minotaur		牛头怪
grimoireofgaia	entity.grimoireofgaia.mummy		木乃伊
grimoireofgaia	entity.grimoireofgaia.sharko		鲨人
grimoireofgaia	entity.grimoireofgaia.slime_girl		史莱姆娘
grimoireofgaia	entity.grimoireofgaia.toad		蟾蜍
grimoireofgaia	entity.grimoireofgaia.trader		商人
grimoireofgaia	entity.grimoireofgaia.valkyrie		瓦尔基里
grimoireofgaia	grimoireofgaia.subtitle.cecaelia_death		塞卡莉亚死亡
grimoireofgaia	grimoireofgaia.subtitle.cecaelia_hurt		塞卡莉亚受伤
grimoireofgaia	grimoireofgaia.subtitle.cecaelia_say		塞卡莉亚说话
grimoireofgaia	grimoireofgaia.subtitle.creeper_girl_death		苦力怕娘死亡
grimoireofgaia	grimoireofgaia.subtitle.creeper_girl_hurt		苦力怕娘受伤
grimoireofgaia	grimoireofgaia.subtitle.creeper_girl_say		苦力怕娘说话
grimoireofgaia	grimoireofgaia.subtitle.dwarf_death		矮人死亡
grimoireofgaia	grimoireofgaia.subtitle.dwarf_hurt		矮人受伤
grimoireofgaia	grimoireofgaia.subtitle.dwarf_say		矮人说话
grimoireofgaia	grimoireofgaia.subtitle.ender_girl_death		末影娘死亡
grimoireofgaia	grimoireofgaia.subtitle.ender_girl_hurt		末影娘受伤
grimoireofgaia	grimoireofgaia.subtitle.ender_girl_say		末影娘说话
grimoireofgaia	grimoireofgaia.subtitle.gravemite_death		坟螨死亡
grimoireofgaia	grimoireofgaia.subtitle.gravemite_hurt		坟螨受伤
grimoireofgaia	grimoireofgaia.subtitle.gravemite_say		坟螨说话
grimoireofgaia	grimoireofgaia.subtitle.gravemite_step		坟螨脚步
grimoireofgaia	grimoireofgaia.subtitle.gryphon_death		狮鹫死亡
grimoireofgaia	grimoireofgaia.subtitle.gryphon_hurt		狮鹫受伤
grimoireofgaia	grimoireofgaia.subtitle.gryphon_say		狮鹫尖啸
grimoireofgaia	grimoireofgaia.subtitle.mandragora_death		曼德拉草死亡
grimoireofgaia	grimoireofgaia.subtitle.mandragora_hurt		曼德拉草受伤
grimoireofgaia	grimoireofgaia.subtitle.mandragora_say		曼德拉草尖叫
grimoireofgaia	grimoireofgaia.subtitle.minotaur_death		牛头怪死亡
grimoireofgaia	grimoireofgaia.subtitle.minotaur_hurt		牛头怪受伤
grimoireofgaia	grimoireofgaia.subtitle.minotaur_say		牛头怪低吼
grimoireofgaia	grimoireofgaia.subtitle.minotaur_step		牛头怪脚步
grimoireofgaia	grimoireofgaia.subtitle.mummy_death		木乃伊死亡
grimoireofgaia	grimoireofgaia.subtitle.mummy_hurt		木乃伊受伤
grimoireofgaia	grimoireofgaia.subtitle.mummy_say		木乃伊嘟囔
grimoireofgaia	grimoireofgaia.subtitle.sharko_death		鲨人死亡
grimoireofgaia	grimoireofgaia.subtitle.sharko_hurt		鲨人受伤
grimoireofgaia	grimoireofgaia.subtitle.sharko_say		鲨人说话
grimoireofgaia	grimoireofgaia.subtitle.slime_girl_death		史莱姆娘死亡
grimoireofgaia	grimoireofgaia.subtitle.slime_girl_hurt		史莱姆娘受伤
grimoireofgaia	grimoireofgaia.subtitle.slime_girl_say		史莱姆娘说话
grimoireofgaia	grimoireofgaia.subtitle.toad_death		蟾蜍死亡
grimoireofgaia	grimoireofgaia.subtitle.toad_hurt		蟾蜍受伤
grimoireofgaia	grimoireofgaia.subtitle.toad_say		蟾蜍鸣叫
grimoireofgaia	grimoireofgaia.subtitle.trader_death		商人死亡
grimoireofgaia	grimoireofgaia.subtitle.trader_hurt		商人受伤
grimoireofgaia	grimoireofgaia.subtitle.trader_say		商人说话
grimoireofgaia	grimoireofgaia.subtitle.valkyrie_death		瓦尔基里死亡
grimoireofgaia	grimoireofgaia.subtitle.valkyrie_hurt		瓦尔基里受伤
grimoireofgaia	grimoireofgaia.subtitle.valkyrie_say		瓦尔基里说话
grimoireofgaia	info.grimoireofgaia.book.category.assist.desc		援助型生物通常在被激怒前是被动的。所以只要你不攻击它们，它们就不会攻击你。
grimoireofgaia	info.grimoireofgaia.book.category.assist.name		援助
grimoireofgaia	info.grimoireofgaia.book.category.hostile.desc		敌对型生物通常具有攻击性，会在看到你时立刻攻击。它们很危险，但被击杀后通常会掉落有用的组件。
grimoireofgaia	info.grimoireofgaia.book.category.hostile.name		敌对
grimoireofgaia	info.grimoireofgaia.book.drop.bag_arrows.info		它们死亡时可能掉落 $(item)密封箭袋$()，手持右键即可打开，随机获得一小叠取自 $(thing)缓慢$()、$(thing)瞬间伤害$()、$(thing)中毒$() 或 $(thing)虚弱$() 效果中的药水箭。
grimoireofgaia	info.grimoireofgaia.book.drop.bag_book.info		它们死亡时可能掉落 $(item)书袋$()。右键打开袋子即可获得一本随机的附魔书。
grimoireofgaia	info.grimoireofgaia.book.drop.bag_record.info		它们死亡时可能掉落 $(item)唱片盒$()。右键打开即可获得一张随机唱片。
grimoireofgaia	info.grimoireofgaia.book.drop.bone.info		它们死亡时可能掉落 $(item)骨头$()。
grimoireofgaia	info.grimoireofgaia.book.drop.book.info		它们死亡时可能掉落 $(item)书$()。
grimoireofgaia	info.grimoireofgaia.book.drop.book_of_memory.info		它们有较小概率掉落 $(item)记忆之书$()，使用后可获得 10 级经验。
grimoireofgaia	info.grimoireofgaia.book.drop.box_diamond.info		它们死亡时可能掉落 $(item)钻石盒$()，手持右键即可打开，随机获得一件钻石制成的工具、武器或护甲。它也可以在熔炉中烧炼成 $(item)结晶经验（大）$()。
grimoireofgaia	info.grimoireofgaia.book.drop.box_end.info		它们死亡时可能掉落 $(item)末影盒$()，手持右键即可打开，随机获得来自 $(item)末地$() 的方块。
grimoireofgaia	info.grimoireofgaia.book.drop.box_gold.info		它们死亡时可能掉落 $(item)金盒$()，手持右键即可打开，随机获得一件金制成的工具、武器或护甲。它也可以在熔炉中烧炼成 $(item)结晶经验（中）$()。
grimoireofgaia	info.grimoireofgaia.book.drop.box_iron.info		它们死亡时可能掉落 $(item)铁盒$()，手持右键即可打开，随机获得一件铁制成的工具、武器或护甲。它也可以在熔炉中烧炼成 $(item)结晶经验（小）$()。
grimoireofgaia	info.grimoireofgaia.book.drop.box_nether.info		它们死亡时可能掉落 $(item)下界盒$()，手持右键即可打开，获得通常出现在 $(thing)下界$() 中的战利品。
grimoireofgaia	info.grimoireofgaia.book.drop.box_overworld.info		它们死亡时可能掉落 $(item)主世界盒$()，手持右键即可打开，随机获得一种出现在 $(thing)主世界$() 中的矿物。
grimoireofgaia	info.grimoireofgaia.book.drop.brown_mushroom.info		它们死亡时可能掉落 $(item)棕色蘑菇$()。
grimoireofgaia	info.grimoireofgaia.book.drop.bust_minotaur.info		它们死亡时可能掉落 $(item)牛头怪半身像$()，可作为装饰方块放置。
grimoireofgaia	info.grimoireofgaia.book.drop.bust_sphinx.info		它们死亡时可能掉落 $(item)狮身人面像$()，可作为装饰方块放置。
grimoireofgaia	info.grimoireofgaia.book.drop.bust_valkyrie.info		它们死亡时可能掉落 $(item)瓦尔基里$()，可作为装饰方块放置。
grimoireofgaia	info.grimoireofgaia.book.drop.chest_desert.info		它们死亡时可能掉落 $(item)沙漠宝箱$()，手持右键即可打开，随机获得通常出现在 $(thing)沙漠神殿$() 宝箱中的战利品。
grimoireofgaia	info.grimoireofgaia.book.drop.chest_jungle.info		它们死亡时可能掉落 $(item)丛林宝箱$()，手持右键即可打开，随机获得通常出现在 $(thing)丛林神庙$() 宝箱中的战利品。
grimoireofgaia	info.grimoireofgaia.book.drop.cod.info		它们死亡时可能掉落 $(item)鱼$()，烹饪后是很好的食物来源，也可用于驯服 $(mob)豹猫$()
grimoireofgaia	info.grimoireofgaia.book.drop.dandelion.info		它们死亡时可能掉落 $(item)蒲公英$()。
grimoireofgaia	info.grimoireofgaia.book.drop.dark_oak_log.info		它们死亡时可能掉落一根随机的可燃原木。
grimoireofgaia	info.grimoireofgaia.book.drop.deco_garden_gnome.info		它们死亡时可能掉落 $(item)花园侏儒$()，可作为装饰方块放置。
grimoireofgaia	info.grimoireofgaia.book.drop.deco_mandragora_pot.info		它们死亡时可能掉落 $(item)曼德拉草花盆$()，可作为装饰方块放置。
grimoireofgaia	info.grimoireofgaia.book.drop.deco_nest_harpy.info		它们死亡时可能掉落 $(item)鹰身女妖巢$()，可作为装饰方块放置。
grimoireofgaia	info.grimoireofgaia.book.drop.diamond_shard.info		它们死亡时可能掉落 $(item)钻石碎片$()，可合成 $(item)钻石$()。
grimoireofgaia	info.grimoireofgaia.book.drop.doll_creeper_girl.info		它们死亡时可能掉落 $(item)苦力怕娘玩偶$()，可作为装饰方块放置。
grimoireofgaia	info.grimoireofgaia.book.drop.doll_dryad.info		它们死亡时可能掉落 $(item)树妖玩偶$()，可作为装饰方块放置。
grimoireofgaia	info.grimoireofgaia.book.drop.doll_dullahan.info		它们死亡时可能掉落 $(item)无头骑士玩偶$()，可作为装饰方块放置。
grimoireofgaia	info.grimoireofgaia.book.drop.doll_ender_girl.info		它们死亡时可能掉落 $(item)末影娘玩偶$()，可作为装饰方块放置。
grimoireofgaia	info.grimoireofgaia.book.drop.doll_nine_tails.info		它们死亡时可能掉落 $(item)九尾玩偶$()，可作为装饰方块放置。
grimoireofgaia	info.grimoireofgaia.book.drop.doll_slime_girl.info		它们死亡时可能掉落 $(item)史莱姆娘玩偶$()，可作为装饰方块放置。
grimoireofgaia	info.grimoireofgaia.book.drop.elytra_fragment.info		它们死亡时可能掉落 $(item)鞘翅碎片$()，可合成一个 $(item)鞘翅$()。
grimoireofgaia	info.grimoireofgaia.book.drop.emerald_shard.info		它们死亡时可能掉落 $(item)绿宝石碎片$()，可合成 $(item)绿宝石$()。
grimoireofgaia	info.grimoireofgaia.book.drop.enchanted_book.info		它们死亡时可能掉落一本 $(item)附魔书$()。
grimoireofgaia	info.grimoireofgaia.book.drop.ender_pearl.info		它们死亡时可能掉落 $(item)末影珍珠$()。
grimoireofgaia	info.grimoireofgaia.book.drop.fan_fire.info		它们有较小概率掉落一把 $(item)华丽火焰扇$()，这是一件带有 $(thing)火焰附加 II$() 附魔的魔法近战武器，命中时可造成 $(thing)击退 I$()。
grimoireofgaia	info.grimoireofgaia.book.drop.fan_ice.info		它们有较小概率掉落一把 $(item)华丽寒冰扇$()，这是一件带有 $(thing)击退 II$() 附魔的魔法近战武器，命中时可造成 $(thing)缓慢 IV$()。
grimoireofgaia	info.grimoireofgaia.book.drop.feather.info		它们死亡时可能掉落 $(item)羽毛()。
grimoireofgaia	info.grimoireofgaia.book.drop.fireshard.info		它们死亡时可能掉落 $(item)火碎片$()，右键可放置岩浆
grimoireofgaia	info.grimoireofgaia.book.drop.fur.info		它们死亡时可能掉落 $(item)毛皮$()，可在熔炉中烧炼成 $(item)皮革$()。
grimoireofgaia	info.grimoireofgaia.book.drop.glowstone_dust.info		它们死亡时可能掉落 $(item)荧石粉$()，可合成一个 $(item)荧石$()。
grimoireofgaia	info.grimoireofgaia.book.drop.gold_nugget.info		它们死亡时可能掉落 $(item)金粒$()，可合成 $(item)金锭$()。
grimoireofgaia	info.grimoireofgaia.book.drop.golden_apple_pie_slice.info		它们死亡时可能掉落 $(item)金苹果派切片$()，食用后可为玩家提供与食用 $(item)金苹果$() 相同的增益。
grimoireofgaia	info.grimoireofgaia.book.drop.green_dye.info		它们死亡时可能掉落 $(item)绿色染料$()。
grimoireofgaia	info.grimoireofgaia.book.drop.heavy_barbell.info		它们死亡时可能掉落一件 $(item)沉重杠铃$()，这是一件佩戴后会让你变慢的饰品。
grimoireofgaia	info.grimoireofgaia.book.drop.honeydew.info		它们死亡时可能掉落 $(item)蜜瓜$()。这是不错的食物来源，并可提供 20%% 的速度与急迫增益，持续 10 秒。
grimoireofgaia	info.grimoireofgaia.book.drop.iron_nugget.info		它们死亡时可能掉落 $(item)铁粒$()，可合成 $(item)铁锭$()。
grimoireofgaia	info.grimoireofgaia.book.drop.knuckles.info		它们死亡时可能掉落 $(item)指虎$()，这是一件能提升你伤害的饰品。
grimoireofgaia	info.grimoireofgaia.book.drop.lapis_block.info		它们死亡时可能掉落一个 $(item)青金石块$()。
grimoireofgaia	info.grimoireofgaia.book.drop.lapis_lazuli.info		它们死亡时可能掉落 $(item)青金石$()。
grimoireofgaia	info.grimoireofgaia.book.drop.leather.info		它们死亡时可能掉落 $(item)皮革$()。
grimoireofgaia	info.grimoireofgaia.book.drop.mandrake.info		它们死亡时可能掉落一个 $(item)曼德拉草根$()。
grimoireofgaia	info.grimoireofgaia.book.drop.meat.info		它们死亡时可能掉落 $(item)肉$()，是不错的食物来源。
grimoireofgaia	info.grimoireofgaia.book.drop.minotaur_hammer.info		它们死亡时可能掉落一把 $(item)牛头怪战锤$()，这是一件类似斧的武器，但因更重而更慢。
grimoireofgaia	info.grimoireofgaia.book.drop.nether_wart_jam.info		它们死亡时可能掉落 $(item)下界疣果酱$()。这是中等的食物来源，并可提供 40%% 的 $(thing)速度$() 与 $(thing)急迫$() 效果，持续 30 秒。
grimoireofgaia	info.grimoireofgaia.book.drop.oak_log.info		它们死亡时可能掉落一根 $(item)橡木原木$()。
grimoireofgaia	info.grimoireofgaia.book.drop.paper.info		它们死亡时可能掉落 $(item)纸$()。
grimoireofgaia	info.grimoireofgaia.book.drop.poppy.info		它们死亡时可能掉落一朵 $(item)虞美人$()。
grimoireofgaia	info.grimoireofgaia.book.drop.premium_monster_feed.info		它们死亡时可能掉落 $(item)高级怪物饲料$()。此物品可用于驯服任何来自 $(thing)盖亚魔典$() 的援助生物。被驯服后，它们的行为将类似原版的 $(mob)铁傀儡$()。
grimoireofgaia	info.grimoireofgaia.book.drop.prismarine_shard.info		它们死亡时可能掉落 $(item)海晶碎片$()，主要用于制作 $(item)海晶石$()。
grimoireofgaia	info.grimoireofgaia.book.drop.quartz.info		它们死亡时可能掉落 $(item)石英$()，可合成一个 $(item)石英块$()。
grimoireofgaia	info.grimoireofgaia.book.drop.red_mushroom.info		它们死亡时可能掉落 $(item)棕色蘑菇$()。
grimoireofgaia	info.grimoireofgaia.book.drop.redstone.info		它们死亡时可能掉落 $(item)红石$()。
grimoireofgaia	info.grimoireofgaia.book.drop.redstone_block.info		它们死亡时可能掉落一个 $(item)红石块$()。
grimoireofgaia	info.grimoireofgaia.book.drop.ring_of_haste.info		它们死亡时可能掉落一枚 $(item)急迫之戒$()，这是一件佩戴后赋予急迫效果的饰品。
grimoireofgaia	info.grimoireofgaia.book.drop.ring_of_jump.info		它们死亡时可能掉落一枚 $(item)跳跃之戒$()，这是一件佩戴后赋予跳跃提升效果的饰品。
grimoireofgaia	info.grimoireofgaia.book.drop.ring_of_night.info		它们死亡时可能掉落一枚 $(item)夜视之戒$()，这是一件佩戴后赋予夜视效果的饰品。
grimoireofgaia	info.grimoireofgaia.book.drop.ring_of_speed.info		它们死亡时可能掉落一枚 $(item)速度之戒$()，这是一件佩戴后赋予速度效果的饰品。
grimoireofgaia	info.grimoireofgaia.book.drop.rotten_flesh.info		它们死亡时可能掉落 $(item)腐肉$()。
grimoireofgaia	info.grimoireofgaia.book.drop.rotten_heart.info		它们死亡时可能掉落 $(item)腐烂之心$()，可作为不错的食物来源食用，还能获得 $(thing)生命恢复$() 药水效果。但食用时可能使玩家陷入 $(thing)饥饿$()。
grimoireofgaia	info.grimoireofgaia.book.drop.shiny_pearl.info		它们死亡时可能掉落 $(item)闪亮珍珠$()，可合成一个 $(item)珍珠块$()。
grimoireofgaia	info.grimoireofgaia.book.drop.skeleton_skull.info		它们死亡时可能掉落一个 $(item)骷髅头$()。
grimoireofgaia	info.grimoireofgaia.book.drop.slime_ball.info		它们死亡时可能掉落 $(item)黏液球$()，可用于合成诸如 $(item)黏性活塞$()、$(item)拴绳$() 等多种物品。
grimoireofgaia	info.grimoireofgaia.book.drop.soulfire.info		它们死亡时可能掉落 $(item)灵魂火$()。这是极佳的燃料来源，可燃烧 580 秒。也可像 $(item)打火石$() 一样用于点火。
grimoireofgaia	info.grimoireofgaia.book.drop.spawn_creeper_girl.info		它们死亡时可能掉落一个 $(item)苦力怕娘刷怪蛋$()。此物品可用于为玩家生成一只被动的 $(mob)商人$() 援助生物。
grimoireofgaia	info.grimoireofgaia.book.drop.spawn_ender_girl.info		它们死亡时可能掉落一个 $(item)末影娘刷怪蛋$()。此物品可用于为玩家生成一只被动的 $(mob)商人$() 援助生物。
grimoireofgaia	info.grimoireofgaia.book.drop.spawn_slime_girl.info		它们死亡时可能掉落一个 $(item)史莱姆刷怪蛋$()。此物品可用于为玩家生成一只被动的 $(mob)商人$() 援助生物。
grimoireofgaia	info.grimoireofgaia.book.drop.spawn_trader.info		它们死亡时可能掉落一个 $(item)商人刷怪蛋$()。此物品可用于为玩家生成一只被动的 $(mob)商人$() 援助生物。
grimoireofgaia	info.grimoireofgaia.book.drop.stone_coal.info		它们死亡时可能掉落 $(item)石煤$()。可在熔炉中作为中等的燃料来源使用。
grimoireofgaia	info.grimoireofgaia.book.drop.taproot.info		它们死亡时可能掉落 $(item)主根$()。这是微不足道的食物来源，但食用时可移除负面状态效果。
grimoireofgaia	info.grimoireofgaia.book.drop.totem_of_undying_fragment.info		它们死亡时可能掉落 $(item)图腾碎片$()，可合成一个 $(item)不死图腾$()。
grimoireofgaia	info.grimoireofgaia.book.drop.weapon_book.info		它们有较小概率掉落一本 $(item)书$()，这是一本被武器化的书。
grimoireofgaia	info.grimoireofgaia.book.drop.weapon_book_battle.info		它们有较小概率掉落一本 $(item)战斗之书$()，可在近战命中时使敌人陷入 $(thing)虚弱$()。
grimoireofgaia	info.grimoireofgaia.book.drop.weapon_book_buff.info		它们有较小概率掉落一本 $(item)战斗手册$()，这是一件魔法物品，可用于为玩家提供一分钟的 $(thing)力量$() 与 $(thing)抗性提升$() 药水效果，以及一段短时的 $(thing)生命恢复$() 效果。
grimoireofgaia	info.grimoireofgaia.book.drop.weapon_book_ender.info		它们有较小概率掉落一本 $(item)末影之书$()，右键可射出一颗 $(thing)末影珍珠$()。
grimoireofgaia	info.grimoireofgaia.book.drop.weapon_book_hunger.info		它们有较小概率掉落一本 $(item)饥饿之书$()，可在近战命中时使敌人陷入 $(thing)饥饿$()。
grimoireofgaia	info.grimoireofgaia.book.drop.weapon_book_metal.info		它们有较小概率掉落一本 $(item)金属之书$()，可在近战命中时使敌人陷入 $(thing)反胃$()。
grimoireofgaia	info.grimoireofgaia.book.drop.weapon_book_nature.info		它们有较小概率掉落一本 $(item)自然之书$()，这是一件魔法远程武器，射出的弹射物命中时可造成 $(thing)中毒$()。
grimoireofgaia	info.grimoireofgaia.book.drop.weapon_book_nightmare.info		它们有较小概率掉落一本 $(item)梦魇之书$()，可在近战命中时使敌人陷入 $(thing)挖掘疲劳$()。
grimoireofgaia	info.grimoireofgaia.book.drop.withered_brain.info		它们死亡时可能掉落 $(item)凋零之脑$()，可作为不错的食物来源食用。但食用时会使玩家陷入 $(thing)凋零$()。
grimoireofgaia	info.grimoireofgaia.book.drop.zombie_head.info		它们死亡时可能掉落一个 $(item)僵尸头$()。
grimoireofgaia	info.grimoireofgaia.book.entry.ant.info		$(mob)工蚁$()是一种生成于 $(thing)主世界$() 沙漠地下的怪物。它对火焰与中毒伤害具有抗性。作为节肢动物，它易受 $(thing)节肢杀手$() 的影响。它可能手持各种木制武器生成，并会在看到玩家时立刻攻击。战斗中，它可能对玩家施加 $(thing)缓慢$() 或 $(thing)挖掘疲劳$() 效果，并可能逃跑以恢复生命。
grimoireofgaia	info.grimoireofgaia.book.entry.ant.info2		$(li)40 生命值$()$(li)4 护甲值$()$(li)8 伤害$()
grimoireofgaia	info.grimoireofgaia.book.entry.ant.name		工蚁
grimoireofgaia	info.grimoireofgaia.book.entry.ant_salvager.info		$(mob)拾荒蚁$()是一种生成于 $(thing)主世界$() 沙漠沙土中的怪物。它对火焰具有抗性，且免疫中毒与击退。$(mob)蚁族游侠$() 完全无法移动。它以投掷弹射物的方式远程攻击玩家。它可能对目标施加 $(thing)中毒$() 效果，并在玩家靠得太近时隐身。破坏它下方的方块即可将其消灭。
grimoireofgaia	info.grimoireofgaia.book.entry.ant_salvager.info2		$(li)40 生命值$()$(li)4 护甲值$()$(li)8 伤害$()
grimoireofgaia	info.grimoireofgaia.book.entry.ant_salvager.name		拾荒蚁
grimoireofgaia	info.grimoireofgaia.book.entry.anubis.info		$(mob)阿努比斯$()是一种生成于 $(thing)主世界$() 沙漠地表的类人怪物。它对火焰具有抗性。$(mob)阿努比斯$() 会在看到玩家时立刻以近战与远程混合攻击，并可能对目标施加 $(thing)缓慢$() 或 $(thing)失明$() 效果。战斗中，它最多可生成 2 只戴着头饰的 $(mob)骷髅$()，并为召唤出的 $(mob)骷髅$() 赋予 $(thing)抗性提升$() 效果。
grimoireofgaia	info.grimoireofgaia.book.entry.anubis.info2		$(li)80 生命值$()$(li)8 护甲值$()$(li)12 伤害$()
grimoireofgaia	info.grimoireofgaia.book.entry.anubis.name		阿努比斯
grimoireofgaia	info.grimoireofgaia.book.entry.arachne.info		$(mob)阿拉克涅$()是一种生成于 $(thing)主世界$() 黑暗处的怪物。它免疫 $(thing)中毒$()，可无阻地穿过蛛网，并能攀爬墙壁。它以远程攻击进攻玩家，并在生命值低于 50%% 时切换为近战。它的攻击可能施加 $(thing)中毒$() 效果，并会试图用蛛网缠住目标。$(mob)阿拉克涅$() 最多可生成 2 只带有 $(thing)抗性提升$() 效果的 $(mob)洞穴蜘蛛$()。
grimoireofgaia	info.grimoireofgaia.book.entry.arachne.info2		$(li)40 生命值$()$(li)4 护甲值$()$(li)8 伤害$()
grimoireofgaia	info.grimoireofgaia.book.entry.arachne.name		阿拉克涅
grimoireofgaia	info.grimoireofgaia.book.entry.banshee.info		$(mob)报丧女妖$()是一种生成于 $(thing)主世界$() 山地与针叶林地表的飞行怪物。它免疫火焰与摔落伤害，并可无阻地穿过方块。$(mob)报丧女妖$() 属于亡灵，因此会在阳光下燃烧。$(mob)报丧女妖$() 会在看到玩家时立刻以俯冲近战发起攻击。
grimoireofgaia	info.grimoireofgaia.book.entry.banshee.info2		$(li)80 生命值$()$(li)8 护甲值$()$(li)12 伤害$()
grimoireofgaia	info.grimoireofgaia.book.entry.banshee.name		报丧女妖
grimoireofgaia	info.grimoireofgaia.book.entry.bee.info		$(mob)蜜蜂$()是一种生成于 $(thing)主世界$() 的飞行生物。它免疫 $(thing)中毒$() 与摔落伤害。若被激怒，$(thing)蜜蜂$() 会先以远程攻击反击，随后跃入近战，其攻击带有强力击退。攻击一只 $(mob)蜜蜂$() 会激怒周围所有同类，类似 $(mob)僵尸猪人$()。
grimoireofgaia	info.grimoireofgaia.book.entry.bee.info2		$(li)40 生命值$()$(li)4 护甲值$()$(li)8 伤害$()
grimoireofgaia	info.grimoireofgaia.book.entry.bee.name		蜜蜂
grimoireofgaia	info.grimoireofgaia.book.entry.behender.info		$(mob)贝汉德$()是一种生成于 $(thing)末地$() 的飞行怪物。它会在看到玩家时立刻攻击，并对其施加随机的负面药水效果。它对击退具有抗性，并能在玩家靠近以近战攻击时传送，类似 $(mob)末影人$()。它免疫摔落伤害。当生命值降至 50%% 或更低时，$(mob)贝汉德$() 会为自己张开护盾，抵御远程攻击。
grimoireofgaia	info.grimoireofgaia.book.entry.behender.info2		$(li)80 生命值$()$(li)6 护甲值$()$(li)12 伤害$()
grimoireofgaia	info.grimoireofgaia.book.entry.behender.name		贝汉德
grimoireofgaia	info.grimoireofgaia.book.entry.bone_knight.info		$(mob)白骨骑士$()是一种生成于 $(thing)主世界$() 的怪物。作为亡灵，它易受阳光与 $(thing)亡灵杀手$() 附魔的伤害。$(mob)白骨骑士$() 免疫远程攻击，有时还能抵抗攻击带来的击退。$(mob)白骨骑士$() 会在看到玩家时立刻攻击，其攻击会对目标施加 $(thing)缓慢$() 和 $(thing)挖掘疲劳$(thing)。
grimoireofgaia	info.grimoireofgaia.book.entry.bone_knight.info2		$(li)80 生命值$()$(li)8 护甲值$()$(li)12 伤害$()
grimoireofgaia	info.grimoireofgaia.book.entry.bone_knight.name		白骨骑士
grimoireofgaia	info.grimoireofgaia.book.entry.cecaelia.info		$(mob)塞卡莉亚$()是一种生成于 $(thing)主世界$() 海洋地下的怪物。它免疫火焰与溺水，并能在水中自由移动。$(mob)塞卡莉亚$() 会在看到玩家时立刻攻击，并能在远程与近战攻击间切换，这些攻击会对目标施加 $(thing)挖掘疲劳$() 效果。在水下时，$(mob)塞卡莉亚$() 会获得 $(thing)抗性提升$() 与 $(thing)生命恢复$() 效果。
grimoireofgaia	info.grimoireofgaia.book.entry.cecaelia.info2		$(li)40 生命值$()$(li)4 护甲值$()$(li)8 伤害$()
grimoireofgaia	info.grimoireofgaia.book.entry.cecaelia.name		塞卡莉亚
grimoireofgaia	info.grimoireofgaia.book.entry.centaur.info		$(mob)半人马$()生成于 $(thing)主世界$()。若被激怒，$(mob)半人马$() 会以带有 $(thing)中毒$() 与 $(thing)虚弱$() 的箭矢远程反击。攻击一只 $(mob)半人马$() 会激怒周围所有同类，类似 $(mob)僵尸猪人$()。当 $(mob)半人马$() 生命值降至 25%% 时，它们会逃跑并恢复生命，随后重新发起攻击。
grimoireofgaia	info.grimoireofgaia.book.entry.centaur.info2		$(li)40 生命值$()$(li)4 护甲值$()$(li)8 伤害$()
grimoireofgaia	info.grimoireofgaia.book.entry.centaur.name		半人马
grimoireofgaia	info.grimoireofgaia.book.entry.cobble_golem.info		$(mob)鹅卵石傀儡$()生成于 $(thing)主世界$() 的丛林。它免疫 $(thing)中毒$()、火焰与击退，但易受镐类攻击与溺水的伤害。$(mob)鹅卵石傀儡$() 会以近战攻击敌对生物，并偶尔将目标从身边抛飞。
grimoireofgaia	info.grimoireofgaia.book.entry.cobble_golem.info2		$(li)40 生命值$()$(li)4 护甲值$()$(li)7-21 伤害$()
grimoireofgaia	info.grimoireofgaia.book.entry.cobble_golem.name		鹅卵石傀儡
grimoireofgaia	info.grimoireofgaia.book.entry.cobblestone_golem.info		$(mob)圆石傀儡$()生成于 $(thing)主世界$() 的丛林。与 $(mob)鹅卵石傀儡$() 相似但稍强，它免疫 $(thing)中毒$()、$(thing)火焰$() 与 $(thing)击退$()，但易受镐类攻击与溺水的伤害。$(mob)圆石傀儡$() 会以近战攻击敌对生物，并偶尔将目标从自身身边抛飞。除非被激怒，否则它不会主动攻击。
grimoireofgaia	info.grimoireofgaia.book.entry.cobblestone_golem.info2		$(li)80 生命值$()$(li)8 护甲值$()$(li)7-21 伤害$()
grimoireofgaia	info.grimoireofgaia.book.entry.cobblestone_golem.name		圆石傀儡
grimoireofgaia	info.grimoireofgaia.book.entry.creep.info		$(mob)潜伏怪$()是一种生成于 $(thing)主世界$() 的怪物。它会在看到玩家时悄悄接近，随后自爆，类似 $(mob)苦力怕$()。此外，除非与玩家相距 8 格以内，$(mob)潜伏怪$() 是隐形的。
grimoireofgaia	info.grimoireofgaia.book.entry.creep.info2		$(li)40 生命值$()$(li)4 护甲值$()$(li)8 伤害$()
grimoireofgaia	info.grimoireofgaia.book.entry.creep.name		潜伏怪
grimoireofgaia	info.grimoireofgaia.book.entry.creeper_girl.info		$(mob)苦力怕娘$()是一种可从 $(thing)苦力怕娘刷怪蛋$() 生成的生物。它被攻击时会逃跑，但可以以 $(item)火药$() 交换各种物品，类似 $(mob)村民$()。
grimoireofgaia	info.grimoireofgaia.book.entry.creeper_girl.info2		$(li)40 生命值$()
grimoireofgaia	info.grimoireofgaia.book.entry.creeper_girl.name		苦力怕娘
grimoireofgaia	info.grimoireofgaia.book.entry.cyan_flower.info		$(mob)青色花$()是一种生成于 $(thing)主世界$() 草地区域的被动生物。当玩家靠近或被攻击时，它可能掉落花朵，或变成一株 $(l:hostile/mandragora)$(mob)曼德拉草$()。
grimoireofgaia	info.grimoireofgaia.book.entry.cyan_flower.info2		$(li)1 生命值$()
grimoireofgaia	info.grimoireofgaia.book.entry.cyan_flower.info3		若在被激怒时没有变成一株 $(l:hostile/mandragora)$(mob)曼德拉草$()，$(mob)青色花$() 死亡时可能掉落 $(item)花朵$()。
grimoireofgaia	info.grimoireofgaia.book.entry.cyan_flower.name		青色花
grimoireofgaia	info.grimoireofgaia.book.entry.cyclops.info		$(mob)独眼巨人$()生成于 $(thing)主世界$() 针叶林生物群系的地表。若被激怒，$(mob)独眼巨人$() 会使用施加 $(thing)缓慢$() 效果的近战攻击。战斗中生命值低于 25%% 时，她会获得 $(thing)速度$() 效果。
grimoireofgaia	info.grimoireofgaia.book.entry.cyclops.info2		$(li)40 生命值$()$(li)4 护甲值$()$(li)8 伤害$()
grimoireofgaia	info.grimoireofgaia.book.entry.cyclops.name		独眼巨人
grimoireofgaia	info.grimoireofgaia.book.entry.deathword.info		$(mob)亡语之书$()是一种生成于 $(thing)主世界$() 夜间地下的飞行怪物。它易受火焰伤害，但免疫摔落伤害。它会在看到玩家时立刻攻击，最多召唤 4 只 $(mob)骷髅$() 或 $(mob)僵尸$() 作为仆从。当它无法再召唤仆从时，会近距离缠住目标，投掷纸张。
grimoireofgaia	info.grimoireofgaia.book.entry.deathword.info2		$(li)40 生命值$()$(li)4 护甲值$()$(li)8 伤害$()
grimoireofgaia	info.grimoireofgaia.book.entry.deathword.name		亡语之书
grimoireofgaia	info.grimoireofgaia.book.entry.dryad.info		$(mob)树妖$()生成于 $(thing)主世界$() 的森林生物群系，白天出现。它易受斧与火焰的伤害。若被激怒，$(mob)树妖$() 会以较弱的近战攻击反击。攻击一只 $(mob)树妖$() 会激怒附近的同类，类似 $(mob)僵尸猪人$()。当 $(mob)树妖$() 生命值降至 25%% 时，它会逃跑以治疗。在水中时，它每 10 秒恢复 10%% 的生命值，并获得 $(thing)抗性提升$()。
grimoireofgaia	info.grimoireofgaia.book.entry.dryad.info2		$(li)80 生命值$()$(li)6 护甲值$()$(li)12 伤害$()
grimoireofgaia	info.grimoireofgaia.book.entry.dryad.name		树妖
grimoireofgaia	info.grimoireofgaia.book.entry.dullahan.info		$(mob)无头骑士$()是一种生成于 $(thing)主世界$() 山地生物群系地表、夜间出现的怪物。她易受金质装备、武器与工具的伤害。$(mob)无头骑士$() 会在看到玩家时立刻以施加 $(thing)缓慢$() 效果的近战攻击发起攻击。
grimoireofgaia	info.grimoireofgaia.book.entry.dullahan.info2		$(li)40 生命值$()$(li)4 护甲值$()$(li)8 伤害$()
grimoireofgaia	info.grimoireofgaia.book.entry.dullahan.name		无头骑士
grimoireofgaia	info.grimoireofgaia.book.entry.dwarf.info2		$(li)80 生命值$()$(li)8 护甲值$()$(li)12 伤害$()
grimoireofgaia	info.grimoireofgaia.book.entry.dwarf.name		矮人
grimoireofgaia	info.grimoireofgaia.book.entry.ender_dragon_girl.info		$(mob)末影龙娘$()生成于 $(thing)末地$()。与 $(mob)末影人$() 一样，她易受水的伤害，免疫摔落伤害与蛛网效果，并会在战斗中传送。虽然通常是被动的，但若被攻击，或附近的 $(mob)末影人$() 被激怒，她也会反击。
grimoireofgaia	info.grimoireofgaia.book.entry.ender_dragon_girl.info2		$(li)80 生命值$()$(li)8 护甲值$()$(li)12 伤害$()
grimoireofgaia	info.grimoireofgaia.book.entry.ender_dragon_girl.name		末影龙娘
grimoireofgaia	info.grimoireofgaia.book.entry.ender_eye.info		$(mob)末影之眼$()是一种中立飞行怪物，生成于 $(thing)主世界$() 的黑暗处以及夜间的地表。它免疫摔落伤害与蛛网效果。与 $(mob)末影人$() 类似，除非玩家与它对视，否则 $(mob)末影之眼$() 是被动的；一旦对视，它会立刻攻击玩家。作为末地生物，它易受水的伤害，并会在战斗中传送。
grimoireofgaia	info.grimoireofgaia.book.entry.ender_eye.info2		$(li)40 生命值$()$(li)4 护甲值$()$(li)8 伤害$()
grimoireofgaia	info.grimoireofgaia.book.entry.ender_eye.name		末影之眼
grimoireofgaia	info.grimoireofgaia.book.entry.ender_girl.info		$(mob)末影娘$()是一种可从 $(thing)末影娘刷怪蛋$() 生成的援助生物。它被攻击时会逃跑，但可以以 $(item)末影珍珠$() 交换各种物品，类似 $(mob)村民$()。
grimoireofgaia	info.grimoireofgaia.book.entry.ender_girl.info2		$(li)40 生命值$()
grimoireofgaia	info.grimoireofgaia.book.entry.ender_girl.name		末影娘
grimoireofgaia	info.grimoireofgaia.book.entry.flesh_lich.info		$(mob)血肉巫妖$()是一种生成于 $(thing)主世界$() 夜间深处地下的怪物。它会在看到玩家时立刻以远程火球攻击。虽然它是亡灵，因而易受 $(thing)亡灵杀手$() 附魔与阳光的伤害，但 $(mob)血肉巫妖$() 对火焰具有抗性。
grimoireofgaia	info.grimoireofgaia.book.entry.flesh_lich.info2		$(li)80 生命值$()$(li)8 护甲值$()$(li)12 伤害$()
grimoireofgaia	info.grimoireofgaia.book.entry.flesh_lich.name		血肉巫妖
grimoireofgaia	info.grimoireofgaia.book.entry.gelatinous_slime.info		$(mob)凝胶史莱姆$()是一种不会自然生成的怪物。它会在看到玩家时立刻以会造成 $(thing)中毒$() 的攻击发起攻击。它免疫 $(thing)中毒$()、火焰与击退。它不会游泳，并会避开水。它能够从玩家那里窃取物品，并吸收射向它的箭矢，将其消耗以每件物品恢复自身 10%% 的生命值。此外，$(mob)凝胶史莱姆$() 会对附近所有生物施加 $(thing)缓慢 II$()。
grimoireofgaia	info.grimoireofgaia.book.entry.gelatinous_slime.info2		$(li)80 生命值$()$(li)6 护甲值$()$(li)12 伤害$()
grimoireofgaia	info.grimoireofgaia.book.entry.gelatinous_slime.name		凝胶史莱姆
grimoireofgaia	info.grimoireofgaia.book.entry.goblin.info		$(mob)哥布林$()生成于 $(thing)主世界$() 的热带草原地表。若被激怒，$(mob)哥布林$() 会进行近战。$(mob)哥布林$() 可能手持木制武器生成，偶尔会有 $(mob)哥布林$() 以 $(mob)哥布林投弹手$() 的形式生成，装备火药桶与 $(item)炸弹$()，并在战斗中从中等距离投掷以攻击。
grimoireofgaia	info.grimoireofgaia.book.entry.goblin.info2		$(li)40 生命值$()$(li)3-6 伤害$()
grimoireofgaia	info.grimoireofgaia.book.entry.goblin.name		哥布林
grimoireofgaia	info.grimoireofgaia.book.entry.goblin_feral.info		$(mob)野性哥布林$()是一种不会自然生成的怪物。它会在看到玩家时立刻以会造成 $(thing)中毒$() 的攻击发起攻击。它免疫 $(thing)中毒$()、火焰与击退。它不会游泳，并会避开水。它能够从玩家那里窃取物品，并吸收射向它的箭矢，将其消耗以每件物品恢复自身 10%% 的生命值。此外，$(mob)凝胶史莱姆$() 会对附近所有生物施加 $(thing)缓慢 II$()。
grimoireofgaia	info.grimoireofgaia.book.entry.goblin_feral.info2		$(li)20 生命值$()$(li)4 护甲值$()$(li)4 伤害$()
grimoireofgaia	info.grimoireofgaia.book.entry.goblin_feral.name		野性哥布林
grimoireofgaia	info.grimoireofgaia.book.entry.gravemite.info		$(mob)坟螨$()是一种由 $(l:hostile/mummy)$(mob)木乃伊$() 在战斗中召唤的怪物。它会在看到玩家时立刻以简单的近战攻击发起攻击。
grimoireofgaia	info.grimoireofgaia.book.entry.gravemite.info2		$(li)1 生命值$()$(li)1 伤害$()
grimoireofgaia	info.grimoireofgaia.book.entry.gravemite.name		坟螨
grimoireofgaia	info.grimoireofgaia.book.entry.gryphon.info		$(mob)狮鹫$()是一种生成于 $(thing)主世界$() 山地生物群系、白天出现的飞行动物。它免疫摔落伤害。若被激怒，$(mob)狮鹫$() 会以带有强力击退的跃击近战发起攻击，接触时施加 $(thing)缓慢$()。
grimoireofgaia	info.grimoireofgaia.book.entry.gryphon.info2		$(li)40 生命值$()$(li)4 护甲值$()$(li)8 伤害$()
grimoireofgaia	info.grimoireofgaia.book.entry.gryphon.name		狮鹫
grimoireofgaia	info.grimoireofgaia.book.entry.harpy.info		$(mob)鹰身女妖$()是一种生成于 $(thing)主世界$() 平原与恶地生物群系的怪物。它免疫摔落伤害，并在生命值低于 25%% 时可能逃跑。它会在看到玩家时立刻以带有强力击退的跃击近战发起攻击，并对目标施加 $(thing)缓慢$()。
grimoireofgaia	info.grimoireofgaia.book.entry.harpy.info2		$(li)40 生命值$()$(li)4 护甲值$()$(li)8 伤害$()
grimoireofgaia	info.grimoireofgaia.book.entry.harpy.name		鹰身女妖
grimoireofgaia	info.grimoireofgaia.book.entry.hunter.info		$(mob)猎人$()生成于 $(thing)主世界$()。若被激怒，$(mob)猎人$() 会以带有 $(thing)中毒$() 的箭矢远程反击。当与攻击者距离很近时，$(mob)猎人$() 会切换为近战攻击，并获得 $(thing)速度$() 效果。
grimoireofgaia	info.grimoireofgaia.book.entry.hunter.info2		$(li)40 生命值$()$(li)4 护甲值$()$(li)8 伤害$()
grimoireofgaia	info.grimoireofgaia.book.entry.hunter.name		猎人
grimoireofgaia	info.grimoireofgaia.book.entry.kobold.info		$(mob)狗头人$()是一种生成于 $(thing)主世界$() 冰原的怪物。它会在看到玩家时立刻以带有 $(thing)缓慢$() 或 $(thing)虚弱$() 的箭矢远程攻击。当与目标距离很近时，$(mob)狗头人$() 会切换为近战攻击，并获得 $(thing)速度$() 效果。
grimoireofgaia	info.grimoireofgaia.book.entry.kobold.info2		$(li)40 生命值$()$(li)4 护甲值$()$(li)8 伤害$()
grimoireofgaia	info.grimoireofgaia.book.entry.kobold.name		狗头人
grimoireofgaia	info.grimoireofgaia.book.entry.mandragora.info		$(mob)曼德拉草$()是一种在玩家攻击 $(l:hostile/cyan_flower)$(mob)青色花$() 时生成的怪物。它免疫 $(thing)中毒$() 与击退，但易受火焰与锹的伤害。除非玩家攻击该 $(mob)曼德拉草$() 或生成它的 $(mob)青色花$()，否则它是被动的；一旦如此，它会以近战攻击反击，同时在光环中施加多种药水效果，包括 $(thing)缓慢$()、$t(thing)夜视$() 和 $(thing)反胃$()。
grimoireofgaia	info.grimoireofgaia.book.entry.mandragora.info2		$(li)40 生命值$()$(li)4 护甲值$()$(li)8 伤害$()
grimoireofgaia	info.grimoireofgaia.book.entry.mandragora.name		曼德拉草
grimoireofgaia	info.grimoireofgaia.book.entry.matango.info		$(mob)蘑菇人$()是一种生成于 $(thing)主世界$() 黑森林地表的类人怪物。它免疫中毒与击退，但易受火焰与斧的伤害。$(mob)蘑菇人$() 会在看到玩家时立刻以近战与远程混合攻击，并可能对目标施加 $(thing)反胃$() 效果。战斗中，它最多可生成 5 只 $(mob)孢子幼体$()。
grimoireofgaia	info.grimoireofgaia.book.entry.matango.info2		$(li)40 生命值$()$(li)4 护甲值$()$(li)8 伤害$()
grimoireofgaia	info.grimoireofgaia.book.entry.matango.name		蘑菇人
grimoireofgaia	info.grimoireofgaia.book.entry.mermaid.info		$(mob)美人鱼$()是一种生成于 $(thing)主世界$() 海洋的游泳生物。它免疫溺水与远程攻击，可在水中无阻移动，并对火焰具有抗性。在水中时，它获得 $(thing)抗性提升$() 效果，并每 5 秒恢复 10%% 的生命值。若被激怒，$(mob)美人鱼$() 会以施加 $(thing)挖掘疲劳$() 与 $(thing)缓慢$() 效果的近战攻击发起攻击。
grimoireofgaia	info.grimoireofgaia.book.entry.mermaid.info2		$(li)80 生命值$()$(li)8 护甲值$()$(li)12 伤害$()
grimoireofgaia	info.grimoireofgaia.book.entry.mermaid.name		美人鱼
grimoireofgaia	info.grimoireofgaia.book.entry.mimic.info		$(mob)宝箱怪$()是一种伪装成箱子、生成于 $(thing)主世界$() 地下的怪物。它免疫摔落伤害与击退，但易受火焰伤害。空闲时，它可能窃取附近的物品并将其消耗以恢复自身 20%% 的生命值，但被盗物品无法取回。被激怒时，它会以近战攻击发起攻击，施加持续 30 秒的 $(thing)饥饿$() 负面效果。
grimoireofgaia	info.grimoireofgaia.book.entry.mimic.info2		$(li)40 生命值$()$(li)4 护甲值$()$(li)8 伤害$()
grimoireofgaia	info.grimoireofgaia.book.entry.mimic.info3		$(mob)宝箱怪$() 可能掉落任何基础 $(thing)Minecraft$() 生物死亡时能够掉落的物品。
grimoireofgaia	info.grimoireofgaia.book.entry.mimic.name		宝箱怪
grimoireofgaia	info.grimoireofgaia.book.entry.minotaur.info		$(mob)牛头怪$()是一种生成于 $(thing)主世界$() 平原与恶地生物群系的怪物。它会在看到玩家时立刻以施加 $(thing)挖掘疲劳$() 与 $(thing)缓慢$() 效果的近战攻击发起攻击。它免疫摔落伤害、火焰与远程攻击。它也不受蛛网或水的阻碍。当 $(mob)牛头怪$() 的生命值降至 25% 以下时，它获得 $(thing)力量$() 与 $(thing)抗性提升$() 效果。
grimoireofgaia	info.grimoireofgaia.book.entry.minotaur.info2		$(li)160 生命值$()$(li)16 护甲值$()$(li)16 伤害$()
grimoireofgaia	info.grimoireofgaia.book.entry.minotaur.name		牛头怪
grimoireofgaia	info.grimoireofgaia.book.entry.minotaurus.info		$(mob)牛头巨怪$()是一种生成于 $(thing)主世界$() 平原与恶地生物群系的怪物。它会在看到玩家时立刻攻击，或以冲锋进行近战打击，造成 $(thing)缓慢$() 与 $(thing)挖掘疲劳$()，或保持距离用弓攻击（若它带着弓生成）。持弓的 $(mob)牛头巨怪$() 还可能使用带有 $(thing)缓慢$() 或 $(thing)虚弱$() 的药水箭。
grimoireofgaia	info.grimoireofgaia.book.entry.minotaurus.info2		$(li)40 生命值$()$(li)4 护甲值$()$(li)8 伤害$()
grimoireofgaia	info.grimoireofgaia.book.entry.minotaurus.name		牛头巨怪
grimoireofgaia	info.grimoireofgaia.book.entry.mummy.info		$(mob)木乃伊$()是一种生成于 $(thing)主世界$() 沙漠的怪物。它会在看到玩家时立刻以简单的近战攻击发起攻击，对目标造成 $(thing)饥饿$()。它对击退具有抗性，但作为亡灵，它易受阳光的伤害。着火时，$(mob)木乃伊$() 的近战攻击也可能点燃目标，类似 $(mob)僵尸$()。它被击中时会偶尔召唤 $(l:hostile/gravemite)$(mob)坟螨$()。
grimoireofgaia	info.grimoireofgaia.book.entry.mummy.info2		$(li)40 生命值$()$(li)4 护甲值$()$(li)8 伤害$()
grimoireofgaia	info.grimoireofgaia.book.entry.mummy.name		木乃伊
grimoireofgaia	info.grimoireofgaia.book.entry.naga.info		$(mob)娜迦$()是一种生成于 $(thing)主世界$() 沼泽的怪物。它会在看到玩家时立刻以近战攻击发起攻击，命中时造成 $(thing)缓慢$() 与 $(thing)挖掘疲劳$()。$(mob)娜迦$() 免疫 $(thing)中毒$() 与远程攻击，并可在水中无阻移动。当生命值低于 25%% 时，$(mob)娜迦$() 获得 $(thing)速度$() 效果，并撤退到水中，在那里每 5 秒恢复 10%% 的生命值并获得 $(thing)抗性提升$()。
grimoireofgaia	info.grimoireofgaia.book.entry.naga.info2		$(li)80 生命值$()$(li)6 护甲值$()$(li)12 伤害$()
grimoireofgaia	info.grimoireofgaia.book.entry.naga.name		娜迦
grimoireofgaia	info.grimoireofgaia.book.entry.nine_tails.info		$(mob)九尾$()是一种生成于 $(thing)主世界$() 针叶林的怪物。它会在看到玩家时立刻从远处投掷火球，点燃目标。当生命值降至 75%% 以下时，$(mob)九尾$() 会与目标近身缠斗。$(mob)九尾$() 可能装备着 $(item)手扇$() 生成，这会增强其攻击的击退。$(mob)九尾$() 免疫火焰。
grimoireofgaia	info.grimoireofgaia.book.entry.nine_tails.info2		$(li)80 生命值$()$(li)6 护甲值$()$(li)12 伤害$()
grimoireofgaia	info.grimoireofgaia.book.entry.nine_tails.name		九尾
grimoireofgaia	info.grimoireofgaia.book.entry.oni.info		$(mob)鬼$()是一种生成于 $(thing)主世界$() 针叶林、夜间出现的怪物。它会在看到玩家时立刻试图近身缠斗，命中时造成 $(thing)缓慢$()。当生命值降至 25%% 以下时，$(mob)鬼$() 获得 $(thing)力量$() 药水效果。
grimoireofgaia	info.grimoireofgaia.book.entry.oni.info2		$(li)40 生命值$()$(li)4 护甲值$()$(li)8 伤害$()
grimoireofgaia	info.grimoireofgaia.book.entry.oni.name		鬼
grimoireofgaia	info.grimoireofgaia.book.entry.orc.info2		$(li)40 生命值$()$(li)4 护甲值$()$(li)8 伤害$()
grimoireofgaia	info.grimoireofgaia.book.entry.orc.name		兽人
grimoireofgaia	info.grimoireofgaia.book.entry.satyress.info		$(mob)萨提尔$()生成于 $(thing)主世界$() 的平原与恶地。若被激怒，$(mob)萨提尔$() 会进行近战，命中时造成 $(thing)缓慢$()。当生命值降至 25%% 以下时，$(mob)萨提尔$() 会逃离战斗以恢复生命，随后重新发起攻击。
grimoireofgaia	info.grimoireofgaia.book.entry.satyress.info2		$(li)40 生命值$()$(li)4 护甲值$()$(li)8 伤害$()
grimoireofgaia	info.grimoireofgaia.book.entry.satyress.name		萨提尔
grimoireofgaia	info.grimoireofgaia.book.entry.shaman.info		$(mob)萨满$()是一种生成于 $(thing)主世界$() 丛林、夜间出现的怪物。它会在看到玩家时立刻以投掷的 $(thing)中毒$() 药水发起攻击，类似 $(mob)女巫$()。$(mob)萨满$() 最多会召唤 2 只 $(mob)僵尸$() 与玩家近身缠斗，并为它们提供 $(thing)抗性提升$() 效果。它免疫 $(thing)中毒$()。当生命值降至 75%% 或更低时，$(mob)萨满$() 从远程攻击切换为近战，命中时造成 $(thing)中毒$() 与 $(thing)虚弱$()。
grimoireofgaia	info.grimoireofgaia.book.entry.shaman.info2		$(li)80 生命值$()$(li)8 护甲值$()$(li)12 伤害$()
grimoireofgaia	info.grimoireofgaia.book.entry.shaman.name		萨满
grimoireofgaia	info.grimoireofgaia.book.entry.sharko.info		$(mob)鲨人$()是一种生成于 $(thing)主世界$() 海洋、夜间出现的怪物。它会在看到玩家时立刻以强力近战攻击发起攻击，造成 $(thing)缓慢$() 与 $(thing)挖掘疲劳 III$()。它免疫溺水，并可在水中无阻移动。在水中时，$(mob)鲨人$() 获得 $(thing)抗性提升$() 效果，并每 5 秒恢复 10%% 的生命值。
grimoireofgaia	info.grimoireofgaia.book.entry.sharko.info2		$(li)80 生命值$()$(li)6 护甲值$()$(li)12 伤害$()
grimoireofgaia	info.grimoireofgaia.book.entry.sharko.name		鲨人
grimoireofgaia	info.grimoireofgaia.book.entry.siren.info		$(mob)塞壬$()是一种生成于 $(thing)主世界$() 沼泽的怪物。它远程攻击玩家，并可能造成 $(thing)缓慢$() 与 $(thing)虚弱$() 效果。$(mob)塞壬$() 随后切换为近战并获得 $(thing)速度$() 效果，命中时造成 $(thing)挖掘疲劳 II$()。$(mob)塞壬$() 免疫 $(thing)中毒$()，并可在水中无阻移动。在水中时，$(mob)塞壬$() 每 5 秒恢复 10%% 的生命值，并获得 $(thing)抗性提升$()。
grimoireofgaia	info.grimoireofgaia.book.entry.siren.info2		$(li)40 生命值$()$(li)4 护甲值$()$(li)8 伤害$()
grimoireofgaia	info.grimoireofgaia.book.entry.siren.name		塞壬
grimoireofgaia	info.grimoireofgaia.book.entry.slime_girl.info		$(mob)史莱姆娘$()是一种可从 $(thing)史莱姆娘刷怪蛋$() 生成的援助生物。它被攻击时会逃跑，但可以以 $(item)黏液球$() 交换各种物品，类似 $(mob)村民$()。
grimoireofgaia	info.grimoireofgaia.book.entry.slime_girl.info2		$(li)40 生命值$()
grimoireofgaia	info.grimoireofgaia.book.entry.slime_girl.name		史莱姆娘
grimoireofgaia	info.grimoireofgaia.book.entry.sludge_girl.info		$(mob)泥沼少女$()是一种生成于 $(thing)主世界$() 沼泽、夜间出现的怪物。它会在看到玩家时立刻以带有强力击退的跃击拉近距离，随后以造成 $(thing)中毒$() 的近战攻击进攻。它对火焰具有抗性，并免疫 $(thing)中毒$()。当 $(mob)泥沼少女$() 死亡时，会留下一片残留的 $(thing)中毒$() 药水效果。
grimoireofgaia	info.grimoireofgaia.book.entry.sludge_girl.info2		$(li)40 生命值$()$(li)4 护甲值$()$(li)8 伤害$()
grimoireofgaia	info.grimoireofgaia.book.entry.sludge_girl.name		泥沼少女
grimoireofgaia	info.grimoireofgaia.book.entry.sphinx.info		$(mob)狮身人面像$()是一种生成于 $(thing)主世界$() 沙漠、夜间出现的怪物。它会在看到玩家时立刻攻击，以近战打击造成 $(thing)缓慢$() 与 $(thing)挖掘疲劳$()。它免疫摔落伤害、火焰、溺水与远程攻击。它可无阻地穿过蛛网与水。当 $(mob)狮身人面像$() 的生命值降至 75%% 以下时，它会恢复自身总生命值的 10%%。
grimoireofgaia	info.grimoireofgaia.book.entry.sphinx.info2		$(li)160 生命值$()$(li)16 护甲值$()$(li)18 伤害$()
grimoireofgaia	info.grimoireofgaia.book.entry.sphinx.name		狮身人面像
grimoireofgaia	info.grimoireofgaia.book.entry.sporeling.info2		$(li)20 生命值$()$(li)4 护甲值$()$(li)4 伤害$()
grimoireofgaia	info.grimoireofgaia.book.entry.sporeling.name		孢子幼体
grimoireofgaia	info.grimoireofgaia.book.entry.spriggan.info		$(mob)树精$()是一种生成于 $(thing)主世界$() 森林、夜间出现的怪物。它会潜行等待玩家靠近后再攻击，并在玩家进入其 6 格范围内之前保持 $(thing)隐身$() 效果。它易受火焰与斧的伤害。在水中时，$(mob)树精$() 获得 $(thing)抗性提升$()，并每 5 秒恢复 10%% 的生命值。
grimoireofgaia	info.grimoireofgaia.book.entry.spriggan.info2		$(li)80 生命值$()$(li)8 护甲值$()$(li)12 伤害$()
grimoireofgaia	info.grimoireofgaia.book.entry.spriggan.name		树精
grimoireofgaia	info.grimoireofgaia.book.entry.succubus.info		$(mob)魅魔$()是一种生成于 $(thing)下界$() 的怪物。它会在看到玩家时立刻以吸取生命的近战攻击发起攻击，接触时造成 $(thing)挖掘疲劳$()。$(mob)魅魔$() 每次命中都会为自身恢复 10%% 的生命值。它免疫摔落伤害与火焰。
grimoireofgaia	info.grimoireofgaia.book.entry.succubus.info2		$(li)40 生命值$()$(li)4 护甲值$()$(li)8 伤害$()
grimoireofgaia	info.grimoireofgaia.book.entry.succubus.name		魅魔
grimoireofgaia	info.grimoireofgaia.book.entry.toad.info		$(mob)蟾蜍$()是一种生成于 $(thing)主世界$() 黑森林的怪物。它会在看到玩家时立刻以带有强力击退的跃击拉近距离，随后以造成 $(thing)中毒$() 的近战攻击进攻。它对火焰具有抗性，并免疫 $(thing)中毒$()。在水中时，$(mob)蟾蜍$() 获得 $(thing)抗性提升$() 效果，并每 5 秒恢复 10%% 的生命值。它易受温暖气候影响，若进入温暖或炎热生物群系，会被施加 $(thing)缓慢$() 与 $(thing)虚弱$()。
grimoireofgaia	info.grimoireofgaia.book.entry.toad.info2		$(li)40 生命值$()$(li)4 护甲值$()$(li)8 伤害$()
grimoireofgaia	info.grimoireofgaia.book.entry.toad.name		蟾蜍
grimoireofgaia	info.grimoireofgaia.book.entry.trader.info		$(mob)商人$()是一种可从 $(thing)商人刷怪蛋$() 生成的援助生物。它被攻击时会逃跑，但可以以 $(item)商人代币$() 交换各种物品，类似 $(mob)村民$()。与 $(mob)村民$() 类似，被 $(mob)僵尸$() 杀死的 $(mob)商人$() 可能会变成 $(mob)僵尸村民$()。
grimoireofgaia	info.grimoireofgaia.book.entry.trader.info2		$(li)40 生命值$()
grimoireofgaia	info.grimoireofgaia.book.entry.trader.name		商人
grimoireofgaia	info.grimoireofgaia.book.entry.valkyrie.info		$(mob)瓦尔基里$()生成于 $(thing)主世界$() 的山地生物群系。当因被攻击或在其附近停留过久而被激怒时，它会发起攻击，造成 $(thing)缓慢$() 与 $(thing)虚弱$()。它免疫摔落伤害、溺水与火焰，并对击退具有抗性。当 $(mob)瓦尔基里$() 生命值降至 25%% 或更低时，它获得 $(thing)力量$() 与 $(thing)速度$() 效果。
grimoireofgaia	info.grimoireofgaia.book.entry.valkyrie.info2		$(li)40 生命值$()$(li)4 护甲值$()$(li)8 伤害$()
grimoireofgaia	info.grimoireofgaia.book.entry.valkyrie.name		瓦尔基里
grimoireofgaia	info.grimoireofgaia.book.entry.werecat.info		$(mob)猫妖$()是一种生成于 $(thing)主世界$() 森林、夜间出现的怪物。它会在看到玩家时立刻以带有强力击退的跃击拉近距离，随后以快速的近战攻击追击，命中时造成 $(thing)缓慢$() 与 $(thing)挖掘疲劳$()。当生命值降至 25%% 或更低时，$(mob)猫妖$() 可能完全逃离战斗。
grimoireofgaia	info.grimoireofgaia.book.entry.werecat.info2		$(li)40 生命值$()$(li)4 护甲值$()$(li)8 伤害$()
grimoireofgaia	info.grimoireofgaia.book.entry.werecat.name		猫妖
grimoireofgaia	info.grimoireofgaia.book.entry.witch.info		$(mob)女巫$()是一种生成于 $(thing)主世界$() 黑森林地表、夜间出现的怪物。它免疫 $(thing)中毒$() 与 $(thing)瞬间伤害$() 药水效果。$(mob)女巫$() 会在看到玩家时立刻以类似 $(mob)女巫$() 的远程药水效果攻击发起攻击。战斗中，它最多可生成 1 只 $(mob)骷髅$() 和 1 只 $(mob)僵尸$()，并为召唤出的 $(mob)骷髅$() 赋予 $(thing)抗性提升$() 效果。
grimoireofgaia	info.grimoireofgaia.book.entry.witch.info2		$(li)80 生命值$()$(li)8 护甲值$()$(li)12 伤害$()
grimoireofgaia	info.grimoireofgaia.book.entry.witch.name		女巫
grimoireofgaia	info.grimoireofgaia.book.entry.wither_cow.info		$(mob)凋灵牛$()是一种生成于 $(thing)下界$() 的怪物。它会在看到玩家时立刻攻击，其攻击造成 $(thing)凋零$()，并散发光环，使 4 格内的所有生物陷入 $(thing)缓慢$()。它免疫 $(thing)凋零$()、火焰与击退。当 $(mob)凋灵牛$() 死亡时，会留下一片残留的 $(thing)凋零$() 药水效果。
grimoireofgaia	info.grimoireofgaia.book.entry.wither_cow.info2		$(li)40 生命值$()$(li)4 护甲值$()$(li)8 伤害$()
grimoireofgaia	info.grimoireofgaia.book.entry.wither_cow.name		凋灵牛
grimoireofgaia	info.grimoireofgaia.book.entry.wizard_harpy.info		$(mob)法师鹰身女妖$()是一种生成于 $(thing)主世界$() 黑森林的飞行生物。所有 $(mob)法师鹰身女妖$() 都带着一本 $(item)魔法书$() 生成，并使用魔法弹射物攻击玩家，这些弹射物会根据其生成时所带的 $(item)魔法书$() 施加随机效果。$(mob)法师鹰身女妖$() 免疫摔落伤害。当 $(mob)法师鹰身女妖$() 生命值降至 25%% 或更低时，它可能完全逃离战斗。
grimoireofgaia	info.grimoireofgaia.book.entry.wizard_harpy.info2		$(li)40 生命值$()$(li)4 护甲值$()$(li)8 伤害$()
grimoireofgaia	info.grimoireofgaia.book.entry.wizard_harpy.name		法师鹰身女妖
grimoireofgaia	info.grimoireofgaia.book.entry.yuki_onna.info		$(mob)雪女$()生成于 $(thing)主世界$() 的针叶林，在雨天或雪天出现。被激怒时，她以近战攻击，命中时造成 $(thing)缓慢 IV$()。$(mob)雪女$() 可能装备着 $(item)手扇$() 生成，这会增强其攻击的击退。$(mob)雪女$() 免疫火焰与摔落伤害，并可在蛛网中无阻移动。当生命值降至 50%% 或更低时，$(mob)雪女$() 可能完全逃离战斗。
grimoireofgaia	info.grimoireofgaia.book.entry.yuki_onna.info2		$(li)20 生命值$()$(li)4 护甲值$()$(li)4 伤害$()
grimoireofgaia	info.grimoireofgaia.book.entry.yuki_onna.info3		$(mob)雪女$() 易受温暖气候影响，若进入温暖或炎热生物群系，会被施加 $(thing)缓慢$() 与 $(thing)虚弱$()。
grimoireofgaia	info.grimoireofgaia.book.entry.yuki_onna.name		雪女
grimoireofgaia	info.grimoireofgaia.book.landing		本书将向你详尽介绍 $(thing)盖亚魔典$() 模组所添加的生物，并满载每种生物的能力与行为信息。
grimoireofgaia	info.grimoireofgaia.book.name		盖亚魔典
grimoireofgaia	info.grimoireofgaia.book.subtitle		盖亚百科
grimoireofgaia	item.grimoireofgaia.box_egg		刷怪蛋盒
grimoireofgaia	item.grimoireofgaia.broom		扫帚
grimoireofgaia	item.grimoireofgaia.cecaelia_spawn_egg		塞卡莉亚刷怪蛋
grimoireofgaia	item.grimoireofgaia.cyan_flower_spawn_egg		青色花刷怪蛋
grimoireofgaia	item.grimoireofgaia.dwarf_spawn_egg		矮人刷怪蛋
grimoireofgaia	item.grimoireofgaia.gravemite_spawn_egg		坟螨刷怪蛋
grimoireofgaia	item.grimoireofgaia.gryphon_spawn_egg		狮鹫刷怪蛋
grimoireofgaia	item.grimoireofgaia.heavy_barbell		沉重杠铃
grimoireofgaia	item.grimoireofgaia.holstaurus_token		霍尔斯特洛斯代币
grimoireofgaia	item.grimoireofgaia.mandragora_spawn_egg		曼德拉草刷怪蛋
grimoireofgaia	item.grimoireofgaia.mandrake		曼德拉草根
grimoireofgaia	item.grimoireofgaia.minotaur_hammer		牛头怪战锤
grimoireofgaia	item.grimoireofgaia.minotaur_spawn_egg		牛头怪刷怪蛋
grimoireofgaia	item.grimoireofgaia.mummy_spawn_egg		木乃伊刷怪蛋
grimoireofgaia	item.grimoireofgaia.projectile_bubble		泡泡弹
grimoireofgaia	item.grimoireofgaia.ring_of_haste		急迫之戒
grimoireofgaia	item.grimoireofgaia.ring_of_jump		跳跃之戒
grimoireofgaia	item.grimoireofgaia.ring_of_speed		速度之戒
grimoireofgaia	item.grimoireofgaia.sharko_spawn_egg		鲨人刷怪蛋
grimoireofgaia	item.grimoireofgaia.spawn_creeper_girl		苦力怕娘刷怪蛋
grimoireofgaia	item.grimoireofgaia.spawn_ender_girl		末影娘刷怪蛋
grimoireofgaia	item.grimoireofgaia.spawn_slime_girl		史莱姆娘刷怪蛋
grimoireofgaia	item.grimoireofgaia.spawn_trader		商人刷怪蛋
grimoireofgaia	item.grimoireofgaia.toad_spawn_egg		蟾蜍刷怪蛋
grimoireofgaia	item.grimoireofgaia.trader_token		商人代币
grimoireofgaia	item.grimoireofgaia.valkyrie_spawn_egg		瓦尔基里刷怪蛋
grimoireofgaia	item.grimoireofgaia.weresheep_token		狼羊代币
grimoireofgaia	text.grimoireofgaia.gain_hearts		恢复 %d 颗心
grimoireofgaia	text.grimoireofgaia.lose_hunger		失去 %d 点饥饿值
grimoireofgaia	text.grimoireofgaia.ring.tag		戒指
hexcasting	itemGroup.hexcasting		咒法编织
hexcasting	itemGroup.hexcasting.creative_tab		咒法编织
highlightmapmarkers	key.categories.highlightmapmarkers		高亮地图标记
highlightmapmarkers	key.highlightmapmarkers.toggle		切换地图高亮
iammusicplayer	_comment.a		进度
iammusicplayer	_comment.co		配置
iammusicplayer	advancements.iammusicplayer.listen_to_music.title		DJ！DJ！
iammusicplayer	advancements.iammusicplayer.root.title		Iam 音乐播放器
iammusicplayer	entity.minecraft.villager.dj		DJ
iammusicplayer	entity.minecraft.villager.iammusicplayer.dj		DJ
iammusicplayer	entity.minecraft.villager.iammusicplayer:dj		DJ
iammusicplayer	imp.loaderType.neteasecloudmusic		网易云音乐
iammusicplayer	imp.loaderType.soundcloud		Sound Cloud
iammusicplayer	imp.loaderType.youtube		Youtube
iammusicplayer	imp.text.enterText.neteasecloudmusic		网易云音乐歌曲 ID
iammusicplayer	itemGroup.iammusicplayer.iammusicplayer		音乐播放器
iammusicplayer	text.autoconfig.iammusicplayer.option.neteaseCloudMusicApiURL		网易云音乐 API 地址
iammusicplayer	text.autoconfig.iammusicplayer.option.sampleRate		采样率
iammusicplayer	text.autoconfig.iammusicplayer.option.soundPhysicsRemasteredIntegration		SoundPhysicsRemastered 集成
iammusicplayer	text.autoconfig.iammusicplayer.option.useYoutubeDownloader		使用 YoutubeDownloader
imblocker	key.categories.imblocker		IMBlocker
immersive_aircraft	itemGroup.immersive_aircraft.immersive_aircraft_tab		沉浸式飞机
incorporeal	block.incorporeal.black_petal_block_carpet		黑色花瓣块地毯
incorporeal	block.incorporeal.black_unstable_cube		黑色不稳定方块
incorporeal	block.incorporeal.blue_petal_block_carpet		蓝色花瓣块地毯
incorporeal	block.incorporeal.blue_unstable_cube		蓝色不稳定方块
incorporeal	block.incorporeal.brown_petal_block_carpet		棕色花瓣块地毯
incorporeal	block.incorporeal.brown_unstable_cube		棕色不稳定方块
incorporeal	block.incorporeal.clearly		显然
incorporeal	block.incorporeal.clearly.fryer		你没有空气炸锅
incorporeal	block.incorporeal.compressed_tiny_potatoes.tooltip		%s 小土豆
incorporeal	block.incorporeal.compressed_tiny_potatoes.tooltip.fraction		一个小土豆的 1/%s
incorporeal	block.incorporeal.corporea_pylon		多媒体塔
incorporeal	block.incorporeal.corporea_solidifier		多媒体固化器
incorporeal	block.incorporeal.cyan_petal_block_carpet		青色花瓣块地毯
incorporeal	block.incorporeal.cyan_unstable_cube		青色不稳定方块
incorporeal	block.incorporeal.data_funnel		数据漏斗
incorporeal	block.incorporeal.datastone_block		数据石块
incorporeal	block.incorporeal.double_compressed_tiny_potato		小土豆
incorporeal	block.incorporeal.ender_soul_core		末影灵魂核心
incorporeal	block.incorporeal.floating_funny		漂浮甜亚勒克苏姆
incorporeal	block.incorporeal.floating_funny_chibi		漂浮迷你甜亚勒克苏姆
incorporeal	block.incorporeal.floating_sanvocalia		漂浮圣沃卡利亚
incorporeal	block.incorporeal.floating_sanvocalia_chibi		漂浮迷你圣沃卡利亚
incorporeal	block.incorporeal.frame_tinkerer		展示框改造器
incorporeal	block.incorporeal.funny		甜亚勒克苏姆
incorporeal	block.incorporeal.funny.reference		这太令人伤心了。
incorporeal	block.incorporeal.funny_chibi		迷你甜亚勒克苏姆
incorporeal	block.incorporeal.funny_chibi.reference		Alexa，播放 Despacito。
incorporeal	block.incorporeal.gray_petal_block_carpet		灰色花瓣块地毯
incorporeal	block.incorporeal.gray_unstable_cube		灰色不稳定方块
incorporeal	block.incorporeal.green_petal_block_carpet		绿色花瓣块地毯
incorporeal	block.incorporeal.green_unstable_cube		绿色不稳定方块
incorporeal	block.incorporeal.light_blue_petal_block_carpet		淡蓝色花瓣块地毯
incorporeal	block.incorporeal.light_blue_unstable_cube		淡蓝色不稳定方块
incorporeal	block.incorporeal.light_gray_petal_block_carpet		淡灰色花瓣块地毯
incorporeal	block.incorporeal.light_gray_unstable_cube		淡灰色不稳定方块
incorporeal	block.incorporeal.lime_petal_block_carpet		黄绿色花瓣块地毯
incorporeal	block.incorporeal.lime_unstable_cube		黄绿色不稳定方块
incorporeal	block.incorporeal.magenta_petal_block_carpet		品红色花瓣块地毯
incorporeal	block.incorporeal.magenta_unstable_cube		品红色不稳定方块
incorporeal	block.incorporeal.natural_comparator		天然比较器
incorporeal	block.incorporeal.natural_repeater		天然中继器
incorporeal	block.incorporeal.octuple_compressed_tiny_potato		星系土豆
incorporeal	block.incorporeal.orange_petal_block_carpet		橙色花瓣块地毯
incorporeal	block.incorporeal.orange_unstable_cube		橙色不稳定方块
incorporeal	block.incorporeal.pink_petal_block_carpet		粉红色花瓣块地毯
incorporeal	block.incorporeal.pink_unstable_cube		粉红色不稳定方块
incorporeal	block.incorporeal.pointed_datastone		尖头数据石
incorporeal	block.incorporeal.potion_soul_core		鲜血灵魂核心
incorporeal	block.incorporeal.purple_petal_block_carpet		紫色花瓣块地毯
incorporeal	block.incorporeal.purple_unstable_cube		紫色不稳定方块
incorporeal	block.incorporeal.quadruple_compressed_tiny_potato		大土豆
incorporeal	block.incorporeal.quintuple_compressed_tiny_potato		巨大土豆
incorporeal	block.incorporeal.red_petal_block_carpet		红色花瓣块地毯
incorporeal	block.incorporeal.red_string_constrictor		红绳束缚器
incorporeal	block.incorporeal.red_string_liar		红绳说谎器
incorporeal	block.incorporeal.red_unstable_cube		红色不稳定方块
incorporeal	block.incorporeal.sanvocalia		圣沃卡利亚
incorporeal	block.incorporeal.sanvocalia.reference		你还记得吗？
incorporeal	block.incorporeal.sanvocalia_chibi		迷你圣沃卡利亚
incorporeal	block.incorporeal.sanvocalia_chibi.reference		你还记得吗？
incorporeal	block.incorporeal.septuple_compressed_tiny_potato		超大土豆
incorporeal	block.incorporeal.sextuple_compressed_tiny_potato		庞大土豆
incorporeal	block.incorporeal.single_compressed_tiny_potato		细小土豆
incorporeal	block.incorporeal.tiny_tiny_potato		更小土豆
incorporeal	block.incorporeal.tiny_tiny_tiny_potato		最小土豆
incorporeal	block.incorporeal.tiny_tiny_tiny_tiny_potato		极小土豆
incorporeal	block.incorporeal.tiny_tiny_tiny_tiny_tiny_potato		超小土豆
incorporeal	block.incorporeal.triple_compressed_tiny_potato		中土豆
incorporeal	block.incorporeal.white_petal_block_carpet		白色花瓣块地毯
incorporeal	block.incorporeal.white_unstable_cube		白色不稳定方块
incorporeal	block.incorporeal.yellow_petal_block_carpet		黄色花瓣块地毯
incorporeal	block.incorporeal.yellow_unstable_cube		黄色不稳定方块
incorporeal	death.attack.incorporeal.soul		%s 的灵魂凋零了
incorporeal	entity.incorporeal.fractured_space_collector		碎裂空间（收集器）
incorporeal	entity.incorporeal.potion_soul_core_collector		鲜血灵魂核心（收集器）
incorporeal	incorporeal.bound_ender_pearl.boundTo		绑定至 %s
incorporeal	incorporeal.bound_ender_pearl.dissolve		珍珠在你的指间消融
incorporeal	incorporeal.bound_ender_pearl.epoch		绑定纪元 %s
incorporeal	incorporeal.bound_ender_pearl.notBound		未绑定至任何人
incorporeal	incorporeal.empty_datum		<无>
incorporeal	incorporeal.empty_matcher		无
incorporeal	incorporeal.fractured_space.no_crate_there		绑定位置缺少箱子
incorporeal	incorporeal.fractured_space.no_pos		未绑定至箱子
incorporeal	incorporeal.fractured_space.saved		已记住箱子。
incorporeal	incorporeal.fractured_space.tooltip.bound		已绑定至箱子
incorporeal	incorporeal.fractured_space.tooltip.debug.dim		绑定维度：%s
incorporeal	incorporeal.fractured_space.tooltip.debug.pos		绑定坐标：X %s，Y %s，Z %s
incorporeal	incorporeal.fractured_space.tooltip.not_bound		未绑定至箱子
incorporeal	incorporeal.fractured_space.tooltip.wrong_dimension		！绑定的箱子不属于此界
incorporeal	incorporeal.fractured_space.wrong_dimension		绑定的箱子不属于此界
incorporeal	incorporeal.full_matcher		一切
incorporeal	incorporeal.head_not_on_network		你的灵魂与此多媒体网络不兼容。
incorporeal	incorporeal.integer_datum		数字：%s
incorporeal	incorporeal.lexicon.challenges.corporea_sorting_hall.0.text		搭建一个$(thing)多媒体网络$(0)，不要仅仅把物品藏在看不见的地方，而是将它们整理成有逻辑的分组，让你也能手动访问每一件物品，而不必依赖$(item)多媒体索引$(0)。如果它还能拆包并整理$(item)潜影盒$(0)，那就更棒了。
incorporeal	incorporeal.lexicon.challenges.corporea_sorting_hall.0.title		多媒体整理大厅
incorporeal	incorporeal.lexicon.challenges.corporea_sorting_hall.name		多媒体整理大厅
incorporeal	incorporeal.lexicon.challenges.pixel_screen.0.text		改造$(item)展示框改造器$(0)，在布满$(item)荧光物品展示框$(0)的墙面、地面或天花板上打造一个动态变化的像素画展示。如果它真能显示点有用的东西……那就更棒了……
incorporeal	incorporeal.lexicon.challenges.pixel_screen.0.title		像素屏幕
incorporeal	incorporeal.lexicon.challenges.pixel_screen.name		像素屏幕
incorporeal	incorporeal.lexicon.challenges.remote_corporea.0.text		搭建一个能代你执行请求、并从同一维度内任意位置把物品送达给你的$(thing)多媒体网络$(0)。如果它至少还能在另一个维度中运作，那就更棒了；如果它还能传递请求失败的信息，那就太棒了。
incorporeal	incorporeal.lexicon.challenges.remote_corporea.0.title		远程多媒体
incorporeal	incorporeal.lexicon.challenges.remote_corporea.name		远程多媒体
incorporeal	incorporeal.lexicon.challenges.wireless_redstone.0.text		想办法实现短距离的$(thing)无线红石$(0)。这完全可行！
incorporeal	incorporeal.lexicon.challenges.wireless_redstone.0.title		无线红石
incorporeal	incorporeal.lexicon.challenges.wireless_redstone.name		无线红石
incorporeal	incorporeal.lexicon.devices.frame_tinkerer.0.text		当$(item)展示框改造器$(0)接收到$(thing)红石信号$(0)时，它会随机选取相邻方块空间中的一个$(item)物品展示框$(0)，并用掉落在$(item)展示框改造器$(0)顶部的物品，替换$(item)展示框$(0)中展示的物品。它没有专用物品栏；把物品丢在其顶部即可。可用$(item)活塞$(0)推动。
incorporeal	incorporeal.lexicon.devices.frame_tinkerer.1.text		共生食血者
incorporeal	incorporeal.lexicon.devices.frame_tinkerer.2.text		对于非常高级的$(thing)多媒体网络$(0)很有用，或者如果你只是喜欢经常重新装饰的话。
incorporeal	incorporeal.lexicon.devices.natural.0.text		种在耕地上时，$(item)红石根$(0)似乎会开出一朵（有点丑，但完全能用）模仿$(thing)普通红石元件$(0)的花。这些元件非常便宜，但必须像其他植物一样种在$(thing)泥土或草方块$(0)上。它们可以从生长中的$(thing)红石根作物$(0)上收获，不过用$(item)切石机$(0)也能凑合。
incorporeal	incorporeal.lexicon.devices.natural.1.text		$(item)天然中继器$(0)有 1 秒的延迟，其脉冲最短也延长到 1 秒。
incorporeal	incorporeal.lexicon.devices.natural.2.text		$(item)天然比较器$(0)有两种模式。在「灵敏」模式下，只要普通比较器会输出任何非零信号，它就会输出满强度信号。而在另一种模式下，只有当普通比较器会输出满强度信号时，它才会输出。
incorporeal	incorporeal.lexicon.devices.natural.name		天然装置
incorporeal	incorporeal.lexicon.ender.corporea_solidifier.0.text		$(item)多媒体固化器$(0)可替代$(item)多媒体保持器$(0)。当放置在$(item)多媒体拦截器$(0)旁边时，$(item)固化器$(0)不再记住拦截器的请求，而是生成一件$(thing)多媒体票据$(0)物品，封装该请求的物品与数量。
incorporeal	incorporeal.lexicon.ender.corporea_solidifier.1.text		$(thing)票据$(0)会被推入放置在$(item)固化器$(0)下方一两个方块的物品栏中；若没有可用的物品栏，则直接掉落到$(item)固化器$(0)上方的世界中，与$(item)多媒体漏斗$(0)的行为很相似。
incorporeal	incorporeal.lexicon.ender.corporea_solidifier.2.text		上、上、下、上
incorporeal	incorporeal.lexicon.ender.corporea_solidifier.3.text		$(item)圣沃卡利亚$(0)功能花似乎对$(thing)多媒体票据$(0)的能量特别感兴趣。
incorporeal	incorporeal.lexicon.ender.red_string_constrictor.0.text		未通入红石信号时，$(item)红绳束缚器$(0)与$(item)红绳容器$(0)行为相同。但给它一个$(thing)红石信号$(0)会让它暴露目标物品栏中更少的槽位——信号强度为 1 时将暴露除第一个槽位外的所有槽位，为 2 时跳过前两个，依此类推。
incorporeal	incorporeal.lexicon.ender.red_string_constrictor.1.text		感觉我们只是在倒退
incorporeal	incorporeal.lexicon.ender.red_string_constrictor.2.text		$(thing)右键点击$(0)可切换它是从物品栏末尾还是从开头移除槽位。<br><br>当然，它只会绑定到具有"槽位"概念的物品栏——这可能取决于你所在世界的某些$(thing)形而上特性$(0)。$(7)我说的这门鬼话的意思是，它在 Fabric 和 Forge 上的运作方式略有不同。抱歉。$(0)
incorporeal	incorporeal.lexicon.ender.red_string_liar.0.text		$(item)红绳说谎器$(0)在$(thing)多媒体网络$(0)上表现最佳。它会绑定到任何带有物品栏的方块，很像$(item)红绳容器$(0)，并欺骗$(thing)多媒体网络$(0)使其以为该物品栏中装的是贴在$(item)说谎器$(0)上的任意$(item)物品展示框$(0)中所放置的物品，而不是实际物品栏中的物品。
incorporeal	incorporeal.lexicon.ender.red_string_liar.1.text		例如，如果$(item)红绳说谎器$(0)绑定到一个装有 10 个$(item)曲奇$(0)的物品栏，并且有两个展示$(thing)蛋糕$(0)和$(thing)苹果$(0)的$(item)物品展示框$(0)贴在$(item)说谎器$(0)上，它就会向$(thing)多媒体网络$(0)报告有 10 个$(thing)蛋糕$(0)、10 个$(thing)苹果$(0)和 0 个$(thing)曲奇$(0)。如果随后通过多媒体请求$(thing)蛋糕$(0)或$(thing)苹果$(0)，它则会取出$(item)曲奇$(0)。
incorporeal	incorporeal.lexicon.ender.red_string_liar.2.text		通过$(item)红绳说谎器$(0)取出物品时，取到的是绑定物品栏中的真实物品，因此请求的东西可能与实际收到的不一致。（这不会复制任何物品！）
incorporeal	incorporeal.lexicon.ender.red_string_liar.3.text		由于$(item)多媒体漏斗$(0)只能请求$(italic)特定$()物品，而不能请求"任意"物品：此方块的一种用法是让$(item)漏斗$(0)能从给定物品栏中取出$(italic)一切$()，无论里面实际装的是什么。被请求的物品反而会充当一个标签，指明要从哪个物品栏中抽取。<br><br>这有点难以解释——自己动手试试吧。
incorporeal	incorporeal.lexicon.ender.red_string_liar.4.text		你不会相信这种莫名其妙的胡扯
incorporeal	incorporeal.lexicon.ender.soul_cores.0.text		$(item)灵魂核心$(0)将$(thing)玩家的灵魂$(0)包裹并浸没在淡淡的$(thing)法力$(0)溶液中，使其极其轻微地复苏。虽然抽离出的$(thing)灵魂$(0)无法进行太多独立思考，但只要真正的、活着的$(thing)玩家$(0)仍存在于该$(thing)维度$(0)中，二者便会在某种程度上纠缠关联。
incorporeal	incorporeal.lexicon.ender.soul_cores.1.text		要让$(item)灵魂核心$(0)知晓你的存在，右键点击它即可。已知这个过程会有点刺痛。<br><br>如果$(item)灵魂核心$(0)耗尽了法力，它会猛烈地断开与所绑定$(thing)灵魂$(0)的连接；再次右键点击即可重新建立连接。
incorporeal	incorporeal.lexicon.ender.soul_cores.2.text		所有$(item)灵魂核心$(0)都由$(item)灵魂核心框架$(0)制成：
incorporeal	incorporeal.lexicon.ender.soul_cores.3.text		向我展示你的价值吧，凡人
incorporeal	incorporeal.lexicon.ender.soul_cores.4.text		$(item)末影灵魂核心$(0)可提供对方块级别的访问，以访问所绑定$(thing)玩家$(0)的$(item)末影箱$(0)物品栏。只要该$(thing)玩家$(0)存在于该维度中，$(item)末影灵魂核心的$(0)物品栏就会镜像其$(item)末影箱的$(0)内容。<br><br>常规交互均可用；漏斗、多媒体火花、比较器……测量是免费的，但增删物品会消耗$(thing)法力$(0)。
incorporeal	incorporeal.lexicon.ender.soul_cores.5.text		驱动掉落
incorporeal	incorporeal.lexicon.ender.soul_cores.6.text		$(item)鲜血灵魂核心$(0)会消耗$(thing)法力$(0)，将经由$(item)喷溅$(0)或$(item)滞留药水$(0)获得的所有药水效果注入所绑定$(thing)玩家$(0)的血液中。其$(thing)比较器$(0)信号会反映所绑定$(thing)玩家$(0)的生命值。<br><br>请注意，由于悬浮在$(item)灵魂核心$(0)中的$(thing)灵魂$(0)在技术上属于亡灵，某些药水效果（如$(item)瞬间治疗$(0)）可能无法产生预期效果。
incorporeal	incorporeal.lexicon.ender.soul_cores.7.text		一次心灵交流
incorporeal	incorporeal.lexicon.ender.soul_cores.8.text		此方块已在 1.18 中移除，但被一种更简单的方法所取代，可实现同样的事情。
incorporeal	incorporeal.lexicon.ender.soul_cores.8.title		多媒体灵魂核心？
incorporeal	incorporeal.lexicon.ender.soul_cores.name		灵魂核心
incorporeal	incorporeal.lexicon.ender.ticket_conjurer.0.text		$(item)票据构想器$(0)能让人方便地制作$(item)多媒体票据$(0)。只需将其握在任一只手中，像使用$(item)多媒体索引$(0)时那样说出一个$(thing)多媒体请求$(0)，一张与该请求对应的$(item)票据$(0)就会留在你的物品栏中。<br><br>当构想器握在右手时，"this"这个词将指向你左手持有的物品，反之亦然。
incorporeal	incorporeal.lexicon.ender.ticket_conjurer.1.text		斯托克西亚的临终吐息
incorporeal	incorporeal.lexicon.ender.ticket_conjurer.2.text		高深的多媒体学者应当知道：右键点击它会在几种可制作的票据类型之间循环切换。$(thing)多媒体$(0)票据是默认类型，封装了一对"corporea matcher"和"count"；但也有分别对应$(thing)匹配器$(0)和$(thing)数字$(0)的票据，以及一种表示$(thing)无$(0)的票据。<br><br>它们还可以互相$(thing)切石$(0)转换。
incorporeal	incorporeal.lexicon.ender.ticket_conjurer.name		票据构想器
incorporeal	incorporeal.lexicon.functional_flowers.funny.0.text		传说在魔力滋养的$(item)甜亚勒克苏姆$(0)花周围放置$(item)音符盒$(0)，会让音符盒以最动听的频率共振。为达到最佳效果，演奏所有声部需要四个$(item)音符盒$(0)：一个位于$(item)沙子$(0)上方，一个位于$(item)木头$(0)上方，一个位于$(item)石头$(0)上方，还有一个位于由$(item)至纯平衡$(0)构成的方块上方。
incorporeal	incorporeal.lexicon.functional_flowers.funny.1.text		他们还说，为花朵提供高强度的$(thing)红石信号$(0)会重新开始演奏，而低强度信号只会将其暂停；并且$(item)迷你甜亚勒克苏姆$(0)需要把$(item)音符盒$(0)放得更近，但演奏歌曲的速度会更快。<br><br>我很好奇这些传说是否有几分真实？
incorporeal	incorporeal.lexicon.functional_flowers.funny.2.text		其他模组作者让我对着滑稽花跳舞，并高喊"小神龙冲呀"
incorporeal	incorporeal.lexicon.functional_flowers.sanvocalia.0.text		$(item)圣沃卡利亚$(0)是一种特别契合多媒体频率的花。当这朵花有可用的$(item)法力$(0)且靠近$(item)多媒体索引$(0)时，它会将附近$(item)多媒体票据$(0)上写下的请求低声念给$(item)索引$(0)。<br><br>票据可以用$(item)多媒体固化器$(0)或$(item)票据构想器$(0)制作。
incorporeal	incorporeal.lexicon.functional_flowers.sanvocalia.1.text		你还记得吗？
incorporeal	incorporeal.lexicon.misc.corporea_player_heads.0.text		安装 Incorporeal 后，你可以将$(thing)多媒体火花$(0)放置到$(thing)玩家头颅$(0)上。这为$(thing)多媒体网络$(0)充当一个简单的安全系统——任何未将自己的头颅接入网络的$(thing)玩家$(0)都无法使用任何$(item)多媒体索引$(0)。
incorporeal	incorporeal.lexicon.misc.corporea_player_heads.1.text		现在就让我看你$(2)跳舞$(0)吧
incorporeal	incorporeal.lexicon.misc.corporea_player_heads.2.text		$(7)这取代了先前版本中的"多媒体灵魂核心"方块——我认为这个机制应该更便宜些。$(0)
incorporeal	incorporeal.lexicon.misc.corporea_player_heads.name		多媒体访问控制
incorporeal	incorporeal.lexicon.misc.unstable_cubes.0.text		$(item)不稳定方块$(0)是好奇的小家伙。被触碰时会发出悦耳的噼啪声并以令人满足的方式旋转，但除此之外，除了在此时发出$(thing)红石信号$(0)，似乎没什么实际用途。
incorporeal	incorporeal.lexicon.misc.unstable_cubes.1.text		往昔时代的装饰遗物
incorporeal	incorporeal.lexicon.misc.unstable_cubes.name		不稳定方块
incorporeal	incorporeal.lexicon.tools.fractured_space_rod.0.text		$(item)碎裂空间之杖$(0)拥有独特的能力，能在空间中两点之间短暂地打开一个小虫洞。似乎只有$(item)物品$(0)足够小巧轻便，得以通过。$(br)右键点击一个$(item)开口箱$(0)来设置目的地位置。
incorporeal	incorporeal.lexicon.tools.fractured_space_rod.1.text		之后，每当你右键点击地面，附近所有$(item)物品$(0)都会被吸入虫洞并从$(item)开口箱$(0)中落下，无论它们身在何处。一次发送的物品越多，此过程消耗的$(item)法力$(0)就越多；或许先用$(item)潜影盒$(0)之类的东西把它们打包起来会更好。
incorporeal	incorporeal.lexicon.tools.fractured_space_rod.2.text		—— 命运之线的操弄者 ——
incorporeal	incorporeal.matcher_datum		多媒体匹配器：%s
incorporeal	incorporeal.red_string_constrictor.tooltip.end		从末尾移除 %s 个槽位
incorporeal	incorporeal.red_string_constrictor.tooltip.end.plural		从末尾移除 %s 个槽位
incorporeal	incorporeal.red_string_constrictor.tooltip.start		从开头移除 %s 个槽位
incorporeal	incorporeal.red_string_constrictor.tooltip.start.plural		从开头移除 %s 个槽位
incorporeal	incorporeal.solidified_request		%sx %s
incorporeal	incorporeal.solidified_request_datum		多媒体请求：%s
incorporeal	incorporeal.subtitle.unstable		不稳定方块：鸣响
incorporeal	incorporeal.ticket_conjurer.hold0		手持票据构想器！
incorporeal	incorporeal.ticket_conjurer.hold1		你所说的一切都将
incorporeal	incorporeal.ticket_conjurer.hold2		生成一张票据
incorporeal	item.incorporeal.bound_ender_pearl		绑定的末影珍珠
incorporeal	item.incorporeal.computational_lens_pattern		计算透镜图案
incorporeal	item.incorporeal.data_monocle		数据窥视单片镜
incorporeal	item.incorporeal.empty_conjurer		票据构想器：空
incorporeal	item.incorporeal.empty_ticket		空白票据
incorporeal	item.incorporeal.empty_ticket.blank		空白票据
incorporeal	item.incorporeal.enterbrilliance		光耀星尘
incorporeal	item.incorporeal.fractured_space_rod		碎裂空间之杖
incorporeal	item.incorporeal.integer_conjurer		票据构想器：数字
incorporeal	item.incorporeal.integer_ticket		数字票据：%s
incorporeal	item.incorporeal.integer_ticket.blank		数字票据
incorporeal	item.incorporeal.matcher_conjurer		票据构想器：多媒体匹配器
incorporeal	item.incorporeal.matcher_lens		数据透镜：匹配器
incorporeal	item.incorporeal.matcher_ticket		多媒体匹配器票据：%s
incorporeal	item.incorporeal.matcher_ticket.blank		多媒体匹配器票据
incorporeal	item.incorporeal.negating_lens		数据透镜：取反
incorporeal	item.incorporeal.number_lens		数据透镜：数字
incorporeal	item.incorporeal.solidified_request_conjurer		票据构想器：多媒体请求
incorporeal	item.incorporeal.solidified_request_ticket		多媒体请求票据：%s
incorporeal	item.incorporeal.solidified_request_ticket.blank		多媒体请求票据
incorporeal	item.incorporeal.soul_core_frame		灵魂核心框架
incorporeal	itemGroup.incorporeal.tab		无形
incorporeal	zzzzzz.incorporeal.en-us-rewriter.marker.zzzzzz		（此行以下为自动生成的语言条目——可以本地化，但对 EN_US.JSON 的修改将被覆盖！）
infernalmobs	translation.infernalmobs:prefix.Dark Lord		黑暗领主
infernalmobs	translation.infernalmobs:prefix.Darth		达斯
infernalmobs	translation.infernalmobs:prefix.Quicksand		流沙的
infernalmobs	translation.infernalmobs:prefix.Ronin		浪人
infernalmobs	translation.infernalmobs:prefix.Sith Lord		西斯尊主
infernalmobs	translation.infernalmobs:prefix.apathetic		冷漠的
infernalmobs	translation.infernalmobs:prefix.armoured		披甲的
infernalmobs	translation.infernalmobs:prefix.bloodsucking		啖血的
infernalmobs	translation.infernalmobs:prefix.bombing		投弹的
infernalmobs	translation.infernalmobs:prefix.brewing		酿造的
infernalmobs	translation.infernalmobs:prefix.burning		燃烧的
infernalmobs	translation.infernalmobs:prefix.byebye		道别的
infernalmobs	translation.infernalmobs:prefix.charging		冲锋的
infernalmobs	translation.infernalmobs:prefix.dark		黑暗的
infernalmobs	translation.infernalmobs:prefix.decaying		腐朽的
infernalmobs	translation.infernalmobs:prefix.deceiving		欺诈的
infernalmobs	translation.infernalmobs:prefix.defensive		固守的
infernalmobs	translation.infernalmobs:prefix.despoiling		掠夺的
infernalmobs	translation.infernalmobs:prefix.draining		汲取的
infernalmobs	translation.infernalmobs:prefix.eclipsed		蚀影的
infernalmobs	translation.infernalmobs:prefix.electrified		带电的
infernalmobs	translation.infernalmobs:prefix.enderborn		终界诞生的
infernalmobs	translation.infernalmobs:prefix.ensnaring		诱捕的
infernalmobs	translation.infernalmobs:prefix.exhausting		致疲的
infernalmobs	translation.infernalmobs:prefix.fireballsy		喷火球的
infernalmobs	translation.infernalmobs:prefix.healing		治愈的
infernalmobs	translation.infernalmobs:prefix.hungering		饥渴的
infernalmobs	translation.infernalmobs:prefix.hunting		狩猎的
infernalmobs	translation.infernalmobs:prefix.innerlypeaceful		内心平静的
infernalmobs	translation.infernalmobs:prefix.nighunkillable		近乎不死的
infernalmobs	translation.infernalmobs:prefix.poisonous		剧毒的
infernalmobs	translation.infernalmobs:prefix.quickfingered		妙手空空的
infernalmobs	translation.infernalmobs:prefix.raging		暴怒的
infernalmobs	translation.infernalmobs:prefix.reckless		莽撞的
infernalmobs	translation.infernalmobs:prefix.recurring		去而复返的
infernalmobs	translation.infernalmobs:prefix.regenerating		再生的
infernalmobs	translation.infernalmobs:prefix.repulsing		击退的
infernalmobs	translation.infernalmobs:prefix.rusting		锈蚀的
infernalmobs	translation.infernalmobs:prefix.shadowkin		暗影眷族的
infernalmobs	translation.infernalmobs:prefix.singed		焦灼的
infernalmobs	translation.infernalmobs:prefix.slowing		减速的
infernalmobs	translation.infernalmobs:prefix.smashing		粉碎的
infernalmobs	translation.infernalmobs:prefix.snagging		钩夺的
infernalmobs	translation.infernalmobs:prefix.spiky		尖刺的
infernalmobs	translation.infernalmobs:prefix.sprinting		疾奔的
infernalmobs	translation.infernalmobs:prefix.sproing		弹跳的
infernalmobs	translation.infernalmobs:prefix.stalking		潜随的
infernalmobs	translation.infernalmobs:prefix.starving		饥饿难耐的
infernalmobs	translation.infernalmobs:prefix.stinging		螫刺的
infernalmobs	translation.infernalmobs:prefix.striking		猛击的
infernalmobs	translation.infernalmobs:prefix.swift		迅捷的
infernalmobs	translation.infernalmobs:prefix.thieving		盗取的
infernalmobs	translation.infernalmobs:prefix.thorned		荆棘的
infernalmobs	translation.infernalmobs:prefix.thorny		多刺的
infernalmobs	translation.infernalmobs:prefix.thumping		重击的
infernalmobs	translation.infernalmobs:prefix.thundering		雷鸣的
infernalmobs	translation.infernalmobs:prefix.toasting		炙烤的
infernalmobs	translation.infernalmobs:prefix.totallyzen		全然禅意的
infernalmobs	translation.infernalmobs:prefix.transfusing		输血的
infernalmobs	translation.infernalmobs:prefix.tricky		诡诈的
infernalmobs	translation.infernalmobs:prefix.trolling		恶搞的
infernalmobs	translation.infernalmobs:prefix.turtling		龟缩的
infernalmobs	translation.infernalmobs:prefix.twinlived		双命的
infernalmobs	translation.infernalmobs:prefix.undying		不死的
infernalmobs	translation.infernalmobs:prefix.unseen		无形的
infernalmobs	translation.infernalmobs:prefix.vampiric		吸血鬼的
infernalmobs	translation.infernalmobs:prefix.webbing		织网的
infernalmobs	translation.infernalmobs:prefix.witchkin		巫族的
infernalmobs	translation.infernalmobs:prefix.withering		凋零的
infernalmobs	translation.infernalmobs:suffix.Doomskull		之末日颅骨
infernalmobs	translation.infernalmobs:suffix.OMFGFIREBALLS		之满屏火球
infernalmobs	translation.infernalmobs:suffix.ofApathy		之冷漠
infernalmobs	translation.infernalmobs:suffix.ofBallsofFire		之烈焰球
infernalmobs	translation.infernalmobs:suffix.ofBolting		之疾走
infernalmobs	translation.infernalmobs:suffix.ofBreathlessness		之窒息
infernalmobs	translation.infernalmobs:suffix.ofConflagration		之燎原大火
infernalmobs	translation.infernalmobs:suffix.ofCrispyness		之酥脆
infernalmobs	translation.infernalmobs:suffix.ofDarkSkulls		之暗颅
infernalmobs	translation.infernalmobs:suffix.ofDarkness		之黑暗
infernalmobs	translation.infernalmobs:suffix.ofDecay		之腐朽
infernalmobs	translation.infernalmobs:suffix.ofDeprivation		之匮乏
infernalmobs	translation.infernalmobs:suffix.ofEquilibrium		之均衡
infernalmobs	translation.infernalmobs:suffix.ofFatigue		之疲惫
infernalmobs	translation.infernalmobs:suffix.ofFirstAid		之急救
infernalmobs	translation.infernalmobs:suffix.ofHunger		之饥饿
infernalmobs	translation.infernalmobs:suffix.ofInnerPeace		之内心平静
infernalmobs	translation.infernalmobs:suffix.ofLightning		之闪电
infernalmobs	translation.infernalmobs:suffix.ofMissionControl		之任务控制
infernalmobs	translation.infernalmobs:suffix.ofPettyTheft		之顺手牵羊
infernalmobs	translation.infernalmobs:suffix.ofRecklessness		之莽撞
infernalmobs	translation.infernalmobs:suffix.ofRecurrence		之去而复返
infernalmobs	translation.infernalmobs:suffix.ofRepulsion		之击退
infernalmobs	translation.infernalmobs:suffix.ofRetribution		之报应
infernalmobs	translation.infernalmobs:suffix.ofSmashing		之粉碎
infernalmobs	translation.infernalmobs:suffix.ofSnagging		之钩夺
infernalmobs	translation.infernalmobs:suffix.ofStalking		之潜随
infernalmobs	translation.infernalmobs:suffix.ofStriking		之猛击
infernalmobs	translation.infernalmobs:suffix.ofStrikingBack		之反击
infernalmobs	translation.infernalmobs:suffix.ofTransfusion		之输血
infernalmobs	translation.infernalmobs:suffix.ofTraps		之陷阱
infernalmobs	translation.infernalmobs:suffix.ofTurtling		之龟缩
infernalmobs	translation.infernalmobs:suffix.ofVenom		之剧毒
infernalmobs	translation.infernalmobs:suffix.ofWEE		之哇啊啊啊
infernalmobs	translation.infernalmobs:suffix.ofWTFIMBA		之强到离谱
infernalmobs	translation.infernalmobs:suffix.ofYouCantRun		之你跑不掉
infernalmobs	translation.infernalmobs:suffix.ofbeinginyourFace		之当面糊脸
infernalmobs	translation.infernalmobs:suffix.ofeffingArmor		之该死的护甲
infernalmobs	translation.infernalmobs:suffix.oftwinLives		之双命
infernalmobs	translation.infernalmobs:suffix.theAnaerobic		之厌氧
infernalmobs	translation.infernalmobs:suffix.theBloodsucker		之啖血者
infernalmobs	translation.infernalmobs:suffix.theBomber		之投弹者
infernalmobs	translation.infernalmobs:suffix.theBrewmaster		之酿造大师
infernalmobs	translation.infernalmobs:suffix.theCancerous		之毒瘤
infernalmobs	translation.infernalmobs:suffix.theDeceiver		之欺诈者
infernalmobs	translation.infernalmobs:suffix.theDefender		之守护者
infernalmobs	translation.infernalmobs:suffix.theDrainer		之汲取者
infernalmobs	translation.infernalmobs:suffix.theEclipse		之日蚀
infernalmobs	translation.infernalmobs:suffix.theEnderborn		之终界之子
infernalmobs	translation.infernalmobs:suffix.theEquipmentHaunter		之装备掠夺者
infernalmobs	translation.infernalmobs:suffix.theFlipper		之掀翻者
infernalmobs	translation.infernalmobs:suffix.theMutated		之变异体
infernalmobs	translation.infernalmobs:suffix.theNASA		之航天局
infernalmobs	translation.infernalmobs:suffix.thePaleRider		之苍白骑士
infernalmobs	translation.infernalmobs:suffix.thePhoenix		之凤凰
infernalmobs	translation.infernalmobs:suffix.thePredator		之掠食者
infernalmobs	translation.infernalmobs:suffix.theQuickFingered		之妙手空空
infernalmobs	translation.infernalmobs:suffix.theRaging		之暴怒
infernalmobs	translation.infernalmobs:suffix.theRaiden		之雷电
infernalmobs	translation.infernalmobs:suffix.theShadow		之暗影
infernalmobs	translation.infernalmobs:suffix.theSinged		之焦灼
infernalmobs	translation.infernalmobs:suffix.theSlowingB		之减速的讨厌鬼
infernalmobs	translation.infernalmobs:suffix.theSpider		之蜘蛛
infernalmobs	translation.infernalmobs:suffix.theSwiftOne		之疾行者
infernalmobs	translation.infernalmobs:suffix.theThorned		之荆棘
infernalmobs	translation.infernalmobs:suffix.theTrickster		之诡术师
infernalmobs	translation.infernalmobs:suffix.theUndying		之不死者
infernalmobs	translation.infernalmobs:suffix.theUnseen		之无形者
infernalmobs	translation.infernalmobs:suffix.theVampire		之吸血鬼
infernalmobs	translation.infernalmobs:suffix.theWitchkin		之巫族
infernalmobs	translation.infernalmobs:suffix.theZenMaster		之禅师
infernalmobs	translation.infernalmobs:suffix.thedeadlyChalice		之致命圣杯
infernalmobs	translation.infernalmobs:suffix.yoink		.. 一把抢走
integratedcrafting	gui.integratedcrafting.partsettings.blockingmode		阻塞模式
integratedcrafting	info_book.integratedcrafting.crafting_interface.blocking		阻塞模式
integratedcrafting	info_book.integratedcrafting.crafting_interface.blocking.text1		默认情况下，&l合成接口&r会启用&o阻塞模式&r。这会使机器一次只接受一个配方；只有前一个配方完成后，才会开始下一个。
integratedcrafting	info_book.integratedcrafting.crafting_interface.blocking.text2		对于可并行处理多个输入的机器，你可以在&l合成接口&r的设置界面中关闭&o阻塞模式&r。关闭&o阻塞模式&r后，若你提交的是多数量合成任务，机器会尽可能多地同时处理输入。
integratedcrafting	info_book.integratedcrafting.crafting_interface.reusable		可重复使用的材料
integratedcrafting	info_book.integratedcrafting.crafting_interface.reusable.text1		如果你想配置不会完全消耗输入物品的配方（例如只消耗物品的部分耐久），可以把这些配方的材料设为&o可重复使用&r。具体做法：在&l逻辑编程器&r里创建&l变量卡&r时，按住 Shift 点击输入槽，并勾选&o可重复使用&r复选框。
integratedcrafting	itemGroup.integratedcrafting		集成工艺
integrateddynamics	aspect.integrateddynamics.write.double.effect.particle.minecraft_ash		粒子效果：灰烬
integrateddynamics	aspect.integrateddynamics.write.double.effect.particle.minecraft_ash.info		以特定的速度发出灰烬粒子效果
integrateddynamics	aspect.integrateddynamics.write.double.effect.particle.minecraft_crimson_spore		粒子效果：绯红孢子
integrateddynamics	aspect.integrateddynamics.write.double.effect.particle.minecraft_crimson_spore.info		以特定的速度发出绯红孢子粒子效果
integrateddynamics	aspect.integrateddynamics.write.double.effect.particle.minecraft_dripping_dripstone_lava		粒子效果：渗透滴水石锥熔岩
integrateddynamics	aspect.integrateddynamics.write.double.effect.particle.minecraft_dripping_dripstone_lava.info		以特定的速度发出渗透滴水石锥熔岩粒子效果
integrateddynamics	aspect.integrateddynamics.write.double.effect.particle.minecraft_dripping_dripstone_water		粒子效果：渗透滴水石锥水
integrateddynamics	aspect.integrateddynamics.write.double.effect.particle.minecraft_dripping_dripstone_water.info		以特定的速度发出渗透滴水石锥水粒子效果
integrateddynamics	aspect.integrateddynamics.write.double.effect.particle.minecraft_dripping_obsidian_tear		粒子效果：渗透黑曜石泪
integrateddynamics	aspect.integrateddynamics.write.double.effect.particle.minecraft_dripping_obsidian_tear.info		以特定的速度发出渗透黑曜石泪粒子效果
integrateddynamics	aspect.integrateddynamics.write.double.effect.particle.minecraft_electric_spark		粒子效果：电火花
integrateddynamics	aspect.integrateddynamics.write.double.effect.particle.minecraft_electric_spark.info		以特定的速度发出电火花粒子效果
integrateddynamics	aspect.integrateddynamics.write.double.effect.particle.minecraft_falling_dripstone_lava		粒子效果：下落滴水石锥熔岩
integrateddynamics	aspect.integrateddynamics.write.double.effect.particle.minecraft_falling_dripstone_lava.info		以特定的速度发出下落滴水石锥熔岩粒子效果
integrateddynamics	aspect.integrateddynamics.write.double.effect.particle.minecraft_falling_dripstone_water		粒子效果：下落滴水石锥水
integrateddynamics	aspect.integrateddynamics.write.double.effect.particle.minecraft_falling_dripstone_water.info		以特定的速度发出下落滴水石锥水粒子效果
integrateddynamics	aspect.integrateddynamics.write.double.effect.particle.minecraft_falling_obsidian_tear		粒子效果：下落黑曜石泪
integrateddynamics	aspect.integrateddynamics.write.double.effect.particle.minecraft_falling_obsidian_tear.info		以特定的速度发出下落黑曜石泪粒子效果
integrateddynamics	aspect.integrateddynamics.write.double.effect.particle.minecraft_falling_spore_blossom		粒子效果：下落孢子花
integrateddynamics	aspect.integrateddynamics.write.double.effect.particle.minecraft_falling_spore_blossom.info		以特定的速度发出下落孢子花粒子效果
integrateddynamics	aspect.integrateddynamics.write.double.effect.particle.minecraft_glow		粒子效果：辉光
integrateddynamics	aspect.integrateddynamics.write.double.effect.particle.minecraft_glow.info		以特定的速度发出辉光粒子效果
integrateddynamics	aspect.integrateddynamics.write.double.effect.particle.minecraft_glow_squid_ink		粒子效果：发光鱿鱼墨
integrateddynamics	aspect.integrateddynamics.write.double.effect.particle.minecraft_glow_squid_ink.info		以特定的速度发出发光鱿鱼墨粒子效果
integrateddynamics	aspect.integrateddynamics.write.double.effect.particle.minecraft_landing_obsidian_tear		粒子效果：落地黑曜石泪
integrateddynamics	aspect.integrateddynamics.write.double.effect.particle.minecraft_landing_obsidian_tear.info		以特定的速度发出落地黑曜石泪粒子效果
integrateddynamics	aspect.integrateddynamics.write.double.effect.particle.minecraft_reverse_portal		粒子效果：反转传送门
integrateddynamics	aspect.integrateddynamics.write.double.effect.particle.minecraft_reverse_portal.info		以特定的速度发出反转传送门粒子效果
integrateddynamics	aspect.integrateddynamics.write.double.effect.particle.minecraft_scrape		粒子效果：刮削
integrateddynamics	aspect.integrateddynamics.write.double.effect.particle.minecraft_scrape.info		以特定的速度发出刮削粒子效果
integrateddynamics	aspect.integrateddynamics.write.double.effect.particle.minecraft_small_flame		粒子效果：小火苗
integrateddynamics	aspect.integrateddynamics.write.double.effect.particle.minecraft_small_flame.info		以特定的速度发出小火苗粒子效果
integrateddynamics	aspect.integrateddynamics.write.double.effect.particle.minecraft_snowflake		粒子效果：雪花
integrateddynamics	aspect.integrateddynamics.write.double.effect.particle.minecraft_snowflake.info		以特定的速度发出雪花粒子效果
integrateddynamics	aspect.integrateddynamics.write.double.effect.particle.minecraft_soul		粒子效果：灵魂
integrateddynamics	aspect.integrateddynamics.write.double.effect.particle.minecraft_soul.info		以特定的速度发出灵魂粒子效果
integrateddynamics	aspect.integrateddynamics.write.double.effect.particle.minecraft_soul_fire_flame		粒子效果：灵魂火火焰
integrateddynamics	aspect.integrateddynamics.write.double.effect.particle.minecraft_soul_fire_flame.info		以特定的速度发出灵魂火火焰粒子效果
integrateddynamics	aspect.integrateddynamics.write.double.effect.particle.minecraft_spore_blossom_air		粒子效果：孢子花空气
integrateddynamics	aspect.integrateddynamics.write.double.effect.particle.minecraft_spore_blossom_air.info		以特定的速度发出孢子花空气粒子效果
integrateddynamics	aspect.integrateddynamics.write.double.effect.particle.minecraft_warped_spore		粒子效果：诡异孢子
integrateddynamics	aspect.integrateddynamics.write.double.effect.particle.minecraft_warped_spore.info		以特定的速度发出诡异孢子粒子效果
integrateddynamics	aspect.integrateddynamics.write.double.effect.particle.minecraft_wax_off		粒子效果：脱蜡
integrateddynamics	aspect.integrateddynamics.write.double.effect.particle.minecraft_wax_off.info		以特定的速度发出脱蜡粒子效果
integrateddynamics	aspect.integrateddynamics.write.double.effect.particle.minecraft_wax_on		粒子效果：上蜡
integrateddynamics	aspect.integrateddynamics.write.double.effect.particle.minecraft_wax_on.info		以特定的速度发出上蜡粒子效果
integrateddynamics	aspect.integrateddynamics.write.double.effect.particle.minecraft_white_ash		粒子效果：白灰烬
integrateddynamics	aspect.integrateddynamics.write.double.effect.particle.minecraft_white_ash.info		以特定的速度发出白灰烬粒子效果
integrateddynamics	gui.integrateddynamics.diagnostics.table.actions		操作
integrateddynamics	gui.integrateddynamics.recipe.reusable		可重复使用
integrateddynamics	info_book.integrateddynamics.manual.diagnostics		网络诊断
integrateddynamics	info_book.integrateddynamics.manual.diagnostics.text1		拥有管理员权限的玩家可以使用&l网络诊断&r工具，借此查看服务器上所有网络的每刻耗时。
integrateddynamics	info_book.integrateddynamics.manual.diagnostics.text2		如需启用此工具，可执行 &o\\integrateddynamics networkdiagnostics&r 命令，这将启动一个临时的本地网页服务器。
integrateddynamics	info_book.integrateddynamics.manual.diagnostics.text3		执行该命令后点击显示的链接，你的网页浏览器将会打开，并显示一张包含所有网络及其元素的表格。你可以点击任意一行以在世界中高亮它们，或点击&l传送&r按钮将你的玩家传送至该处。
integrateddynamics	info_book.integrateddynamics.manual.logic.value_types.recipe.text5		在&l逻辑编程器&r中按住 Shift 点击输入槽，即可配置该输入槽的详细属性。例如，你可以指定是否考虑 NBT、该物品能否在多个配方中重复使用（例如合成作业后是否不会被完全消耗），以及是否考虑基于标签的替代物品。
integrateddynamics	operator.integrateddynamics.error.replace_regex.invalid_group		正则替换中的替换项 "%s" 含有无效分组：%s
integrateddynamics	operator.integrateddynamics.number.ceil		向上取整
integrateddynamics	operator.integrateddynamics.number.ceil.info		向上取整至最接近的整型值
integrateddynamics	operator.integrateddynamics.number.floor		向下取整
integrateddynamics	operator.integrateddynamics.number.floor.info		向下取整至最接近的整型值
integrateddynamics	operator.integrateddynamics.number.round		四舍五入
integrateddynamics	operator.integrateddynamics.number.round.info		四舍五入至最接近的整型值
integrateddynamicscompat	_comment		# 要素
integratednbt	integratednbt:nbt_extraction_operator.category_name		NBT
integratednbt	integratednbt:nbt_extractor.arrow		 §7➡§r 
integratednbt	integratednbt:nbt_extractor.index		§7#§r%s
integratedterminals	gui.integratedterminals.terminal_storage.scale		网格大小
integratedterminals	gui.integratedterminals.terminal_storage.scale.info		配置存储网格的大小
integratedterminals	gui.integratedterminals.terminal_storage.scale.large		§a大
integratedterminals	gui.integratedterminals.terminal_storage.scale.medium		§a中
integratedterminals	gui.integratedterminals.terminal_storage.scale.scalex		§a缩放宽度
integratedterminals	gui.integratedterminals.terminal_storage.scale.scalexy		§a缩放高度/宽度
integratedterminals	gui.integratedterminals.terminal_storage.scale.scaley		§a缩放高度
integratedterminals	gui.integratedterminals.terminal_storage.scale.small		§a小
integratedterminals	info_book.integratedterminals.storage_terminal.usage.text10		所有终端设置（按钮、搜索框、标签页等）都会按玩家和终端分别保存。你可以点击终端界面右下角的铁砧按钮，来设定新放置的终端默认加载哪些设置。
integratedterminals	itemGroup.integratedterminals		集成终端
integratedtunnels	aspect.aspecttypes.integratedtunnels.long.energy.rate		能量传输速率
integratedtunnels	aspect.integratedtunnels.write.long.energy.export		导出能量数量
integratedtunnels	aspect.integratedtunnels.write.long.energy.export.info		每刻导出给定数量的能量。
integratedtunnels	aspect.integratedtunnels.write.long.energy.import		导入能量数量
integratedtunnels	aspect.integratedtunnels.write.long.energy.import.info		每刻导入给定数量的能量。
integratedtunnels	aspect.integratedtunnels.write.long.world.entity.energy.export		向实体导出能量数量
integratedtunnels	aspect.integratedtunnels.write.long.world.entity.energy.export.info		每刻向所朝方向的实体导出给定数量的能量。
integratedtunnels	aspect.integratedtunnels.write.long.world.entity.energy.import		从实体导入能量数量
integratedtunnels	aspect.integratedtunnels.write.long.world.entity.energy.import.info		每刻从所朝方向的实体导入给定数量的能量。
integratedtunnels	operator.integrateddynamics.virtual.countbyfluid		网络中流体数量
integratedtunnels	operator.integrateddynamics.virtual.countbyitem		网络中物品数量
iris	iris.unsupported.iris		Oculus
iris	options.iris.colorSpace		色彩空间
iris	options.iris.colorSpace.sodium_tooltip		要把屏幕转换到的色彩空间，在光影包之上生效。不确定时请使用 SRGB。
ironchests	container.chest.copper		铜箱子
ironchests	container.chest.crystal		水晶箱子
ironchests	container.chest.diamond		钻石箱子
ironchests	container.chest.dirt		泥土箱子
ironchests	container.chest.gold		金箱子
ironchests	container.chest.iron		铁箱子
ironchests	container.chest.netherite		下界合金箱子
ironchests	container.chest.obsidian		黑曜石箱子
ironfurnaces	itemGroup.ironfurnaces		铁熔炉
irongenerators	itemGroup.tabmore_generators		铁发电机
ispawner	block.ispawner.spawner		刷怪笼
ispawner	block.ispawner.survival_spawner		生存模式刷怪笼
ispawner	container.spawner		刷怪笼
ispawner	container.survival_spawner		生存模式刷怪笼
ispawner	item.ispawner.cage_dust		笼子粉尘
ispawner	item.ispawner.cage_piece		笼子碎片
ispawner	item.ispawner.spawn_egg		刷怪蛋
ispawner	item.ispawner.spawner_controller		刷怪笼控制器
itemfilters	itemGroup.itemfilters.itemfilters		物品过滤器
itemfilters	itemGroup.itemfilters.main		物品过滤器
itemfilters	itemfilters.help_text.damage		物品耐久\n▶ 也可包含关系运算符，例如 "<10" 或 ">=5"\n也可按百分比，例如 ">50%"
itemfilters	itemfilters.help_text.filter		过滤器（右键清除）
itemfilters	itemfilters.help_text.max_count		最大堆叠数量\n▶ 也可包含关系运算符，例如 "<64" 或 ">=16"
itemfilters	itemfilters.help_text.nbt		NBT 字符串\n▶ 例如 { text:"hello", value: 1, active: true }
itemfilters	itemfilters.help_text.regex		正则表达式\n 与物品 ID 匹配\n▶ 例如 "^minecraft:" 可匹配所有原版物品
itemfilters	itemfilters.help_text.variants		Tab、滚轮、光标上/下：调整高亮项\n回车：选中高亮项
itemfilters	itemfilters.help_text.weak_nbt		弱匹配 NBT 字符串\n▶ 例如 { text:"hello", value: 1, active: true }\n▶ 只会检查所提供的 NBT 字段（物品中的其他字段会被忽略）
itemfilters	itemfilters.variants		变种 [%d]
jade	command.waila.dump.success		导出成功
jade	jade.seconds		%d 秒
jade	mymod.fuel		燃料：%d 刻
jade	toast.jade.toggle_hint.1		Jade 已关闭
jade	toast.jade.toggle_hint.2		再次按下 %s 可重新打开
jadeaddons	config.waila.plugin_create.blaze_burner		烈焰加热器
jadeaddons	config.waila.plugin_create.contraption_inv		机械装置物品栏
jadeaddons	config.waila.plugin_create.crafting_blueprint		合成蓝图
jadeaddons	config.waila.plugin_create.exact_block		机械装置精确方块
jadeaddons	config.waila.plugin_create.placard		标牌
jadeaddons	config.waila.plugin_deepresonance.crystal		水晶
jadeaddons	config.waila.plugin_deepresonance.generator_part		发电机部件
jadeaddons	config.waila.plugin_lootr.info		信息
jadeaddons	config.waila.plugin_mcjtylib.jadeaddons		已启用
jadeaddons	config.waila.plugin_secretroomsmod.jadeaddons		已启用
jadeaddons	config.waila.plugin_tconstruct.casting_table		铸造台
jadeaddons	config.waila.plugin_tconstruct.drain		排液口与管道
jadeaddons	entity.tconstruct.efln_ball		EFLN
jadeaddons	entity.tconstruct.flint_shuriken		燧石手里剑
jadeaddons	entity.tconstruct.glow_ball		发光球
jadeaddons	entity.tconstruct.quartz_shuriken		石英手里剑
jadeaddons	jadeaddons.deepresonance.collectors		收集器：%s
jadeaddons	jadeaddons.deepresonance.crystalPower		能量：%s%%（%s RF/t）
jadeaddons	jadeaddons.deepresonance.generators		发电机：%s
jadeaddons	jadeaddons.deepresonance.id		编号：%s
jadeaddons	jadeaddons.deepresonance.sep		强度/效率/纯度 %s%% %s%% %s%%
jadeaddons	jadeaddons.lootr.decay		将在 %ss 后衰减
jadeaddons	jadeaddons.lootr.refresh		将在 %ss 后刷新
jadeaddons	jadeaddons.lootr.refreshed		已刷新！
jadeaddons	jadeaddons.mcjtylib.infused		已注入：%s%%
jadeaddons	jadeaddons.mcjtylib.ownedBy		归属：%s
jadeaddons	jadeaddons.mcjtylib.ownedBy.warning		警告！归属未正确设置！请重新放置该方块！
jadeaddons	jadeaddons.mcjtylib.ownedBy.withChannel		归属：%s（频道 %s）
jea	jea.advancement.incomplete		进度尚未完成。
jea	jea.advancement.partial		进度 %s 已完成。
jea	jea.advancement.partial.simple		进度已部分完成。
jea	jea.category.advancement		进度
jecalculation	jecalculation.key.category		恰到好处的计算
jei	config.jei.search.searchAdvancedTooltips		搜索高级提示信息
jei	config.jei.search.tagSearchMode		$标签
jei	jei.tooltip.error.recipe.transfer.disabled		服务器配置已禁用 JEI 配方转移
jeiintegration	config.jeiintegration.tooltips.enchantabilityTooltipMode		附魔能力提示
jeiintegration	tooltip.jeiintegration.enchantability		附魔能力：
jeimultiblocks	jeimultiblocks.formMultiblock		用锤子查看多方块结构
jeitweaker	jeitweaker.command.description.dump.jei_categories		列出不同的 JEI 分类
jeitweaker	jeitweaker.command.misc.categories		分类
jeresources	_comment		#月相
just_enough_beacons	category.beacon_base_blocks		信标基座方块
just_enough_beacons	category.beacon_payments		信标消耗物
just_enough_beacons	category.conduit_frame_blocks		潮涌核心框架方块
justzoom	justzoom.keybinds.category		简易缩放
justzoom	justzoom.keybinds.keybind.zoom		缩放
ktnilcks	_comment		按键绑定错误消息
ktnilcks	config.ktnilcks.action.bypassall.long		启用后，除使用丢弃键丢弃物品之外，绕过将始终生效
ktnilcks	config.ktnilcks.action.bypassall.short		自动绕过所有物品
ktnilcks	config.ktnilcks.action.bypassaoffhand.long		启用后，与副手交换物品将始终绕过锁定
ktnilcks	config.ktnilcks.action.bypassheld.long		启用后，在物品栏中手持物品将始终绕过锁定
ktnilcks	config.ktnilcks.action.bypassheld.short		自动绕过手持物品
ktnilcks	config.ktnilcks.action.bypassoffhand.short		自动绕过副手交换
ktnilcks	config.ktnilcks.base.config_title		ItemLocks 配置
ktnilcks	config.ktnilcks.base.modname		ItemLocks
ktnilcks	config.ktnilcks.hotbar.visible.long		关闭后，锁定状态不会显示在快捷栏上。
ktnilcks	config.ktnilcks.hotbar.visible.short		显示快捷栏锁定
ktnilcks	config.ktnilcks.notify.chat.long		启用后，进入世界或服务器时会在聊天栏发送版本反馈。
ktnilcks	config.ktnilcks.notify.chat.short		启用聊天通知
ktnilcks	config.ktnilcks.notify.global.long		启用后，允许模组根据版本变化给出反馈。
ktnilcks	config.ktnilcks.notify.global.short		启用通知
ktnilcks	config.ktnilcks.notify.hud.long		启用后，会在游戏界面中显示版本反馈。
ktnilcks	config.ktnilcks.notify.hud.short		启用 HUD 提示
ktnilcks	config.ktnilcks.section.actions		操作
ktnilcks	config.ktnilcks.section.hotbar		快捷栏
ktnilcks	config.ktnilcks.section.versions		版本通知
ktnilcks	error.key.ktnilcks.lock.bypass		§6ItemLocks§8: §7绕过锁定键已重置为默认值，以避免崩溃！
ktnilcks	error.key.ktnilcks.lock.toggle		§6ItemLocks§8: §7锁定切换键已重置为默认值，以避免崩溃！
ktnilcks	error.key.ktnilcks.options.show		§6ItemLocks§8: §7显示选项键已重置为默认值，以避免崩溃！
ktnilcks	key.categories.ktnilcks		ItemLocks
ktnilcks	key.ktnilcks.lock.bypass.hold		绕过锁定（按住）
ktnilcks	key.ktnilcks.lock.toggle.hold		切换锁定（按住）
ktnilcks	key.ktnilcks.options.show		显示选项
laserbridges	block.laserbridges.laser_fence_source_block		激光栅栏发射器
laserbridges	block.laserbridges.laser_source_block		激光发射器
laserbridges	laserbridges.deimosconfig.blocks_cut_through_by_lasers		可被激光替换的方块
laserbridges	laserbridges.deimosconfig.max_length		红石信号最强时的桥梁长度
laserbridges	laserbridges.deimosconfig.title		激光桥与激光门配置
laserio	itemGroup.laserio		LaserIO
lctech	block.lctech.battery_shop		电池商店
lctech	block.lctech.diamond_tank		钻石储罐
lctech	block.lctech.energy_trader_interface		能量商人界面终端
lctech	block.lctech.energy_trader_server		网络能量商人
lctech	block.lctech.fluid_tap		流体阀门
lctech	block.lctech.fluid_tap_bundle		流体阀门束
lctech	block.lctech.fluid_trader_interface		流体商人界面终端
lctech	block.lctech.fluid_trader_server_lrg		T3 网络流体商人
lctech	block.lctech.fluid_trader_server_med		T2 网络流体商人
lctech	block.lctech.fluid_trader_server_sml		T1 网络流体商人
lctech	block.lctech.fluid_trader_server_xlrg		T4 网络流体商人
lctech	block.lctech.gold_tank		金质储罐
lctech	block.lctech.iron_tank		铁质储罐
lctech	gui.lctech.energytrade.pending_drain		等待抽取 %s。
lctech	gui.lctech.energytrade.tooltip.purchase		§6正在购买 §r%s
lctech	gui.lctech.energytrade.tooltip.sale		§6正在出售 §r%s
lctech	gui.lctech.fluid_edit.title		选择流体
lctech	gui.lctech.fluidtrade.pending_drain		等待抽取 %smB 流体。
lctech	gui.lctech.fluidtrade.tooltip.purchase		§6正在购买 §r%s
lctech	gui.lctech.fluidtrade.tooltip.quantity		%1$s 桶（%2$smB）
lctech	gui.lctech.fluidtrade.tooltip.sale		§6正在出售 §r%s
lctech	gui.lctech.interface.difference.product.purchase		购买
lctech	gui.lctech.interface.difference.product.sale		出售
lctech	gui.lctech.interface.energy.difference.quantity.less		交易量少了 %1$s %2$s。
lctech	gui.lctech.interface.energy.difference.quantity.more		交易量多了 %1$s %2$s。
lctech	gui.lctech.interface.fluid.difference.fluidnbt		流体 NBT 不匹配。
lctech	gui.lctech.interface.fluid.difference.fluidtype		交易的是 %s 另一种流体。
lctech	gui.lctech.interface.fluid.difference.quantity.less		交易量少了 %1$s %2$smB。
lctech	gui.lctech.interface.fluid.difference.quantity.more		交易量多了 %1$s %2$smB。
lctech	gui.lctech.nofluid		无流体
lctech	gui.lctech.settings.energy.drainmode		允许输出：%s
lctech	gui.lctech.settings.energy.drainmode.full		始终
lctech	gui.lctech.settings.energy.drainmode.sales		仅限已购
lctech	gui.lctech.settings.energyinput.side		输入面
lctech	gui.lctech.settings.energyoutput.side		输出面
lctech	gui.lctech.settings.fluidinput.side		输入面
lctech	gui.lctech.settings.fluidoutput.side		输出面
lctech	gui.lctech.universaltrader.energy		能量商人
lctech	gui.lctech.universaltrader.fluid		流体商人
lctech	item.lctech.battery		电池
lctech	item.lctech.battery_large		大型电池
lctech	item.lctech.energy_capacity_upgrade_1		能量容量升级（铁）
lctech	item.lctech.energy_capacity_upgrade_2		能量容量升级（金）
lctech	item.lctech.energy_capacity_upgrade_3		能量容量升级（钻石）
lctech	item.lctech.fluid_capacity_upgrade_1		流体容量升级（铁）
lctech	item.lctech.fluid_capacity_upgrade_2		流体容量升级（金）
lctech	item.lctech.fluid_capacity_upgrade_3		流体容量升级（钻石）
lctech	item.lctech.fluid_shard		流体碎片
lctech	log.shoplog.energy.format		%1$s%2$s %3$s %4$s，换取 %5$s
lctech	log.shoplog.fluid.fluidformat		%1$smB 的 %2$s
lctech	log.shoplog.fluid.format		%1$s%2$s %3$s %4$s，换取 %5$s
lctech	notifications.message.energy_trade		%1$s %2$s %3$s，换取 %4$s
lctech	notifications.message.fluid_trade		%1$s %2$s %3$s，换取 %4$s
lctech	permission.changeDrainability		编辑抽取/填充设置
lctech	permission.energyExternalInputs		更改导入/导出设置
lctech	permission.fluidExternalInputs		更改导入/导出设置
lctech	tooltip.lctech.fluid_tank.capacity		最多可容纳 %smB
lctech	tooltip.lctech.interface.energy.1		可用于从任意网络能量商人处自动购买或出售能量。
lctech	tooltip.lctech.interface.energy.2		可用于从你拥有权限的网络能量商人处自动抽取或补货。
lctech	tooltip.lctech.interface.energy.3		注意：不会自动判断应当只
lctech	tooltip.lctech.interface.energy.4		补货还是抽取，请务必按需设置输入与模式。
lctech	tooltip.lctech.interface.fluid.1		可用于从任意网络流体商人处自动购买或出售流体。
lctech	tooltip.lctech.interface.fluid.2		可用于从你拥有权限的网络流体商人处自动抽取或补货。
lctech	tooltip.lctech.settings.energyinput		外部能量输入与输出
lctech	tooltip.lctech.settings.fluidinput		外部流体输入与输出
lctech	tooltip.lctech.trader.energy.1		能量商人：
lctech	tooltip.lctech.trader.energy.2		可用于向其他玩家出售或购买 Forge 能量。
lctech	tooltip.lctech.trader.fluid.1		流体商人：
lctech	tooltip.lctech.trader.fluid.2		可用于向其他玩家出售或购买流体。
lctech	tooltip.lctech.trader.fluid.add_bucket		出售流体量 +1 桶（1,000mB）
lctech	tooltip.lctech.trader.fluid.fill_tank		手持流体容器点击可装满/清空。
lctech	tooltip.lctech.trader.fluid.remove_bucket		出售流体量 −1 桶（1,000mB）
lctech	tooltip.lctech.trader.fluid_edit		点击设置流体
lctech	tooltip.lctech.trader.fluid_settings.drain.disabled		外部抽取：已禁用
lctech	tooltip.lctech.trader.fluid_settings.drain.enabled		外部抽取：已启用
lctech	tooltip.lctech.trader.fluid_settings.drainable		可抽取
lctech	tooltip.lctech.trader.fluid_settings.drainable.wordy		处于可抽取状态时，买家可用泵或其他抽取方式取走已购流体。\n\n若本次为收购，罐内全部内容都可被泵抽走。
lctech	tooltip.lctech.trader.fluid_settings.fill.disabled		外部填充：已禁用
lctech	tooltip.lctech.trader.fluid_settings.fill.enabled		外部填充：已启用
lctech	tooltip.lctech.trader.fluid_settings.fillable		可填充
lctech	tooltip.lctech.trader.fluid_settings.fillable.wordy		处于可填充状态时，可用泵将流体灌入商人以补充本次交易的库存。\n\n对收购交易无效。
lctech	tooltip.lctech.trader.network.energy.1		能量商人：
lctech	tooltip.lctech.trader.network.energy.2		可用于向其他玩家出售或购买 Forge 能量。
lctech	tooltip.lctech.trader.network.energy.3		只能通过交易终端访问。
lctech	tooltip.lctech.trader.network.fluid.1		流体商人：
lctech	tooltip.lctech.trader.network.fluid.2		可用于向其他玩家出售或购买流体。
lctech	tooltip.lctech.trader.network.fluid.3		只能通过交易终端访问。
lctech	tooltip.lctech.upgrade.energy_capacity		能量容量提升 %s。
lctech	tooltip.lctech.upgrade.fluid_capacity		储罐容量提升 %smB。
lctech	tooltip.lightmanscurrency.nooutputcontainer		没有输出空间。
libnonymous	gui.libnonymous.label.button.redstone.tooltip.ignore		忽略附近的红石信号
libnonymous	gui.libnonymous.label.button.redstone.tooltip.rejected		附近有红石信号时不运行
libnonymous	gui.libnonymous.label.button.redstone.tooltip.required		仅在附近有红石信号时运行
lightmanscurrency	advancements.lightmanscurrency.jar_of_sus.description		为什么非得是汤啊！？
lightmanscurrency	advancements.lightmanscurrency.jar_of_sus.title		可疑银行支票
lightmanscurrency	advancements.lightmanscurrency.root.title		光明币
lightmanscurrency	block.lightmanscurrency.atm		ATM
lightmanscurrency	block.lightmanscurrency.auction_stand_acacia		金合欢木拍卖台
lightmanscurrency	block.lightmanscurrency.auction_stand_bamboo		竹子拍卖台
lightmanscurrency	block.lightmanscurrency.auction_stand_biomesoplenty_cherry		樱花木拍卖台
lightmanscurrency	block.lightmanscurrency.auction_stand_biomesoplenty_dead		枯木拍卖台
lightmanscurrency	block.lightmanscurrency.auction_stand_biomesoplenty_fir		冷杉木拍卖台
lightmanscurrency	block.lightmanscurrency.auction_stand_biomesoplenty_hellbark		地狱皮树木拍卖台
lightmanscurrency	block.lightmanscurrency.auction_stand_biomesoplenty_jacaranda		蓝花楹木拍卖台
lightmanscurrency	block.lightmanscurrency.auction_stand_biomesoplenty_magic		魔法木拍卖台
lightmanscurrency	block.lightmanscurrency.auction_stand_biomesoplenty_mahogany		桃花心木拍卖台
lightmanscurrency	block.lightmanscurrency.auction_stand_biomesoplenty_palm		棕榈木拍卖台
lightmanscurrency	block.lightmanscurrency.auction_stand_biomesoplenty_redwood		红杉木拍卖台
lightmanscurrency	block.lightmanscurrency.auction_stand_biomesoplenty_umbran		暗影木拍卖台
lightmanscurrency	block.lightmanscurrency.auction_stand_biomesoplenty_willow		柳木拍卖台
lightmanscurrency	block.lightmanscurrency.auction_stand_birch		白桦木拍卖台
lightmanscurrency	block.lightmanscurrency.auction_stand_byg_aspen		白杨木拍卖台
lightmanscurrency	block.lightmanscurrency.auction_stand_byg_baobab		猴面包树木拍卖台
lightmanscurrency	block.lightmanscurrency.auction_stand_byg_blue_enchanted		蓝色魔法木拍卖台
lightmanscurrency	block.lightmanscurrency.auction_stand_byg_bulbis		球茎木拍卖台
lightmanscurrency	block.lightmanscurrency.auction_stand_byg_cherry		樱花木拍卖台
lightmanscurrency	block.lightmanscurrency.auction_stand_byg_cika		西卡木拍卖台
lightmanscurrency	block.lightmanscurrency.auction_stand_byg_cypress		柏木拍卖台
lightmanscurrency	block.lightmanscurrency.auction_stand_byg_ebony		乌木拍卖台
lightmanscurrency	block.lightmanscurrency.auction_stand_byg_embur		余烬木拍卖台
lightmanscurrency	block.lightmanscurrency.auction_stand_byg_ether		以太木拍卖台
lightmanscurrency	block.lightmanscurrency.auction_stand_byg_fir		冷杉木拍卖台
lightmanscurrency	block.lightmanscurrency.auction_stand_byg_fungal_imparius		真菌伊帕里乌斯木拍卖台
lightmanscurrency	block.lightmanscurrency.auction_stand_byg_green_enchanted		绿色魔法木拍卖台
lightmanscurrency	block.lightmanscurrency.auction_stand_byg_holly		冬青木拍卖台
lightmanscurrency	block.lightmanscurrency.auction_stand_byg_imbued_blue_enchanted		灌注蓝色魔法木拍卖台
lightmanscurrency	block.lightmanscurrency.auction_stand_byg_imbued_green_enchanted		灌注绿色魔法木拍卖台
lightmanscurrency	block.lightmanscurrency.auction_stand_byg_imbued_nightshade		灌注夜影木拍卖台
lightmanscurrency	block.lightmanscurrency.auction_stand_byg_imparius		伊帕里乌斯木拍卖台
lightmanscurrency	block.lightmanscurrency.auction_stand_byg_jacaranda		蓝花楹木拍卖台
lightmanscurrency	block.lightmanscurrency.auction_stand_byg_lament		悲叹木拍卖台
lightmanscurrency	block.lightmanscurrency.auction_stand_byg_mahogany		桃花心木拍卖台
lightmanscurrency	block.lightmanscurrency.auction_stand_byg_mangrove		红树木拍卖台
lightmanscurrency	block.lightmanscurrency.auction_stand_byg_maple		枫木拍卖台
lightmanscurrency	block.lightmanscurrency.auction_stand_byg_nightshade		夜影木拍卖台
lightmanscurrency	block.lightmanscurrency.auction_stand_byg_palm		棕榈木拍卖台
lightmanscurrency	block.lightmanscurrency.auction_stand_byg_palo_verde		绿玉树木拍卖台
lightmanscurrency	block.lightmanscurrency.auction_stand_byg_pine		松木拍卖台
lightmanscurrency	block.lightmanscurrency.auction_stand_byg_rainbow_eucalyptus		彩虹桉木拍卖台
lightmanscurrency	block.lightmanscurrency.auction_stand_byg_redwood		红杉木拍卖台
lightmanscurrency	block.lightmanscurrency.auction_stand_byg_skyris		苍穹木拍卖台
lightmanscurrency	block.lightmanscurrency.auction_stand_byg_sythian		赛希斯木拍卖台
lightmanscurrency	block.lightmanscurrency.auction_stand_byg_white_mangrove		白红树木拍卖台
lightmanscurrency	block.lightmanscurrency.auction_stand_byg_willow		柳木拍卖台
lightmanscurrency	block.lightmanscurrency.auction_stand_byg_witch_hazel		金缕梅木拍卖台
lightmanscurrency	block.lightmanscurrency.auction_stand_byg_withering_oak		凋零橡木拍卖台
lightmanscurrency	block.lightmanscurrency.auction_stand_byg_zelkova		榉木拍卖台
lightmanscurrency	block.lightmanscurrency.auction_stand_cherry		樱花木拍卖台
lightmanscurrency	block.lightmanscurrency.auction_stand_crimson		绯红木拍卖台
lightmanscurrency	block.lightmanscurrency.auction_stand_dark_oak		深色橡木拍卖台
lightmanscurrency	block.lightmanscurrency.auction_stand_jungle		丛林木拍卖台
lightmanscurrency	block.lightmanscurrency.auction_stand_mangrove		红树木拍卖台
lightmanscurrency	block.lightmanscurrency.auction_stand_oak		橡木拍卖台
lightmanscurrency	block.lightmanscurrency.auction_stand_spruce		云杉木拍卖台
lightmanscurrency	block.lightmanscurrency.auction_stand_warped		诡异木拍卖台
lightmanscurrency	block.lightmanscurrency.bookshelf_trader_acacia		金合欢木书架商人
lightmanscurrency	block.lightmanscurrency.bookshelf_trader_bamboo		竹子书架商人
lightmanscurrency	block.lightmanscurrency.bookshelf_trader_biomesoplenty_cherry		樱花木书架商人
lightmanscurrency	block.lightmanscurrency.bookshelf_trader_biomesoplenty_dead		枯木书架商人
lightmanscurrency	block.lightmanscurrency.bookshelf_trader_biomesoplenty_fir		冷杉木书架商人
lightmanscurrency	block.lightmanscurrency.bookshelf_trader_biomesoplenty_hellbark		地狱皮树木书架商人
lightmanscurrency	block.lightmanscurrency.bookshelf_trader_biomesoplenty_jacaranda		蓝花楹木书架商人
lightmanscurrency	block.lightmanscurrency.bookshelf_trader_biomesoplenty_magic		魔法木书架商人
lightmanscurrency	block.lightmanscurrency.bookshelf_trader_biomesoplenty_mahogany		桃花心木书架商人
lightmanscurrency	block.lightmanscurrency.bookshelf_trader_biomesoplenty_palm		棕榈木书架商人
lightmanscurrency	block.lightmanscurrency.bookshelf_trader_biomesoplenty_redwood		红杉木书架商人
lightmanscurrency	block.lightmanscurrency.bookshelf_trader_biomesoplenty_umbran		暗影木书架商人
lightmanscurrency	block.lightmanscurrency.bookshelf_trader_biomesoplenty_willow		柳木书架商人
lightmanscurrency	block.lightmanscurrency.bookshelf_trader_birch		白桦木书架商人
lightmanscurrency	block.lightmanscurrency.bookshelf_trader_byg_aspen		白杨木书架商人
lightmanscurrency	block.lightmanscurrency.bookshelf_trader_byg_baobab		猴面包树木书架商人
lightmanscurrency	block.lightmanscurrency.bookshelf_trader_byg_blue_enchanted		蓝色魔法木书架商人
lightmanscurrency	block.lightmanscurrency.bookshelf_trader_byg_bulbis		球茎木书架商人
lightmanscurrency	block.lightmanscurrency.bookshelf_trader_byg_cherry		樱花木书架商人
lightmanscurrency	block.lightmanscurrency.bookshelf_trader_byg_cika		西卡木书架商人
lightmanscurrency	block.lightmanscurrency.bookshelf_trader_byg_cypress		柏木书架商人
lightmanscurrency	block.lightmanscurrency.bookshelf_trader_byg_ebony		乌木书架商人
lightmanscurrency	block.lightmanscurrency.bookshelf_trader_byg_embur		余烬木书架商人
lightmanscurrency	block.lightmanscurrency.bookshelf_trader_byg_ether		以太木书架商人
lightmanscurrency	block.lightmanscurrency.bookshelf_trader_byg_fir		冷杉木书架商人
lightmanscurrency	block.lightmanscurrency.bookshelf_trader_byg_green_enchanted		绿色魔法木书架商人
lightmanscurrency	block.lightmanscurrency.bookshelf_trader_byg_holly		冬青木书架商人
lightmanscurrency	block.lightmanscurrency.bookshelf_trader_byg_imparius		伊帕里乌斯木书架商人
lightmanscurrency	block.lightmanscurrency.bookshelf_trader_byg_jacaranda		蓝花楹木书架商人
lightmanscurrency	block.lightmanscurrency.bookshelf_trader_byg_lament		悲叹木书架商人
lightmanscurrency	block.lightmanscurrency.bookshelf_trader_byg_mahogany		桃花心木书架商人
lightmanscurrency	block.lightmanscurrency.bookshelf_trader_byg_mangrove		红树木书架商人
lightmanscurrency	block.lightmanscurrency.bookshelf_trader_byg_maple		枫木书架商人
lightmanscurrency	block.lightmanscurrency.bookshelf_trader_byg_nightshade		夜影木书架商人
lightmanscurrency	block.lightmanscurrency.bookshelf_trader_byg_palm		棕榈木书架商人
lightmanscurrency	block.lightmanscurrency.bookshelf_trader_byg_pine		松木书架商人
lightmanscurrency	block.lightmanscurrency.bookshelf_trader_byg_rainbow_eucalyptus		彩虹桉木书架商人
lightmanscurrency	block.lightmanscurrency.bookshelf_trader_byg_redwood		红杉木书架商人
lightmanscurrency	block.lightmanscurrency.bookshelf_trader_byg_skyris		苍穹木书架商人
lightmanscurrency	block.lightmanscurrency.bookshelf_trader_byg_sythian		赛希斯木书架商人
lightmanscurrency	block.lightmanscurrency.bookshelf_trader_byg_white_mangrove		白红树木书架商人
lightmanscurrency	block.lightmanscurrency.bookshelf_trader_byg_willow		柳木书架商人
lightmanscurrency	block.lightmanscurrency.bookshelf_trader_byg_witch_hazel		金缕梅木书架商人
lightmanscurrency	block.lightmanscurrency.bookshelf_trader_byg_zelkova		榉木书架商人
lightmanscurrency	block.lightmanscurrency.bookshelf_trader_cherry		樱花木书架商人
lightmanscurrency	block.lightmanscurrency.bookshelf_trader_crimson		绯红木书架商人
lightmanscurrency	block.lightmanscurrency.bookshelf_trader_dark_oak		深色橡木书架商人
lightmanscurrency	block.lightmanscurrency.bookshelf_trader_jungle		丛林木书架商人
lightmanscurrency	block.lightmanscurrency.bookshelf_trader_mangrove		红树木书架商人
lightmanscurrency	block.lightmanscurrency.bookshelf_trader_oak		橡木书架商人
lightmanscurrency	block.lightmanscurrency.bookshelf_trader_spruce		云杉木书架商人
lightmanscurrency	block.lightmanscurrency.bookshelf_trader_warped		诡异木书架商人
lightmanscurrency	block.lightmanscurrency.card_display_bamboo		竹子卡片展示架
lightmanscurrency	block.lightmanscurrency.card_display_biomesoplenty_cherry		樱花木卡片展示架
lightmanscurrency	block.lightmanscurrency.card_display_biomesoplenty_dead		枯木卡片展示架
lightmanscurrency	block.lightmanscurrency.card_display_biomesoplenty_fir		冷杉木卡片展示架
lightmanscurrency	block.lightmanscurrency.card_display_biomesoplenty_hellbark		地狱皮树木卡片展示架
lightmanscurrency	block.lightmanscurrency.card_display_biomesoplenty_jacaranda		蓝花楹木卡片展示架
lightmanscurrency	block.lightmanscurrency.card_display_biomesoplenty_magic		魔法木卡片展示架
lightmanscurrency	block.lightmanscurrency.card_display_biomesoplenty_mahogany		桃花心木卡片展示架
lightmanscurrency	block.lightmanscurrency.card_display_biomesoplenty_palm		棕榈木卡片展示架
lightmanscurrency	block.lightmanscurrency.card_display_biomesoplenty_redwood		红杉木卡片展示架
lightmanscurrency	block.lightmanscurrency.card_display_biomesoplenty_umbran		暗影木卡片展示架
lightmanscurrency	block.lightmanscurrency.card_display_biomesoplenty_willow		柳木卡片展示架
lightmanscurrency	block.lightmanscurrency.card_display_byg_aspen		白杨木卡片展示架
lightmanscurrency	block.lightmanscurrency.card_display_byg_baobab		猴面包树木卡片展示架
lightmanscurrency	block.lightmanscurrency.card_display_byg_blue_enchanted		蓝色魔法木卡片展示架
lightmanscurrency	block.lightmanscurrency.card_display_byg_bulbis		球茎木卡片展示架
lightmanscurrency	block.lightmanscurrency.card_display_byg_cherry		樱花木卡片展示架
lightmanscurrency	block.lightmanscurrency.card_display_byg_cika		西卡木卡片展示架
lightmanscurrency	block.lightmanscurrency.card_display_byg_cypress		柏木卡片展示架
lightmanscurrency	block.lightmanscurrency.card_display_byg_ebony		乌木卡片展示架
lightmanscurrency	block.lightmanscurrency.card_display_byg_embur		余烬木卡片展示架
lightmanscurrency	block.lightmanscurrency.card_display_byg_ether		以太木卡片展示架
lightmanscurrency	block.lightmanscurrency.card_display_byg_fir		冷杉木卡片展示架
lightmanscurrency	block.lightmanscurrency.card_display_byg_fungal_imparius		真菌伊帕里乌斯木卡片展示架
lightmanscurrency	block.lightmanscurrency.card_display_byg_green_enchanted		绿色魔法木卡片展示架
lightmanscurrency	block.lightmanscurrency.card_display_byg_holly		冬青木卡片展示架
lightmanscurrency	block.lightmanscurrency.card_display_byg_imbued_blue_enchanted		灌注蓝色魔法木卡片展示架
lightmanscurrency	block.lightmanscurrency.card_display_byg_imbued_green_enchanted		灌注绿色魔法木卡片展示架
lightmanscurrency	block.lightmanscurrency.card_display_byg_imbued_nightshade		灌注夜影木卡片展示架
lightmanscurrency	block.lightmanscurrency.card_display_byg_imparius		伊帕里乌斯木卡片展示架
lightmanscurrency	block.lightmanscurrency.card_display_byg_jacaranda		蓝花楹木卡片展示架
lightmanscurrency	block.lightmanscurrency.card_display_byg_lament		悲叹木卡片展示架
lightmanscurrency	block.lightmanscurrency.card_display_byg_mahogany		桃花心木卡片展示架
lightmanscurrency	block.lightmanscurrency.card_display_byg_mangrove		红树木卡片展示架
lightmanscurrency	block.lightmanscurrency.card_display_byg_maple		枫木卡片展示架
lightmanscurrency	block.lightmanscurrency.card_display_byg_nightshade		夜影木卡片展示架
lightmanscurrency	block.lightmanscurrency.card_display_byg_palm		棕榈木卡片展示架
lightmanscurrency	block.lightmanscurrency.card_display_byg_palo_verde		绿玉树木卡片展示架
lightmanscurrency	block.lightmanscurrency.card_display_byg_pine		松木卡片展示架
lightmanscurrency	block.lightmanscurrency.card_display_byg_rainbow_eucalyptus		彩虹桉木卡片展示架
lightmanscurrency	block.lightmanscurrency.card_display_byg_redwood		红杉木卡片展示架
lightmanscurrency	block.lightmanscurrency.card_display_byg_skyris		苍穹木卡片展示架
lightmanscurrency	block.lightmanscurrency.card_display_byg_sythian		赛希斯木卡片展示架
lightmanscurrency	block.lightmanscurrency.card_display_byg_white_mangrove		白红树木卡片展示架
lightmanscurrency	block.lightmanscurrency.card_display_byg_willow		柳木卡片展示架
lightmanscurrency	block.lightmanscurrency.card_display_byg_witch_hazel		金缕梅木卡片展示架
lightmanscurrency	block.lightmanscurrency.card_display_byg_withering_oak		凋零橡木卡片展示架
lightmanscurrency	block.lightmanscurrency.card_display_byg_zelkova		榉木卡片展示架
lightmanscurrency	block.lightmanscurrency.card_display_cherry		樱花木卡片展示架
lightmanscurrency	block.lightmanscurrency.card_display_mangrove		红树木卡片展示架
lightmanscurrency	block.lightmanscurrency.coin_chest		钱箱
lightmanscurrency	block.lightmanscurrency.freezer_blue		蓝色冷冻柜
lightmanscurrency	block.lightmanscurrency.freezer_brown		棕色冷冻柜
lightmanscurrency	block.lightmanscurrency.freezer_cyan		青色冷冻柜
lightmanscurrency	block.lightmanscurrency.freezer_gray		灰色冷冻柜
lightmanscurrency	block.lightmanscurrency.freezer_green		绿色冷冻柜
lightmanscurrency	block.lightmanscurrency.freezer_light_blue		淡蓝色冷冻柜
lightmanscurrency	block.lightmanscurrency.freezer_light_gray		淡灰色冷冻柜
lightmanscurrency	block.lightmanscurrency.freezer_lime		黄绿色冷冻柜
lightmanscurrency	block.lightmanscurrency.freezer_magenta		品红色冷冻柜
lightmanscurrency	block.lightmanscurrency.freezer_orange		橙色冷冻柜
lightmanscurrency	block.lightmanscurrency.freezer_pink		粉色冷冻柜
lightmanscurrency	block.lightmanscurrency.freezer_purple		紫色冷冻柜
lightmanscurrency	block.lightmanscurrency.freezer_red		红色冷冻柜
lightmanscurrency	block.lightmanscurrency.freezer_white		白色冷冻柜
lightmanscurrency	block.lightmanscurrency.freezer_yellow		黄色冷冻柜
lightmanscurrency	block.lightmanscurrency.shelf_2x2_acacia		金合欢木2x2 展示架
lightmanscurrency	block.lightmanscurrency.shelf_2x2_bamboo		竹子2x2 展示架
lightmanscurrency	block.lightmanscurrency.shelf_2x2_biomesoplenty_cherry		樱花木2x2 展示架
lightmanscurrency	block.lightmanscurrency.shelf_2x2_biomesoplenty_dead		枯木2x2 展示架
lightmanscurrency	block.lightmanscurrency.shelf_2x2_biomesoplenty_fir		冷杉木2x2 展示架
lightmanscurrency	block.lightmanscurrency.shelf_2x2_biomesoplenty_hellbark		地狱皮树木2x2 展示架
lightmanscurrency	block.lightmanscurrency.shelf_2x2_biomesoplenty_jacaranda		蓝花楹木2x2 展示架
lightmanscurrency	block.lightmanscurrency.shelf_2x2_biomesoplenty_magic		魔法木2x2 展示架
lightmanscurrency	block.lightmanscurrency.shelf_2x2_biomesoplenty_mahogany		桃花心木2x2 展示架
lightmanscurrency	block.lightmanscurrency.shelf_2x2_biomesoplenty_palm		棕榈木2x2 展示架
lightmanscurrency	block.lightmanscurrency.shelf_2x2_biomesoplenty_redwood		红杉木2x2 展示架
lightmanscurrency	block.lightmanscurrency.shelf_2x2_biomesoplenty_umbran		暗影木2x2 展示架
lightmanscurrency	block.lightmanscurrency.shelf_2x2_biomesoplenty_willow		柳木2x2 展示架
lightmanscurrency	block.lightmanscurrency.shelf_2x2_birch		白桦木2x2 展示架
lightmanscurrency	block.lightmanscurrency.shelf_2x2_byg_aspen		白杨木2x2 展示架
lightmanscurrency	block.lightmanscurrency.shelf_2x2_byg_baobab		猴面包树木2x2 展示架
lightmanscurrency	block.lightmanscurrency.shelf_2x2_byg_blue_enchanted		蓝色魔法木2x2 展示架
lightmanscurrency	block.lightmanscurrency.shelf_2x2_byg_bulbis		球茎木2x2 展示架
lightmanscurrency	block.lightmanscurrency.shelf_2x2_byg_cherry		樱花木2x2 展示架
lightmanscurrency	block.lightmanscurrency.shelf_2x2_byg_cika		西卡木2x2 展示架
lightmanscurrency	block.lightmanscurrency.shelf_2x2_byg_cypress		柏木2x2 展示架
lightmanscurrency	block.lightmanscurrency.shelf_2x2_byg_ebony		乌木2x2 展示架
lightmanscurrency	block.lightmanscurrency.shelf_2x2_byg_embur		余烬木2x2 展示架
lightmanscurrency	block.lightmanscurrency.shelf_2x2_byg_ether		以太木2x2 展示架
lightmanscurrency	block.lightmanscurrency.shelf_2x2_byg_fir		冷杉木2x2 展示架
lightmanscurrency	block.lightmanscurrency.shelf_2x2_byg_green_enchanted		绿色魔法木2x2 展示架
lightmanscurrency	block.lightmanscurrency.shelf_2x2_byg_holly		冬青木2x2 展示架
lightmanscurrency	block.lightmanscurrency.shelf_2x2_byg_imparius		伊帕里乌斯木2x2 展示架
lightmanscurrency	block.lightmanscurrency.shelf_2x2_byg_jacaranda		蓝花楹木2x2 展示架
lightmanscurrency	block.lightmanscurrency.shelf_2x2_byg_lament		悲叹木2x2 展示架
lightmanscurrency	block.lightmanscurrency.shelf_2x2_byg_mahogany		桃花心木2x2 展示架
lightmanscurrency	block.lightmanscurrency.shelf_2x2_byg_maple		枫木2x2 展示架
lightmanscurrency	block.lightmanscurrency.shelf_2x2_byg_nightshade		夜影木2x2 展示架
lightmanscurrency	block.lightmanscurrency.shelf_2x2_byg_palm		棕榈木2x2 展示架
lightmanscurrency	block.lightmanscurrency.shelf_2x2_byg_pine		松木2x2 展示架
lightmanscurrency	block.lightmanscurrency.shelf_2x2_byg_rainbow_eucalyptus		彩虹桉木2x2 展示架
lightmanscurrency	block.lightmanscurrency.shelf_2x2_byg_redwood		红杉木2x2 展示架
lightmanscurrency	block.lightmanscurrency.shelf_2x2_byg_skyris		苍穹木2x2 展示架
lightmanscurrency	block.lightmanscurrency.shelf_2x2_byg_sythian		赛希斯木2x2 展示架
lightmanscurrency	block.lightmanscurrency.shelf_2x2_byg_white_mangrove		白红树木2x2 展示架
lightmanscurrency	block.lightmanscurrency.shelf_2x2_byg_willow		柳木2x2 展示架
lightmanscurrency	block.lightmanscurrency.shelf_2x2_byg_witch_hazel		金缕梅木2x2 展示架
lightmanscurrency	block.lightmanscurrency.shelf_2x2_byg_zelkova		榉木2x2 展示架
lightmanscurrency	block.lightmanscurrency.shelf_2x2_cherry		樱花木2x2 展示架
lightmanscurrency	block.lightmanscurrency.shelf_2x2_crimson		绯红木2x2 展示架
lightmanscurrency	block.lightmanscurrency.shelf_2x2_dark_oak		深色橡木2x2 展示架
lightmanscurrency	block.lightmanscurrency.shelf_2x2_jungle		丛林木2x2 展示架
lightmanscurrency	block.lightmanscurrency.shelf_2x2_mangrove		红树木2x2 展示架
lightmanscurrency	block.lightmanscurrency.shelf_2x2_oak		橡木2x2 展示架
lightmanscurrency	block.lightmanscurrency.shelf_2x2_spruce		云杉木2x2 展示架
lightmanscurrency	block.lightmanscurrency.shelf_2x2_warped		诡异木2x2 展示架
lightmanscurrency	block.lightmanscurrency.shelf_bamboo		竹子展示架
lightmanscurrency	block.lightmanscurrency.shelf_biomesoplenty_cherry		樱花木展示架
lightmanscurrency	block.lightmanscurrency.shelf_biomesoplenty_dead		枯木展示架
lightmanscurrency	block.lightmanscurrency.shelf_biomesoplenty_fir		冷杉木展示架
lightmanscurrency	block.lightmanscurrency.shelf_biomesoplenty_hellbark		地狱皮树木展示架
lightmanscurrency	block.lightmanscurrency.shelf_biomesoplenty_jacaranda		蓝花楹木展示架
lightmanscurrency	block.lightmanscurrency.shelf_biomesoplenty_magic		魔法木展示架
lightmanscurrency	block.lightmanscurrency.shelf_biomesoplenty_mahogany		桃花心木展示架
lightmanscurrency	block.lightmanscurrency.shelf_biomesoplenty_palm		棕榈木展示架
lightmanscurrency	block.lightmanscurrency.shelf_biomesoplenty_redwood		红杉木展示架
lightmanscurrency	block.lightmanscurrency.shelf_biomesoplenty_umbran		暗影木展示架
lightmanscurrency	block.lightmanscurrency.shelf_biomesoplenty_willow		柳木展示架
lightmanscurrency	block.lightmanscurrency.shelf_byg_aspen		白杨木展示架
lightmanscurrency	block.lightmanscurrency.shelf_byg_baobab		猴面包树木展示架
lightmanscurrency	block.lightmanscurrency.shelf_byg_blue_enchanted		蓝色魔法木展示架
lightmanscurrency	block.lightmanscurrency.shelf_byg_bulbis		球茎木展示架
lightmanscurrency	block.lightmanscurrency.shelf_byg_cherry		樱花木展示架
lightmanscurrency	block.lightmanscurrency.shelf_byg_cika		西卡木展示架
lightmanscurrency	block.lightmanscurrency.shelf_byg_cypress		柏木展示架
lightmanscurrency	block.lightmanscurrency.shelf_byg_ebony		乌木展示架
lightmanscurrency	block.lightmanscurrency.shelf_byg_embur		余烬木展示架
lightmanscurrency	block.lightmanscurrency.shelf_byg_ether		以太木展示架
lightmanscurrency	block.lightmanscurrency.shelf_byg_fir		冷杉木展示架
lightmanscurrency	block.lightmanscurrency.shelf_byg_green_enchanted		绿色魔法木展示架
lightmanscurrency	block.lightmanscurrency.shelf_byg_holly		冬青木展示架
lightmanscurrency	block.lightmanscurrency.shelf_byg_imparius		伊帕里乌斯木展示架
lightmanscurrency	block.lightmanscurrency.shelf_byg_jacaranda		蓝花楹木展示架
lightmanscurrency	block.lightmanscurrency.shelf_byg_lament		悲叹木展示架
lightmanscurrency	block.lightmanscurrency.shelf_byg_mahogany		桃花心木展示架
lightmanscurrency	block.lightmanscurrency.shelf_byg_mangrove		红树木展示架
lightmanscurrency	block.lightmanscurrency.shelf_byg_maple		枫木展示架
lightmanscurrency	block.lightmanscurrency.shelf_byg_nightshade		夜影木展示架
lightmanscurrency	block.lightmanscurrency.shelf_byg_palm		棕榈木展示架
lightmanscurrency	block.lightmanscurrency.shelf_byg_pine		松木展示架
lightmanscurrency	block.lightmanscurrency.shelf_byg_rainbow_eucalyptus		彩虹桉木展示架
lightmanscurrency	block.lightmanscurrency.shelf_byg_redwood		红杉木展示架
lightmanscurrency	block.lightmanscurrency.shelf_byg_skyris		苍穹木展示架
lightmanscurrency	block.lightmanscurrency.shelf_byg_sythian		赛希斯木展示架
lightmanscurrency	block.lightmanscurrency.shelf_byg_white_mangrove		白红树木展示架
lightmanscurrency	block.lightmanscurrency.shelf_byg_willow		柳木展示架
lightmanscurrency	block.lightmanscurrency.shelf_byg_witch_hazel		金缕梅木展示架
lightmanscurrency	block.lightmanscurrency.shelf_byg_zelkova		榉木展示架
lightmanscurrency	block.lightmanscurrency.shelf_cherry		樱花木展示架
lightmanscurrency	block.lightmanscurrency.shelf_mangrove		红树木展示架
lightmanscurrency	block.lightmanscurrency.slot_machine		老虎机
lightmanscurrency	block.lightmanscurrency.sus_jar		可疑罐子
lightmanscurrency	block.lightmanscurrency.tax_block		征税器
lightmanscurrency	block.lightmanscurrency.vending_machine_large_light_blue		大型淡蓝色自动售货机
lightmanscurrency	block.lightmanscurrency.vending_machine_large_light_gray		大型淡灰色自动售货机
lightmanscurrency	block.lightmanscurrency.vending_machine_light_blue		淡蓝色自动售货机
lightmanscurrency	block.lightmanscurrency.vending_machine_light_gray		淡灰色自动售货机
lightmanscurrency	button.lightmanscurrency.upgrade.coin_chest.exchange.while_open.n		打开时阻止
lightmanscurrency	button.lightmanscurrency.upgrade.coin_chest.exchange.while_open.y		始终允许
lightmanscurrency	command.argument.coinvalue.notacoin		'%s' 不是有效的钱币！
lightmanscurrency	command.argument.coinvalue.novalue		解析到的值为空！
lightmanscurrency	command.argument.color.invalid		无法解析颜色。
lightmanscurrency	command.argument.tradeid.invalid		交易 ID 不是有效的数值。
lightmanscurrency	command.lightmanscurrency.lcadmin.forceDisableTaxCollectors.fail		当前没有激活的征税器
lightmanscurrency	command.lightmanscurrency.lcadmin.forceDisableTaxCollectors.success		已停用 %s 个激活的征税器
lightmanscurrency	command.lightmanscurrency.lcadmin.openServerTax.error		访问服务器税务条目时发生错误！
lightmanscurrency	command.lightmanscurrency.lcadmin.replaceWalletSlot.notawallet		给予的物品不是有效的钱包物品，也不是空气！
lightmanscurrency	command.lightmanscurrency.lcbank.give.fail		没有银行账户收到你的赠礼！
lightmanscurrency	command.lightmanscurrency.lcbank.give.success		已将 %1$s 赠与 %2$s 个银行账户！
lightmanscurrency	command.lightmanscurrency.lcbank.give.success.single		已将 %1$s 赠与 %2$s！
lightmanscurrency	command.lightmanscurrency.lcbank.take.fail		没有银行账户被取走钱款！
lightmanscurrency	command.lightmanscurrency.lcbank.take.success		已从 %2$s 个银行账户中取走最多 %1$s！
lightmanscurrency	command.lightmanscurrency.lcbank.take.success.single		已从 %2$s 取走 %1$s！
lightmanscurrency	command.lightmanscurrency.lcbank.team.nobank		ID 为 %s 的团队没有银行账户！
lightmanscurrency	command.lightmanscurrency.lcbank.team.noteam		未找到 ID 为 %s 的团队！
lightmanscurrency	command.lightmanscurrency.lcftb.claims.fail.cantafford		无力购买任何认领区块。
lightmanscurrency	command.lightmanscurrency.lcftb.claims.fail.disabled		你无法在此服务器上购买认领区块！
lightmanscurrency	command.lightmanscurrency.lcftb.claims.info		你已购买 %2$s 个可用认领区块中的 %1$s 个。
lightmanscurrency	command.lightmanscurrency.lcftb.claims.limit_reached		你已达到允许购买的认领区块数量上限（%s）
lightmanscurrency	command.lightmanscurrency.lcftb.claims.success		已额外购买 %s 个认领区块！
lightmanscurrency	command.lightmanscurrency.lcftb.fail.invalid_price		无法处理购买，因为所配置的价格无效！
lightmanscurrency	command.lightmanscurrency.lcftb.fail.nodata		无法访问你的领地数据！
lightmanscurrency	command.lightmanscurrency.lcftb.forceload.fail.cantafford		无力购买任何强制加载区块。
lightmanscurrency	command.lightmanscurrency.lcftb.forceload.fail.disabled		你无法在此服务器上购买强制加载区块！
lightmanscurrency	command.lightmanscurrency.lcftb.forceload.info		你已购买 %2$s 个可用强制加载区块中的 %1$s 个。
lightmanscurrency	command.lightmanscurrency.lcftb.forceload.limit_reached		你已达到允许购买的强制加载区块数量上限（%s）
lightmanscurrency	command.lightmanscurrency.lcftb.forceload.success		已额外购买 %s 个强制加载区块！
lightmanscurrency	command.lightmanscurrency.lcftb.info.disabled.all		此服务器已禁用购买认领区块与强制加载区块！
lightmanscurrency	command.lightmanscurrency.lcftb.info.price		每区块花费 %s！
lightmanscurrency	command.lightmanscurrency.lcftb.invalid_price		无效
lightmanscurrency	command.lightmanscurrency.lctradeaccept.fail.1		请求者已不在线。
lightmanscurrency	command.lightmanscurrency.lctradeaccept.fail.2		你必须在距离请求者 %s 米以内才能与其交易。
lightmanscurrency	command.lightmanscurrency.lctradeaccept.fail.3		你必须与请求者在同一维度才能与其交易。
lightmanscurrency	command.lightmanscurrency.ticket.color.not_held		你必须手持有效的门票才能更改其颜色。
lightmanscurrency	gui.button.lightmanscurrency.changename		Aa
lightmanscurrency	gui.button.lightmanscurrency.clearlog		CL
lightmanscurrency	gui.button.lightmanscurrency.craft_pass		合成通行证
lightmanscurrency	gui.button.lightmanscurrency.craft_pass.option		合成通行证？
lightmanscurrency	gui.button.lightmanscurrency.manager		规则管理
lightmanscurrency	gui.button.lightmanscurrency.slot_machine.rolls		x%s
lightmanscurrency	gui.button.lightmanscurrency.team.owner.null		未定义
lightmanscurrency	gui.button.lightmanscurrency.timed_sale		S
lightmanscurrency	gui.lightmanscurrency.atm.title		ATM
lightmanscurrency	gui.lightmanscurrency.blurb.nbt		强制 NBT
lightmanscurrency	gui.lightmanscurrency.free_sample.player_count		%s 名玩家已领取免费样品！
lightmanscurrency	gui.lightmanscurrency.interface.difference.cheaper		交易便宜了 %s。
lightmanscurrency	gui.lightmanscurrency.interface.difference.expensive		交易贵了 %s。
lightmanscurrency	gui.lightmanscurrency.interface.difference.missing		交易或商人已不存在。
lightmanscurrency	gui.lightmanscurrency.interface.difference.type		交易属于不同的交易类型。
lightmanscurrency	gui.lightmanscurrency.settings.acceptabletaxrate		可接受的税率：%s%%
lightmanscurrency	gui.lightmanscurrency.settings.ingoretaxes		忽略所有税收
lightmanscurrency	gui.lightmanscurrency.settings.persistent.id		ID: 
lightmanscurrency	gui.lightmanscurrency.tax_collector.active		已激活
lightmanscurrency	gui.lightmanscurrency.tax_collector.admin		管理员设置
lightmanscurrency	gui.lightmanscurrency.tax_collector.area.height		高度
lightmanscurrency	gui.lightmanscurrency.tax_collector.area.infinite.dimension		'%s' 的全部
lightmanscurrency	gui.lightmanscurrency.tax_collector.area.infinite.label		区域：
lightmanscurrency	gui.lightmanscurrency.tax_collector.area.infinite.void		所有维度
lightmanscurrency	gui.lightmanscurrency.tax_collector.area.radius		半径
lightmanscurrency	gui.lightmanscurrency.tax_collector.area.vertOffset		Y 轴偏移
lightmanscurrency	gui.lightmanscurrency.tax_collector.basic		基础设置
lightmanscurrency	gui.lightmanscurrency.tax_collector.force_acceptance		强制接受
lightmanscurrency	gui.lightmanscurrency.tax_collector.infinite_range		无限范围
lightmanscurrency	gui.lightmanscurrency.tax_collector.info		征收统计
lightmanscurrency	gui.lightmanscurrency.tax_collector.logs		日志
lightmanscurrency	gui.lightmanscurrency.tax_collector.owner		所有权
lightmanscurrency	gui.lightmanscurrency.tax_collector.render_mode.0		无
lightmanscurrency	gui.lightmanscurrency.tax_collector.render_mode.1		成员
lightmanscurrency	gui.lightmanscurrency.tax_collector.render_mode.2		全部
lightmanscurrency	gui.lightmanscurrency.tax_collector.render_mode.label		区域可见于：
lightmanscurrency	gui.lightmanscurrency.tax_collector.stats.clear		清除统计
lightmanscurrency	gui.lightmanscurrency.tax_collector.stats.most_taxed.format		已对 %s 次交互征税
lightmanscurrency	gui.lightmanscurrency.tax_collector.stats.most_taxed.label		征税最多的机器：
lightmanscurrency	gui.lightmanscurrency.tax_collector.stats.total_collected		征收的税收总额：
lightmanscurrency	gui.lightmanscurrency.tax_collector.stats.unique_taxables		已征税的不同机器数：%s
lightmanscurrency	gui.lightmanscurrency.tax_collector.tax_rate		税率：%s%%
lightmanscurrency	gui.lightmanscurrency.tax_collector.taxable.accept_collector		接受
lightmanscurrency	gui.lightmanscurrency.tax_entry.default_name		%s 的税收
lightmanscurrency	gui.lightmanscurrency.tax_entry.default_name.server		服务器
lightmanscurrency	gui.lightmanscurrency.trader.slot_machine.entry_label		条目 #%s
lightmanscurrency	gui.lightmanscurrency.trader.slot_machine.odds_label		概率：%s%%
lightmanscurrency	gui.lightmanscurrency.trader.slot_machine.weight_label		权重：
lightmanscurrency	gui.lightmanscurrency.warning.nbt.buying		接受所有 NBT 状态。
lightmanscurrency	gui.lightmanscurrency.warning.nbt.selling		未强制 NBT。物品可能带有意外的 NBT 数据。
lightmanscurrency	gui.widget.lightmanscurrency.playerlimit.duration		%s 后遗忘。
lightmanscurrency	item.lightmanscurrency.coin_chest_bank_upgrade		银行升级
lightmanscurrency	item.lightmanscurrency.coin_chest_exchange_upgrade		钱币兑换升级
lightmanscurrency	item.lightmanscurrency.coin_chest_magnet_upgrade_1		磁铁升级（铜）
lightmanscurrency	item.lightmanscurrency.coin_chest_magnet_upgrade_2		磁铁升级（铁）
lightmanscurrency	item.lightmanscurrency.coin_chest_magnet_upgrade_3		磁铁升级（金）
lightmanscurrency	item.lightmanscurrency.coin_chest_magnet_upgrade_4		磁铁升级（绿宝石）
lightmanscurrency	item.lightmanscurrency.coin_chest_security_upgrade		安全升级
lightmanscurrency	item.lightmanscurrency.generic.plural		%ss
lightmanscurrency	item.lightmanscurrency.portable_atm		ATM
lightmanscurrency	item.lightmanscurrency.ticket_pass		通行证
lightmanscurrency	item.lightmanscurrency.upgrade_smithing_template		升级锻造模板
lightmanscurrency	item.lightmanscurrency.upgrade_smithing_template.tooltip		光明币升级模板
lightmanscurrency	itemGroup.lightmanscurrency.extra		额外机械
lightmanscurrency	key.portable_atm		打开便携式 ATM
lightmanscurrency	key.portable_terminal		打开便携式终端
lightmanscurrency	lightmanscurrency.jei.info.ticket.pass		在售票站用已印刷的主门票和有效的门票材料合成。不会被付费门消耗。
lightmanscurrency	lightmanscurrency.remotetrade.fail.tax_limit		此商人的税收征收已超出规定上限，商人在问题解决前已被锁定。
lightmanscurrency	lightmanscurrency.tax_entry.placement_notification.trader.1		此区域内的商人需要缴税！
lightmanscurrency	lightmanscurrency.tax_entry.placement_notification.trader.2		查看商人的税务信息选项卡以了解更多信息。
lightmanscurrency	lightmanscurrency.tax_entry.placement_notification.trader.server_only		此服务器上的所有商人都需要缴纳服务器税！
lightmanscurrency	log.shoplog.item.itemformat		%1$sx %2$s
lightmanscurrency	message.lightmanscurrency.wallet.none_equipped		你的钱包槽位未装备钱包。无法打开钱包。
lightmanscurrency	notifications.bank.server		一位管理员
lightmanscurrency	notifications.message.out_of_stock.indexless		商人已售罄。
lightmanscurrency	notifications.message.paygate_trade.pass		%1$s 使用通行证 ID：%2$s 为 %3$s 激活了付费门
lightmanscurrency	notifications.message.slot_machine_trade		%1$s 支付了 %2$s 并赢得了 %3$s
lightmanscurrency	notifications.message.taxes.collected		已向 %2$s 征收 %1$s 的税收
lightmanscurrency	notifications.message.taxes.paid		已缴纳 %s 的税收
lightmanscurrency	notifications.message.taxes.paid.null		没有缴纳任何税收？？？
lightmanscurrency	resourcepack.lightmanscurrency.closer_items		光明币精美物品摆放
lightmanscurrency	resourcepack.lightmanscurrency.rupees		光明币卢比（开发中）
lightmanscurrency	tax_block.warning.no_access		你无权访问此征税器
lightmanscurrency	tax_block.warning.reinitialized		此方块缺少税务条目。正在以你为所有者重新初始化！
lightmanscurrency	tooltip.button.chest.coin_collection		将钱币存入钱包
lightmanscurrency	tooltip.lightmanscurrency.coin_chest.tab.exchange		钱币兑换选项
lightmanscurrency	tooltip.lightmanscurrency.coin_chest.tab.main		升级与交互
lightmanscurrency	tooltip.lightmanscurrency.coin_chest.tab.security		箱子安全选项
lightmanscurrency	tooltip.lightmanscurrency.colored_item		颜色：%s
lightmanscurrency	tooltip.lightmanscurrency.interface.storage		界面存储
lightmanscurrency	tooltip.lightmanscurrency.itemstorage.stacks.multi		%1$s x64 + %2$s
lightmanscurrency	tooltip.lightmanscurrency.itemstorage.stacks.single		%s x64
lightmanscurrency	tooltip.lightmanscurrency.settings.owner.self		设为自身
lightmanscurrency	tooltip.lightmanscurrency.settings.taxes		税收选项
lightmanscurrency	tooltip.lightmanscurrency.slot_machine.entry		条目 #%s：
lightmanscurrency	tooltip.lightmanscurrency.slot_machine.item		%1$sx %2$s
lightmanscurrency	tooltip.lightmanscurrency.slot_machine.money		支付 %s
lightmanscurrency	tooltip.lightmanscurrency.slot_machine.odds		有 %s%% 概率获得。
lightmanscurrency	tooltip.lightmanscurrency.slot_machine.roll		来碰碰运气吧！
lightmanscurrency	tooltip.lightmanscurrency.slot_machine.roll.cost		花费 %s
lightmanscurrency	tooltip.lightmanscurrency.slot_machine.rolls		来碰 %s 次运气吧！
lightmanscurrency	tooltip.lightmanscurrency.slot_machine.rolls.cost		每次花费 %s
lightmanscurrency	tooltip.lightmanscurrency.slot_machine.to_info		点击查看可能的结果
lightmanscurrency	tooltip.lightmanscurrency.slot_machine.to_interact		点击返回老虎机
lightmanscurrency	tooltip.lightmanscurrency.slot_machine.undefined		老虎机尚未设置！
lightmanscurrency	tooltip.lightmanscurrency.slot_machine.weight		权重：%s
lightmanscurrency	tooltip.lightmanscurrency.slot_machine.weight_and_odds		权重：%1$s（有 %2$s%% 概率获得）
lightmanscurrency	tooltip.lightmanscurrency.tax_collector.1		征税器：
lightmanscurrency	tooltip.lightmanscurrency.tax_collector.2		可放置并用于向区域内商人的销售征收税收。
lightmanscurrency	tooltip.lightmanscurrency.tax_collector.admin_only		只能由管理员激活！
lightmanscurrency	tooltip.lightmanscurrency.tax_collector.taxable.force_ignore_collector		忽略此征税器！
lightmanscurrency	tooltip.lightmanscurrency.tax_collector.taxable.pardon_ignored_collector		停止忽略此征税器！
lightmanscurrency	tooltip.lightmanscurrency.tax_limit		税率过高
lightmanscurrency	tooltip.lightmanscurrency.ticket.pass		不会被付费门消耗
lightmanscurrency	tooltip.lightmanscurrency.trader.collect_ticket_stubs		收集票根（%s）
lightmanscurrency	tooltip.lightmanscurrency.trader.info.money.bank		你的银行账户中有 %s
lightmanscurrency	tooltip.lightmanscurrency.trader.info.money.coin_storage		杂项钱币存储中有 %s
lightmanscurrency	tooltip.lightmanscurrency.trader.info.money.slots		钱币槽中有 %s
lightmanscurrency	tooltip.lightmanscurrency.trader.info.money.wallet		你装备的钱包中有 %s
lightmanscurrency	tooltip.lightmanscurrency.trader.item.book.1		书籍商人：
lightmanscurrency	tooltip.lightmanscurrency.trader.item.book.2		可用于与其他玩家出售、购买或交换书籍。
lightmanscurrency	tooltip.lightmanscurrency.trader.log		商人日志
lightmanscurrency	tooltip.lightmanscurrency.trader.paygate.store_stubs		存储票根
lightmanscurrency	tooltip.lightmanscurrency.trader.slot_machine.1		老虎机：
lightmanscurrency	tooltip.lightmanscurrency.trader.slot_machine.2		可用于向其他玩家出售由所有者定义的随机物品或金钱
lightmanscurrency	tooltip.lightmanscurrency.trader.slot_machine.3		并获得由所有者定义的各奖池中奖概率。
lightmanscurrency	tooltip.lightmanscurrency.trader.slot_machine.edit_entries		编辑条目
lightmanscurrency	tooltip.lightmanscurrency.trader.slot_machine.edit_price		编辑价格
lightmanscurrency	tooltip.lightmanscurrency.trader.storage.dont_store_stubs		将票根交给顾客
lightmanscurrency	tooltip.lightmanscurrency.trader.tax_info		税务信息
lightmanscurrency	tooltip.lightmanscurrency.trader.tax_info.no_tax_collectors		范围内没有激活的征税器
lightmanscurrency	tooltip.lightmanscurrency.trader.tax_info.total_rate		总税率：%s%%
lightmanscurrency	tooltip.lightmanscurrency.trader.traderules.trader		商人规则
lightmanscurrency	tooltip.lightmanscurrency.upgrade.coin_chest.bank		让钱箱自动向所选的银行账户存款或取款。
lightmanscurrency	tooltip.lightmanscurrency.upgrade.coin_chest.exchange		让钱箱在投入钱币时自动兑换。
lightmanscurrency	tooltip.lightmanscurrency.upgrade.coin_chest.magnet		让钱箱可以收集 %s 米以内的钱币物品。
lightmanscurrency	tooltip.lightmanscurrency.upgrade.coin_chest.protection.1		让钱箱受到保护，免遭其他玩家破坏，同时也阻止其他玩家访问。
lightmanscurrency	tooltip.lightmanscurrency.upgrade.coin_chest.protection.2		需要设置，不会自动生效。
lightmanscurrency	tooltip.lightmanscurrency.upgrade.coin_chest.protection.warning		你无权访问此箱子。
lightmanscurrency	tooltip.lightmanscurrency.wallet.pickup.magnet		可以收集 %s 米以内的钱币。
lootr	itemGroup.lootr		Lootr 战利品
lootr	lootr.message.invalid_block		你尝试打开的容器无效，因为它尚未生成标识符。
luphieclutteredmod	block.clutteredmod.luphie_analog_kitchen_scale		指针式厨房秤
luphieclutteredmod	block.clutteredmod.luphie_ancient_codex		远古法典
luphieclutteredmod	block.clutteredmod.luphie_angry_bee_lamp		愤怒蜜蜂灯
luphieclutteredmod	block.clutteredmod.luphie_antique_book_stand		古式书立
luphieclutteredmod	block.clutteredmod.luphie_antique_library_books		古式图书馆书籍
luphieclutteredmod	block.clutteredmod.luphie_antique_map		古式地图
luphieclutteredmod	block.clutteredmod.luphie_antique_sewing_machine		古式缝纫机
luphieclutteredmod	block.clutteredmod.luphie_apple_chair		苹果椅子
luphieclutteredmod	block.clutteredmod.luphie_art_academy_box_of_paint		美术学院颜料盒
luphieclutteredmod	block.clutteredmod.luphie_assorted_jam_jars		什锦果酱玻璃罐
luphieclutteredmod	block.clutteredmod.luphie_baking_set_a		烘焙套装甲
luphieclutteredmod	block.clutteredmod.luphie_basic_lovely_love_seat		基础可爱双人沙发
luphieclutteredmod	block.clutteredmod.luphie_bee_lamp		蜜蜂灯
luphieclutteredmod	block.clutteredmod.luphie_berry_cake		浆果蛋糕
luphieclutteredmod	block.clutteredmod.luphie_black_armchair		黑色扶手椅
luphieclutteredmod	block.clutteredmod.luphie_black_cabinet		黑色柜
luphieclutteredmod	block.clutteredmod.luphie_black_cat_armchair		黑猫扶手椅
luphieclutteredmod	block.clutteredmod.luphie_black_cat_garland		黑猫花环
luphieclutteredmod	block.clutteredmod.luphie_black_cat_plant_pot		黑猫花盆
luphieclutteredmod	block.clutteredmod.luphie_black_counter		黑色柜台
luphieclutteredmod	block.clutteredmod.luphie_black_glass_cabinet		黑色玻璃柜
luphieclutteredmod	block.clutteredmod.luphie_black_inner_corner_cabinet		黑色内转角柜
luphieclutteredmod	block.clutteredmod.luphie_black_inner_corner_counter		黑色内转角柜台
luphieclutteredmod	block.clutteredmod.luphie_black_left_outer_corner_counter		黑色左外转角柜台
luphieclutteredmod	block.clutteredmod.luphie_black_lovely_love_seat		黑色可爱双人沙发
luphieclutteredmod	block.clutteredmod.luphie_black_mini_cabinet		黑色迷你柜
luphieclutteredmod	block.clutteredmod.luphie_black_outer_corner_cabinet		黑色外转角柜
luphieclutteredmod	block.clutteredmod.luphie_black_right_outer_corner_counter		黑色右外转角柜台
luphieclutteredmod	block.clutteredmod.luphie_black_shelf_cabinet		黑色架柜
luphieclutteredmod	block.clutteredmod.luphie_black_sink_counter		黑色水槽柜台
luphieclutteredmod	block.clutteredmod.luphie_blank_paper_pile		露菲空白纸堆
luphieclutteredmod	block.clutteredmod.luphie_blossom_garland		繁花花环
luphieclutteredmod	block.clutteredmod.luphie_blue_armchair		蓝色扶手椅
luphieclutteredmod	block.clutteredmod.luphie_blue_checkered_block		蓝色格纹方块
luphieclutteredmod	block.clutteredmod.luphie_blue_glowshroom_terrarium		蓝色荧光菇生态箱
luphieclutteredmod	block.clutteredmod.luphie_blue_mushroom_block		露菲
luphieclutteredmod	block.clutteredmod.luphie_blue_mushroom_bookshelf		蓝色蘑菇书架
luphieclutteredmod	block.clutteredmod.luphie_blue_mushroom_button		蓝色蘑菇按钮
luphieclutteredmod	block.clutteredmod.luphie_blue_mushroom_fence		蓝色蘑菇栅栏
luphieclutteredmod	block.clutteredmod.luphie_blue_mushroom_fence_gate		蓝色蘑菇栅栏门
luphieclutteredmod	block.clutteredmod.luphie_blue_mushroom_planks		蓝色蘑菇木板
luphieclutteredmod	block.clutteredmod.luphie_blue_mushroom_pressure_plate		蓝色蘑菇压力板
luphieclutteredmod	block.clutteredmod.luphie_blue_mushroom_slab		蓝色蘑菇台阶
luphieclutteredmod	block.clutteredmod.luphie_blue_mushroom_stairs		蓝色蘑菇楼梯
luphieclutteredmod	block.clutteredmod.luphie_blue_mushroom_trapdoor		蓝色蘑菇活板门
luphieclutteredmod	block.clutteredmod.luphie_blue_record_player		蓝色唱片机
luphieclutteredmod	block.clutteredmod.luphie_briefcase		公文包
luphieclutteredmod	block.clutteredmod.luphie_brown_armchair		棕色扶手椅
luphieclutteredmod	block.clutteredmod.luphie_brown_desk		棕色书桌
luphieclutteredmod	block.clutteredmod.luphie_brown_record_player		棕色唱片机
luphieclutteredmod	block.clutteredmod.luphie_bulletin_board		布告板
luphieclutteredmod	block.clutteredmod.luphie_bunny_book_ends		兔子书立
luphieclutteredmod	block.clutteredmod.luphie_bunny_garland		兔子花环
luphieclutteredmod	block.clutteredmod.luphie_button_stool		按钮凳子
luphieclutteredmod	block.clutteredmod.luphie_calico_cat_purple_bookshelf		三花猫紫色书架
luphieclutteredmod	block.clutteredmod.luphie_card_index		卡片索引
luphieclutteredmod	block.clutteredmod.luphie_cardboard_box_closed		纸箱关闭
luphieclutteredmod	block.clutteredmod.luphie_cardboard_box_filled		纸箱满的
luphieclutteredmod	block.clutteredmod.luphie_cardboard_box_open		纸箱打开
luphieclutteredmod	block.clutteredmod.luphie_cat_counter_a		猫柜台甲
luphieclutteredmod	block.clutteredmod.luphie_cat_kitchen_counter_b		猫柜台乙
luphieclutteredmod	block.clutteredmod.luphie_cat_kitchen_sink		猫厨房水槽
luphieclutteredmod	block.clutteredmod.luphie_cat_kitchen_table		猫厨房桌
luphieclutteredmod	block.clutteredmod.luphie_cat_window		猫窗户
luphieclutteredmod	block.clutteredmod.luphie_cauldron_poster		炼药锅海报
luphieclutteredmod	block.clutteredmod.luphie_china_cabinet		露菲瓷器柜
luphieclutteredmod	block.clutteredmod.luphie_choco_mint_wallpaper_1		巧克力薄荷墙纸甲
luphieclutteredmod	block.clutteredmod.luphie_choco_mint_wallpaper_b		巧克力薄荷墙纸乙
luphieclutteredmod	block.clutteredmod.luphie_classic_mini_table		经典桌
luphieclutteredmod	block.clutteredmod.luphie_classic_radio		经典广播
luphieclutteredmod	block.clutteredmod.luphie_cluttered_cat_mugs		杂物猫马克杯
luphieclutteredmod	block.clutteredmod.luphie_cluttered_desk		杂物棕色书桌
luphieclutteredmod	block.clutteredmod.luphie_cluttered_green_desk		杂物绿色书桌
luphieclutteredmod	block.clutteredmod.luphie_cluttered_havana_cabinet		杂物哈瓦那柜
luphieclutteredmod	block.clutteredmod.luphie_cluttered_seltzer_cans		露菲杂物汽水罐
luphieclutteredmod	block.clutteredmod.luphie_cobweb_purple_bookshelf		蜘蛛网紫色书架
luphieclutteredmod	block.clutteredmod.luphie_coffee_grinder		咖啡研磨机
luphieclutteredmod	block.clutteredmod.luphie_confectionary_table_a		甜品桌甲
luphieclutteredmod	block.clutteredmod.luphie_confectionary_table_b		甜品桌乙
luphieclutteredmod	block.clutteredmod.luphie_confectionary_wallpaper_a		甜品墙纸甲
luphieclutteredmod	block.clutteredmod.luphie_confectionary_wallpaper_b		甜品墙纸乙
luphieclutteredmod	block.clutteredmod.luphie_cyan_armchair		青色扶手椅
luphieclutteredmod	block.clutteredmod.luphie_darkwood_cabinet		黑木柜
luphieclutteredmod	block.clutteredmod.luphie_darkwood_clock		黑木时钟
luphieclutteredmod	block.clutteredmod.luphie_darkwood_decorative_shelves		黑木装饰架
luphieclutteredmod	block.clutteredmod.luphie_darkwood_geometric_bed		黑木几何床
luphieclutteredmod	block.clutteredmod.luphie_darkwood_geometric_chair		黑木几何椅子
luphieclutteredmod	block.clutteredmod.luphie_darkwood_geometric_decorative_shelves		黑木几何装饰架
luphieclutteredmod	block.clutteredmod.luphie_darkwood_geometric_sofa		黑木几何沙发
luphieclutteredmod	block.clutteredmod.luphie_darkwood_quilted_bed		黑木绗缝床
luphieclutteredmod	block.clutteredmod.luphie_darkwood_quilted_chair		黑木绗缝椅子
luphieclutteredmod	block.clutteredmod.luphie_darkwood_quilted_decorative_shelves		黑木绗缝装饰架
luphieclutteredmod	block.clutteredmod.luphie_darkwood_quilted_sofa		黑木绗缝沙发
luphieclutteredmod	block.clutteredmod.luphie_darkwood_round_table		黑木圆桌
luphieclutteredmod	block.clutteredmod.luphie_darkwood_souther_flair_bed		黑木南方风情床
luphieclutteredmod	block.clutteredmod.luphie_darkwood_southern_flair_chair		黑木南方风情椅子
luphieclutteredmod	block.clutteredmod.luphie_darkwood_southern_flair_decorative_shelves		黑木南方风情装饰架
luphieclutteredmod	block.clutteredmod.luphie_darkwood_southern_flair_sofa		黑木南方风情沙发
luphieclutteredmod	block.clutteredmod.luphie_darkwood_stool		黑木凳子
luphieclutteredmod	block.clutteredmod.luphie_decorative_blue_mushroom		装饰蓝色蘑菇
luphieclutteredmod	block.clutteredmod.luphie_decorative_mushroom		装饰蘑菇
luphieclutteredmod	block.clutteredmod.luphie_decorative_mushroom_block		红色蘑菇方块
luphieclutteredmod	block.clutteredmod.luphie_dorado_cabinet		多拉多柜
luphieclutteredmod	block.clutteredmod.luphie_dorado_cabinet_cluttered		杂物多拉多柜
luphieclutteredmod	block.clutteredmod.luphie_drying_herb_garland		风干香草花环
luphieclutteredmod	block.clutteredmod.luphie_drying_herbs		风干香草
luphieclutteredmod	block.clutteredmod.luphie_dynasty_door		王朝门
luphieclutteredmod	block.clutteredmod.luphie_empty_bulletin_board		空的布告板
luphieclutteredmod	block.clutteredmod.luphie_empty_plate		板
luphieclutteredmod	block.clutteredmod.luphie_empty_small_jars		空的小玻璃罐
luphieclutteredmod	block.clutteredmod.luphie_envelope_stack		信封堆
luphieclutteredmod	block.clutteredmod.luphie_filled_picnic_basket		装满的野餐篮
luphieclutteredmod	block.clutteredmod.luphie_flat_mushroom		平顶蘑菇
luphieclutteredmod	block.clutteredmod.luphie_floral_striped_wallpaper		碎花条纹墙纸
luphieclutteredmod	block.clutteredmod.luphie_flowering_carpet		盛开的花毯
luphieclutteredmod	block.clutteredmod.luphie_flowering_pink_bookshelf		盛开的粉红色书架
luphieclutteredmod	block.clutteredmod.luphie_flowering_pink_button		盛开的粉红色按钮
luphieclutteredmod	block.clutteredmod.luphie_flowering_pink_fence		盛开的粉红色栅栏
luphieclutteredmod	block.clutteredmod.luphie_flowering_pink_fence_gate		盛开的粉红色栅栏门
luphieclutteredmod	block.clutteredmod.luphie_flowering_pink_heart_door		盛开的粉红色门
luphieclutteredmod	block.clutteredmod.luphie_flowering_pink_planks		盛开的粉红色木板
luphieclutteredmod	block.clutteredmod.luphie_flowering_pink_pressure_plate		盛开的粉红色压力板
luphieclutteredmod	block.clutteredmod.luphie_flowering_pink_slab		盛开的粉红色台阶
luphieclutteredmod	block.clutteredmod.luphie_flowering_pink_stairs		盛开的粉红色楼梯
luphieclutteredmod	block.clutteredmod.luphie_flowering_pink_trapdoor		盛开的粉红色活板门
luphieclutteredmod	block.clutteredmod.luphie_flowering_pink_window		盛开的粉红色窗户
luphieclutteredmod	block.clutteredmod.luphie_flowering_purple_button		盛开的紫色按钮
luphieclutteredmod	block.clutteredmod.luphie_flowering_purple_door		盛开的紫色门
luphieclutteredmod	block.clutteredmod.luphie_flowering_purple_fence		盛开的紫色栅栏
luphieclutteredmod	block.clutteredmod.luphie_flowering_purple_fence_gate		盛开的紫色栅栏门
luphieclutteredmod	block.clutteredmod.luphie_flowering_purple_planks		盛开的紫色木板
luphieclutteredmod	block.clutteredmod.luphie_flowering_purple_pressure_plate		盛开的紫色压力板
luphieclutteredmod	block.clutteredmod.luphie_flowering_purple_s_tairs		盛开的紫色楼梯
luphieclutteredmod	block.clutteredmod.luphie_flowering_purple_slab		盛开的紫色台阶
luphieclutteredmod	block.clutteredmod.luphie_flowering_purple_trapdoor		盛开的紫色活板门
luphieclutteredmod	block.clutteredmod.luphie_flowering_yellow_bookshelf		盛开的黄色书架
luphieclutteredmod	block.clutteredmod.luphie_flowering_yellow_button		盛开的黄色按钮
luphieclutteredmod	block.clutteredmod.luphie_flowering_yellow_door		盛开的黄色门
luphieclutteredmod	block.clutteredmod.luphie_flowering_yellow_fence		盛开的黄色栅栏
luphieclutteredmod	block.clutteredmod.luphie_flowering_yellow_fence_gate		盛开的黄色栅栏门
luphieclutteredmod	block.clutteredmod.luphie_flowering_yellow_planks		盛开的黄色木板
luphieclutteredmod	block.clutteredmod.luphie_flowering_yellow_pressure_plate		盛开的黄色压力板
luphieclutteredmod	block.clutteredmod.luphie_flowering_yellow_slab		盛开的黄色台阶
luphieclutteredmod	block.clutteredmod.luphie_flowering_yellow_stairs		盛开的黄色楼梯配方
luphieclutteredmod	block.clutteredmod.luphie_flowering_yellow_trapdoor		盛开的黄色活板门
luphieclutteredmod	block.clutteredmod.luphie_fuschia_armchair		紫红色扶手椅
luphieclutteredmod	block.clutteredmod.luphie_general_store_cabinet		杂货店柜
luphieclutteredmod	block.clutteredmod.luphie_glass_jars		玻璃罐
luphieclutteredmod	block.clutteredmod.luphie_glow_bookshelf		荧光书架
luphieclutteredmod	block.clutteredmod.luphie_glow_door		荧光门
luphieclutteredmod	block.clutteredmod.luphie_glow_planks		荧光木板
luphieclutteredmod	block.clutteredmod.luphie_glow_trapdoor		荧光活板门
luphieclutteredmod	block.clutteredmod.luphie_glow_wood_set_button		荧光按钮
luphieclutteredmod	block.clutteredmod.luphie_glow_wood_set_fence		荧光栅栏
luphieclutteredmod	block.clutteredmod.luphie_glow_wood_set_fence_gate		荧光栅栏门
luphieclutteredmod	block.clutteredmod.luphie_glow_wood_set_pressure_plate		荧光压力板
luphieclutteredmod	block.clutteredmod.luphie_glow_wood_set_slab		荧光台阶
luphieclutteredmod	block.clutteredmod.luphie_glow_wood_set_stairs		荧光楼梯
luphieclutteredmod	block.clutteredmod.luphie_glowing_moon		发光月球
luphieclutteredmod	block.clutteredmod.luphie_glowshroom_door		荧光菇门
luphieclutteredmod	block.clutteredmod.luphie_gold_armchair		金色扶手椅
luphieclutteredmod	block.clutteredmod.luphie_gothic_rose_endtable		哥特玫瑰边桌
luphieclutteredmod	block.clutteredmod.luphie_gray_armchair		灰色扶手椅
luphieclutteredmod	block.clutteredmod.luphie_green_armchair		绿色扶手椅
luphieclutteredmod	block.clutteredmod.luphie_green_bookshelf		绿色书架
luphieclutteredmod	block.clutteredmod.luphie_green_button		绿色按钮
luphieclutteredmod	block.clutteredmod.luphie_green_checkered_block		绿色格纹方块
luphieclutteredmod	block.clutteredmod.luphie_green_desk		绿色书桌
luphieclutteredmod	block.clutteredmod.luphie_green_door		绿色门
luphieclutteredmod	block.clutteredmod.luphie_green_fence		绿色栅栏
luphieclutteredmod	block.clutteredmod.luphie_green_fence_gate		绿色栅栏门
luphieclutteredmod	block.clutteredmod.luphie_green_glowshroom_terrarium		绿色荧光菇生态箱
luphieclutteredmod	block.clutteredmod.luphie_green_gumball_machine		薄荷绿口香糖机
luphieclutteredmod	block.clutteredmod.luphie_green_planks		绿色木板
luphieclutteredmod	block.clutteredmod.luphie_green_pressure_plate		绿色压力板
luphieclutteredmod	block.clutteredmod.luphie_green_slab		绿色台阶
luphieclutteredmod	block.clutteredmod.luphie_green_spool_of_thread		绿色线轴
luphieclutteredmod	block.clutteredmod.luphie_green_stairs		绿色楼梯
luphieclutteredmod	block.clutteredmod.luphie_green_trapdoor		绿色活板门
luphieclutteredmod	block.clutteredmod.luphie_greener_nightstand		绿意床头柜
luphieclutteredmod	block.clutteredmod.luphie_halloween_wallpaper_a		万圣节墙纸甲
luphieclutteredmod	block.clutteredmod.luphie_halloween_wallpaper_b		万圣节墙纸乙
luphieclutteredmod	block.clutteredmod.luphie_ham_sandwich		火腿三明治
luphieclutteredmod	block.clutteredmod.luphie_handheld_sea_gem_lantern		海宝石灯笼
luphieclutteredmod	block.clutteredmod.luphie_hanging_dish_towel		悬挂抹布
luphieclutteredmod	block.clutteredmod.luphie_hanging_plant_a		悬挂盆栽草
luphieclutteredmod	block.clutteredmod.luphie_hanging_plant_b		悬挂盆栽藤蔓
luphieclutteredmod	block.clutteredmod.luphie_hanging_plant_shelves		悬挂植物架
luphieclutteredmod	block.clutteredmod.luphie_hanging_pottery_shelves		悬挂陶器架
luphieclutteredmod	block.clutteredmod.luphie_havana_cabinet		哈瓦那柜
luphieclutteredmod	block.clutteredmod.luphie_heart_armchair		心形扶手椅
luphieclutteredmod	block.clutteredmod.luphie_heart_cake		心形蛋糕
luphieclutteredmod	block.clutteredmod.luphie_heart_garland		心形花环
luphieclutteredmod	block.clutteredmod.luphie_honeycomb_lamp		蜜脾灯
luphieclutteredmod	block.clutteredmod.luphie_hoppin_park_lantern		霍平公园灯笼
luphieclutteredmod	block.clutteredmod.luphie_imperial_chair		帝国椅子
luphieclutteredmod	block.clutteredmod.luphie_imperial_table		帝国桌
luphieclutteredmod	block.clutteredmod.luphie_jack_o_lantern_bookshelf		南瓜灯书架
luphieclutteredmod	block.clutteredmod.luphie_jam_jar_pyramid		果酱玻璃罐金字塔
luphieclutteredmod	block.clutteredmod.luphie_key		键位
luphieclutteredmod	block.clutteredmod.luphie_lavender_spool_of_thread		薰衣草色线轴
luphieclutteredmod	block.clutteredmod.luphie_lemon_armchair		柠檬扶手椅
luphieclutteredmod	block.clutteredmod.luphie_lemon_table		柠檬桌
luphieclutteredmod	block.clutteredmod.luphie_light_blue_armchair		淡蓝色扶手椅
luphieclutteredmod	block.clutteredmod.luphie_light_gray_armchair		淡灰色扶手椅
luphieclutteredmod	block.clutteredmod.luphie_light_green_cabinet		淡绿色柜
luphieclutteredmod	block.clutteredmod.luphie_light_green_counter		淡绿色柜台
luphieclutteredmod	block.clutteredmod.luphie_light_green_glass_cabinet		淡绿色玻璃柜
luphieclutteredmod	block.clutteredmod.luphie_light_green_inner_corner_cabinet		淡绿色内转角柜
luphieclutteredmod	block.clutteredmod.luphie_light_green_inner_corner_counter		淡绿色内转角柜台
luphieclutteredmod	block.clutteredmod.luphie_light_green_left_outer_corner_counter		淡绿色左外转角柜台
luphieclutteredmod	block.clutteredmod.luphie_light_green_mini_cabinet		淡绿色迷你柜
luphieclutteredmod	block.clutteredmod.luphie_light_green_outer_corner_cabinet		淡绿色外转角柜
luphieclutteredmod	block.clutteredmod.luphie_light_green_right_outer_corner_counter		淡绿色右外转角柜台
luphieclutteredmod	block.clutteredmod.luphie_light_green_shelf_cabinet		淡绿色架柜
luphieclutteredmod	block.clutteredmod.luphie_light_green_sink_counter		淡绿色水槽柜台
luphieclutteredmod	block.clutteredmod.luphie_lime_armchair		黄绿色扶手椅
luphieclutteredmod	block.clutteredmod.luphie_lunar_observatory_basket_of_papers		观月台纸篮
luphieclutteredmod	block.clutteredmod.luphie_lunar_observatory_books		观月台书籍
luphieclutteredmod	block.clutteredmod.luphie_lunar_observatory_globe		观月台地球仪
luphieclutteredmod	block.clutteredmod.luphie_lunar_observatory_jars		观月台星空玻璃罐
luphieclutteredmod	block.clutteredmod.luphie_lunar_observatory_small_table		观月台小桌
luphieclutteredmod	block.clutteredmod.luphie_lunar_observatory_table		观月台桌
luphieclutteredmod	block.clutteredmod.luphie_magenta_armchair		品红色扶手椅
luphieclutteredmod	block.clutteredmod.luphie_mango_armchair		芒果扶手椅
luphieclutteredmod	block.clutteredmod.luphie_mermaid_dresser		人鱼五斗柜
luphieclutteredmod	block.clutteredmod.luphie_mermaid_pearl		人鱼珍珠
luphieclutteredmod	block.clutteredmod.luphie_mini_cactus_set		迷你仙人掌套装
luphieclutteredmod	block.clutteredmod.luphie_mini_hanging_terrariums		迷你悬挂生态箱
luphieclutteredmod	block.clutteredmod.luphie_mini_jam_jar_cube		迷你果酱玻璃罐立方体
luphieclutteredmod	block.clutteredmod.luphie_moon_string		月光串灯
luphieclutteredmod	block.clutteredmod.luphie_mushroom_bed		蘑菇床
luphieclutteredmod	block.clutteredmod.luphie_mushroom_bookshelf		蘑菇书架
luphieclutteredmod	block.clutteredmod.luphie_mushroom_chest		蘑菇箱子
luphieclutteredmod	block.clutteredmod.luphie_mushroom_door		蘑菇门
luphieclutteredmod	block.clutteredmod.luphie_mushroom_lamp		蘑菇灯
luphieclutteredmod	block.clutteredmod.luphie_mushroom_table		蘑菇桌
luphieclutteredmod	block.clutteredmod.luphie_mushroom_terrarium		蘑菇生态箱
luphieclutteredmod	block.clutteredmod.luphie_mushroom_tv		蘑菇电视
luphieclutteredmod	block.clutteredmod.luphie_mushroom_wardrobe		蘑菇衣柜
luphieclutteredmod	block.clutteredmod.luphie_nightstand		床头柜
luphieclutteredmod	block.clutteredmod.luphie_nightstand_knick_knacks		床头柜小摆件
luphieclutteredmod	block.clutteredmod.luphie_office_box		办公盒
luphieclutteredmod	block.clutteredmod.luphie_office_supplies_clutter		办公用品杂物
luphieclutteredmod	block.clutteredmod.luphie_open_book		打开书
luphieclutteredmod	block.clutteredmod.luphie_open_book_stack		打开书堆
luphieclutteredmod	block.clutteredmod.luphie_orange_armchair		橙色扶手椅
luphieclutteredmod	block.clutteredmod.luphie_orange_cat_plant_pot		橘猫花盆
luphieclutteredmod	block.clutteredmod.luphie_paint_water_jar		染色球水玻璃罐
luphieclutteredmod	block.clutteredmod.luphie_pancake_stack		煎饼堆
luphieclutteredmod	block.clutteredmod.luphie_paper_stack		纸堆
luphieclutteredmod	block.clutteredmod.luphie_pastel_armchair		淡彩花朵扶手椅
luphieclutteredmod	block.clutteredmod.luphie_pastel_block_bookshelf		淡彩方块书架
luphieclutteredmod	block.clutteredmod.luphie_pastel_chair		淡彩椅子
luphieclutteredmod	block.clutteredmod.luphie_pastel_strawberry_wallpaper		淡彩草莓墙纸
luphieclutteredmod	block.clutteredmod.luphie_pastel_table		淡彩桌
luphieclutteredmod	block.clutteredmod.luphie_pastel_traditional_chair		淡彩传统椅子
luphieclutteredmod	block.clutteredmod.luphie_pastel_traditional_table		淡彩传统桌
luphieclutteredmod	block.clutteredmod.luphie_pastel_wall_bookshelf		淡彩墙壁书架
luphieclutteredmod	block.clutteredmod.luphie_pastel_wardrobe		淡彩衣柜
luphieclutteredmod	block.clutteredmod.luphie_pastry_display_case		糕点展示柜
luphieclutteredmod	block.clutteredmod.luphie_picnic_basket		野餐篮
luphieclutteredmod	block.clutteredmod.luphie_pink_and_gold_moon_decor		粉金月亮装饰
luphieclutteredmod	block.clutteredmod.luphie_pink_armchair		粉红色扶手椅
luphieclutteredmod	block.clutteredmod.luphie_pink_bookshelf		粉红色书架
luphieclutteredmod	block.clutteredmod.luphie_pink_button		粉红色按钮
luphieclutteredmod	block.clutteredmod.luphie_pink_cabinet		粉红色柜
luphieclutteredmod	block.clutteredmod.luphie_pink_counter		粉红色柜台
luphieclutteredmod	block.clutteredmod.luphie_pink_fence		粉红色栅栏
luphieclutteredmod	block.clutteredmod.luphie_pink_fence_gate		粉红色栅栏门
luphieclutteredmod	block.clutteredmod.luphie_pink_glass_cabinet		粉红色玻璃柜
luphieclutteredmod	block.clutteredmod.luphie_pink_glowshroom_terrarium		粉红色荧光菇生态箱
luphieclutteredmod	block.clutteredmod.luphie_pink_heart_door		粉红色门
luphieclutteredmod	block.clutteredmod.luphie_pink_inner_corner_cabinet		粉红色内转角柜
luphieclutteredmod	block.clutteredmod.luphie_pink_inner_corner_counter		粉红色内转角柜台
luphieclutteredmod	block.clutteredmod.luphie_pink_left_outer_corner_counter		粉红色左外转角柜台
luphieclutteredmod	block.clutteredmod.luphie_pink_mini_cabinet		粉红色迷你柜
luphieclutteredmod	block.clutteredmod.luphie_pink_outer_corner_cabinet		粉红色外转角柜
luphieclutteredmod	block.clutteredmod.luphie_pink_planks		粉红色木板
luphieclutteredmod	block.clutteredmod.luphie_pink_pressure_plate		粉红色压力板
luphieclutteredmod	block.clutteredmod.luphie_pink_record_player		粉红色唱片机
luphieclutteredmod	block.clutteredmod.luphie_pink_right_outer_corner_counter		粉红色右外转角柜台
luphieclutteredmod	block.clutteredmod.luphie_pink_shelf_cabinet		粉红色架柜
luphieclutteredmod	block.clutteredmod.luphie_pink_sink_counter		粉红色水槽柜台
luphieclutteredmod	block.clutteredmod.luphie_pink_slab		粉红色台阶
luphieclutteredmod	block.clutteredmod.luphie_pink_spool_of_thread		粉红色线轴
luphieclutteredmod	block.clutteredmod.luphie_pink_stairs		粉红色楼梯
luphieclutteredmod	block.clutteredmod.luphie_pink_trapdoor		粉红色活板门
luphieclutteredmod	block.clutteredmod.luphie_pink_window		粉红色窗户
luphieclutteredmod	block.clutteredmod.luphie_plant_jar		植物玻璃罐
luphieclutteredmod	block.clutteredmod.luphie_plated_blueberry_muffin		盘中蓝莓玛芬
luphieclutteredmod	block.clutteredmod.luphie_plated_chocolate_croissant		盘中巧克力可颂
luphieclutteredmod	block.clutteredmod.luphie_plated_cinnamon_bun		盘中肉桂卷
luphieclutteredmod	block.clutteredmod.luphie_plated_croissant		盘中可颂
luphieclutteredmod	block.clutteredmod.luphie_potion_shelf		药水架
luphieclutteredmod	block.clutteredmod.luphie_purple_armchair		紫色扶手椅
luphieclutteredmod	block.clutteredmod.luphie_purple_black_cat_bookshelf		黑色猫紫色书架
luphieclutteredmod	block.clutteredmod.luphie_purple_checkered_block		紫色格纹方块
luphieclutteredmod	block.clutteredmod.luphie_purple_door		紫色门
luphieclutteredmod	block.clutteredmod.luphie_purple_glowshroom_terrarium		紫色荧光菇生态箱
luphieclutteredmod	block.clutteredmod.luphie_purple_gumball_machine		薰衣草色口香糖机
luphieclutteredmod	block.clutteredmod.luphie_purple_iron_door		紫色铁门
luphieclutteredmod	block.clutteredmod.luphie_purple_jar_bookshelf		玻璃罐紫色书架
luphieclutteredmod	block.clutteredmod.luphie_purple_plank_set_button		紫色按钮
luphieclutteredmod	block.clutteredmod.luphie_purple_plank_set_fence		紫色栅栏
luphieclutteredmod	block.clutteredmod.luphie_purple_plank_set_fence_gate		紫色栅栏门
luphieclutteredmod	block.clutteredmod.luphie_purple_plank_set_pressure_plate		紫色压力板
luphieclutteredmod	block.clutteredmod.luphie_purple_plank_set_slab		紫色台阶
luphieclutteredmod	block.clutteredmod.luphie_purple_plank_set_stairs		紫色楼梯
luphieclutteredmod	block.clutteredmod.luphie_purple_planks		紫色木板
luphieclutteredmod	block.clutteredmod.luphie_purple_trapdoor		紫色活板门
luphieclutteredmod	block.clutteredmod.luphie_red_armchair		红色扶手椅
luphieclutteredmod	block.clutteredmod.luphie_red_checkered_block		红色格纹方块
luphieclutteredmod	block.clutteredmod.luphie_retro_black_fridge		黑色复古风冰箱
luphieclutteredmod	block.clutteredmod.luphie_retro_cafe_shelf		复古咖啡馆架
luphieclutteredmod	block.clutteredmod.luphie_retro_cafe_shelf_stained_glass		复古咖啡馆染色玻璃
luphieclutteredmod	block.clutteredmod.luphie_retro_green_fridge		绿色复古风冰箱
luphieclutteredmod	block.clutteredmod.luphie_retro_pink_fridge		粉红色复古风冰箱
luphieclutteredmod	block.clutteredmod.luphie_retro_white_fridge		白色复古风冰箱
luphieclutteredmod	block.clutteredmod.luphie_retro_yellow_fridge		黄色复古风冰箱
luphieclutteredmod	block.clutteredmod.luphie_rose_endtable		玫瑰边桌
luphieclutteredmod	block.clutteredmod.luphie_rovers_briefcase		罗弗的公文包
luphieclutteredmod	block.clutteredmod.luphie_rovers_mug		罗弗的马克杯
luphieclutteredmod	block.clutteredmod.luphie_rovers_stool		罗弗的凳子
luphieclutteredmod	block.clutteredmod.luphie_row_of_small_books		一排小书
luphieclutteredmod	block.clutteredmod.luphie_row_of_small_pastel_books		一排淡彩小书
luphieclutteredmod	block.clutteredmod.luphie_safe		保险箱
luphieclutteredmod	block.clutteredmod.luphie_salt_and_pepper_shakers		盐胡椒调料瓶
luphieclutteredmod	block.clutteredmod.luphie_scattered_papers		散落的纸张
luphieclutteredmod	block.clutteredmod.luphie_sewing_clutter		缝纫杂物
luphieclutteredmod	block.clutteredmod.luphie_sewing_table		缝纫桌
luphieclutteredmod	block.clutteredmod.luphie_sewing_table_clutter		缝纫桌杂物
luphieclutteredmod	block.clutteredmod.luphie_sewing_table_with_tablecloth		带桌布缝纫桌
luphieclutteredmod	block.clutteredmod.luphie_short_book_stack		矮书堆
luphieclutteredmod	block.clutteredmod.luphie_sketchbook		素描本
luphieclutteredmod	block.clutteredmod.luphie_sketchbook_stack		素描本堆
luphieclutteredmod	block.clutteredmod.luphie_sliced_bread		切片面包
luphieclutteredmod	block.clutteredmod.luphie_small_bookcase		小书柜
luphieclutteredmod	block.clutteredmod.luphie_small_cauldron_set		小炼药锅集合
luphieclutteredmod	block.clutteredmod.luphie_small_filled_jars_a		满的小玻璃罐甲
luphieclutteredmod	block.clutteredmod.luphie_small_filled_jars_b		满的小玻璃罐乙
luphieclutteredmod	block.clutteredmod.luphie_small_filled_jars_c		满的小玻璃罐丙
luphieclutteredmod	block.clutteredmod.luphie_small_filled_jars_d		满的小玻璃罐丁
luphieclutteredmod	block.clutteredmod.luphie_small_jars_of_tea_leaves		茶叶小玻璃罐
luphieclutteredmod	block.clutteredmod.luphie_stack_of_ham_sandwiches		火腿三明治堆
luphieclutteredmod	block.clutteredmod.luphie_stack_of_small_books		小书堆
luphieclutteredmod	block.clutteredmod.luphie_star_string		星光串灯
luphieclutteredmod	block.clutteredmod.luphie_steampunk_globe		蒸汽朋克地球仪
luphieclutteredmod	block.clutteredmod.luphie_strawberry_armchair		草莓扶手椅
luphieclutteredmod	block.clutteredmod.luphie_sunflower_garland		向日葵花环
luphieclutteredmod	block.clutteredmod.luphie_sweetheart_counter_a		甜心柜台甲
luphieclutteredmod	block.clutteredmod.luphie_sweetheart_counter_b		甜心柜台乙
luphieclutteredmod	block.clutteredmod.luphie_sweetheart_kitchen_sink		甜心厨房水槽
luphieclutteredmod	block.clutteredmod.luphie_sweetheart_kitchen_table		甜心厨房桌
luphieclutteredmod	block.clutteredmod.luphie_table_with_cloth		带桌布桌
luphieclutteredmod	block.clutteredmod.luphie_tall_bookstack		高书堆
luphieclutteredmod	block.clutteredmod.luphie_tall_paper_stack		高纸堆
luphieclutteredmod	block.clutteredmod.luphie_tall_sketchbook_stack		高素描本堆
luphieclutteredmod	block.clutteredmod.luphie_tall_stack_of_small_books		高小书堆
luphieclutteredmod	block.clutteredmod.luphie_tea_kettle		花饰茶壶
luphieclutteredmod	block.clutteredmod.luphie_unliving_chair		无生命椅子
luphieclutteredmod	block.clutteredmod.luphie_vase_purple_bookshelf		花瓶紫色书架
luphieclutteredmod	block.clutteredmod.luphie_vial_stand		药瓶架
luphieclutteredmod	block.clutteredmod.luphie_wall_bookshelf		墙壁书架
luphieclutteredmod	block.clutteredmod.luphie_watermelon_armchair		西瓜扶手椅
luphieclutteredmod	block.clutteredmod.luphie_wedding_arch		娇羞美人婚礼拱门
luphieclutteredmod	block.clutteredmod.luphie_white_armchair		白色扶手椅
luphieclutteredmod	block.clutteredmod.luphie_white_cabinet		白色柜
luphieclutteredmod	block.clutteredmod.luphie_white_counter		白色柜台
luphieclutteredmod	block.clutteredmod.luphie_white_glass_cabinet		白色玻璃柜
luphieclutteredmod	block.clutteredmod.luphie_white_inner_corner_cabinet		白色内转角柜
luphieclutteredmod	block.clutteredmod.luphie_white_inner_corner_counter		白色内转角柜台
luphieclutteredmod	block.clutteredmod.luphie_white_left_outer_corner_counter		白色左外转角柜台
luphieclutteredmod	block.clutteredmod.luphie_white_mini_cabinet		白色迷你柜
luphieclutteredmod	block.clutteredmod.luphie_white_outer_corner_cabinet		白色外转角柜
luphieclutteredmod	block.clutteredmod.luphie_white_right_outer_corner_counter		白色右外转角柜台
luphieclutteredmod	block.clutteredmod.luphie_white_shelf_cabinet		白色架柜
luphieclutteredmod	block.clutteredmod.luphie_white_sink		白色水槽柜台
luphieclutteredmod	block.clutteredmod.luphie_wine_bottles		酒瓶
luphieclutteredmod	block.clutteredmod.luphie_worn_dorado_cabinet		做旧多拉多柜
luphieclutteredmod	block.clutteredmod.luphie_yellow_armchair		黄色扶手椅
luphieclutteredmod	block.clutteredmod.luphie_yellow_bookshelf		黄色书架
luphieclutteredmod	block.clutteredmod.luphie_yellow_button		黄色按钮
luphieclutteredmod	block.clutteredmod.luphie_yellow_cabinet		黄色柜
luphieclutteredmod	block.clutteredmod.luphie_yellow_checkered_block		黄色格纹方块
luphieclutteredmod	block.clutteredmod.luphie_yellow_counter		黄色柜台
luphieclutteredmod	block.clutteredmod.luphie_yellow_door		黄色门
luphieclutteredmod	block.clutteredmod.luphie_yellow_fence		黄色栅栏
luphieclutteredmod	block.clutteredmod.luphie_yellow_fence_gate		黄色栅栏门
luphieclutteredmod	block.clutteredmod.luphie_yellow_glass_cabinet		黄色玻璃柜
luphieclutteredmod	block.clutteredmod.luphie_yellow_glowshroom_terrarium		黄色荧光菇生态箱
luphieclutteredmod	block.clutteredmod.luphie_yellow_inner_corner_cabinet		黄色内转角柜
luphieclutteredmod	block.clutteredmod.luphie_yellow_inner_corner_counter		黄色内转角柜台
luphieclutteredmod	block.clutteredmod.luphie_yellow_left_outer_corner_counter		黄色左外转角柜台
luphieclutteredmod	block.clutteredmod.luphie_yellow_mini_cabinet		黄色迷你柜
luphieclutteredmod	block.clutteredmod.luphie_yellow_notepad		黄色记事本
luphieclutteredmod	block.clutteredmod.luphie_yellow_outer_corner_cabinet		黄色外转角柜
luphieclutteredmod	block.clutteredmod.luphie_yellow_planks		黄色木板
luphieclutteredmod	block.clutteredmod.luphie_yellow_pressure_plate		黄色压力板
luphieclutteredmod	block.clutteredmod.luphie_yellow_record_player		黄色唱片机
luphieclutteredmod	block.clutteredmod.luphie_yellow_right_outer_corner_counter		黄色右外转角柜台
luphieclutteredmod	block.clutteredmod.luphie_yellow_shelf_cabinet		黄色架柜
luphieclutteredmod	block.clutteredmod.luphie_yellow_sink_counter		黄色水槽柜台
luphieclutteredmod	block.clutteredmod.luphie_yellow_slab		黄色台阶
luphieclutteredmod	block.clutteredmod.luphie_yellow_spool_of_thread		黄色线轴
luphieclutteredmod	block.clutteredmod.luphie_yellow_stair_recipe		黄色楼梯配方
luphieclutteredmod	block.clutteredmod.luphie_yellow_trapdoor		黄色活板门
luphieclutteredmod	block.clutteredmod.luphiebunny_plushie		兔子毛绒玩偶
luphieclutteredmod	block.luphieclutteredmod.anchorwallpaper		锚纹墙纸
luphieclutteredmod	block.luphieclutteredmod.anchorwallpaperwainscot		锚纹护墙板
luphieclutteredmod	block.luphieclutteredmod.bamboo_bookshelf		竹子书架
luphieclutteredmod	block.luphieclutteredmod.blue_bicycle		蓝色自行车
luphieclutteredmod	block.luphieclutteredmod.blue_birdhouse		蓝色鸟屋
luphieclutteredmod	block.luphieclutteredmod.blue_flower_shelf		蓝色花架
luphieclutteredmod	block.luphieclutteredmod.blue_flower_shelf_candle		蓝色花架蜡烛
luphieclutteredmod	block.luphieclutteredmod.blue_mushroom_tarrey_town_planter		蓝色蘑菇塔里镇种植盆
luphieclutteredmod	block.luphieclutteredmod.blue_puzzle_piece_table		蓝色拼图块桌
luphieclutteredmod	block.luphieclutteredmod.blue_sand_seal_plush		蓝色沙海豹毛绒玩偶
luphieclutteredmod	block.luphieclutteredmod.blue_tarrey_town_planter		蓝色塔里镇种植盆
luphieclutteredmod	block.luphieclutteredmod.checkeredstrawberrywallpaperlime		黄绿色草莓格纹墙纸
luphieclutteredmod	block.luphieclutteredmod.checkeredstrawberrywallpaperpink		粉红色草莓格纹墙纸
luphieclutteredmod	block.luphieclutteredmod.checkeredwallpaperlime		黄绿色格纹墙纸
luphieclutteredmod	block.luphieclutteredmod.checkeredwallpaperpink		粉红色格纹墙纸
luphieclutteredmod	block.luphieclutteredmod.cluttered_purple_cabinet		杂物紫色柜
luphieclutteredmod	block.luphieclutteredmod.cluttered_tarrey_town_wood_stove		杂物塔里镇木柴炉
luphieclutteredmod	block.luphieclutteredmod.cute_blue_bicycle		可爱蓝色自行车
luphieclutteredmod	block.luphieclutteredmod.cute_pink_bicycle		可爱粉红色自行车
luphieclutteredmod	block.luphieclutteredmod.cute_purple_bicycle		可爱紫色自行车
luphieclutteredmod	block.luphieclutteredmod.cute_yellow_bicycle		可爱黄色自行车
luphieclutteredmod	block.luphieclutteredmod.flower_shelf_plant		花架植物
luphieclutteredmod	block.luphieclutteredmod.glow_tarrey_town_planter		荧光塔里镇种植盆
luphieclutteredmod	block.luphieclutteredmod.green_flower_shelf		绿色花架
luphieclutteredmod	block.luphieclutteredmod.green_flower_shelf_candle		绿色花架蜡烛
luphieclutteredmod	block.luphieclutteredmod.green_puzzle_piece_table		绿色拼图块桌
luphieclutteredmod	block.luphieclutteredmod.green_sand_seal_plush		绿色沙海豹毛绒玩偶
luphieclutteredmod	block.luphieclutteredmod.green_tarrey_town_planter		绿色塔里镇种植盆
luphieclutteredmod	block.luphieclutteredmod.hannish_tile_flooring		汉尼斯瓷砖地板
luphieclutteredmod	block.luphieclutteredmod.lily_hills_flooring		百合山丘地板
luphieclutteredmod	block.luphieclutteredmod.luphie_amethyst_endtable		紫水晶边桌
luphieclutteredmod	block.luphieclutteredmod.luphie_analog_kitchen_scale		指针式厨房秤
luphieclutteredmod	block.luphieclutteredmod.luphie_ancient_codex		远古法典
luphieclutteredmod	block.luphieclutteredmod.luphie_angry_bee_lamp		愤怒蜜蜂灯
luphieclutteredmod	block.luphieclutteredmod.luphie_antique_book_stand		古式书立
luphieclutteredmod	block.luphieclutteredmod.luphie_antique_lamp		古式灯
luphieclutteredmod	block.luphieclutteredmod.luphie_antique_library_books		古式图书馆书籍
luphieclutteredmod	block.luphieclutteredmod.luphie_antique_map		古式地图
luphieclutteredmod	block.luphieclutteredmod.luphie_antique_sewing_machine		古式缝纫机
luphieclutteredmod	block.luphieclutteredmod.luphie_apple_chair		苹果椅子
luphieclutteredmod	block.luphieclutteredmod.luphie_art_academy_box_of_paint		美术学院颜料盒
luphieclutteredmod	block.luphieclutteredmod.luphie_assorted_jam_jars		什锦果酱玻璃罐
luphieclutteredmod	block.luphieclutteredmod.luphie_baking_set_a		烘焙套装甲
luphieclutteredmod	block.luphieclutteredmod.luphie_basic_lovely_love_seat		基础可爱双人沙发
luphieclutteredmod	block.luphieclutteredmod.luphie_bee_lamp		蜜蜂灯
luphieclutteredmod	block.luphieclutteredmod.luphie_berry_cake		浆果蛋糕
luphieclutteredmod	block.luphieclutteredmod.luphie_black_armchair		黑色扶手椅
luphieclutteredmod	block.luphieclutteredmod.luphie_black_cabinet		黑色柜
luphieclutteredmod	block.luphieclutteredmod.luphie_black_cat_armchair		黑猫扶手椅
luphieclutteredmod	block.luphieclutteredmod.luphie_black_cat_garland		黑猫花环
luphieclutteredmod	block.luphieclutteredmod.luphie_black_cat_plant_pot		黑猫花盆
luphieclutteredmod	block.luphieclutteredmod.luphie_black_counter		黑色柜台
luphieclutteredmod	block.luphieclutteredmod.luphie_black_endtable		黑色边桌
luphieclutteredmod	block.luphieclutteredmod.luphie_black_glass_cabinet		黑色玻璃柜
luphieclutteredmod	block.luphieclutteredmod.luphie_black_inner_corner_cabinet		黑色内转角柜
luphieclutteredmod	block.luphieclutteredmod.luphie_black_inner_corner_counter		黑色内转角柜台
luphieclutteredmod	block.luphieclutteredmod.luphie_black_left_outer_corner_counter		黑色左外转角柜台
luphieclutteredmod	block.luphieclutteredmod.luphie_black_lovely_love_seat		黑色可爱双人沙发
luphieclutteredmod	block.luphieclutteredmod.luphie_black_mini_cabinet		黑色迷你柜
luphieclutteredmod	block.luphieclutteredmod.luphie_black_outer_corner_cabinet		黑色外转角柜
luphieclutteredmod	block.luphieclutteredmod.luphie_black_right_outer_corner_counter		黑色右外转角柜台
luphieclutteredmod	block.luphieclutteredmod.luphie_black_shelf_cabinet		黑色架柜
luphieclutteredmod	block.luphieclutteredmod.luphie_black_sink_counter		黑色水槽柜台
luphieclutteredmod	block.luphieclutteredmod.luphie_blank_paper_pile		露菲空白纸堆
luphieclutteredmod	block.luphieclutteredmod.luphie_blossom_garland		繁花花环
luphieclutteredmod	block.luphieclutteredmod.luphie_blue_armchair		蓝色扶手椅
luphieclutteredmod	block.luphieclutteredmod.luphie_blue_checkered_block		蓝色格纹方块
luphieclutteredmod	block.luphieclutteredmod.luphie_blue_glowshroom_terrarium		蓝色荧光菇生态箱
luphieclutteredmod	block.luphieclutteredmod.luphie_blue_mushroom_block		蓝色蘑菇方块
luphieclutteredmod	block.luphieclutteredmod.luphie_blue_mushroom_bookshelf		蓝色蘑菇书架
luphieclutteredmod	block.luphieclutteredmod.luphie_blue_mushroom_button		蓝色蘑菇按钮
luphieclutteredmod	block.luphieclutteredmod.luphie_blue_mushroom_fence		蓝色蘑菇栅栏
luphieclutteredmod	block.luphieclutteredmod.luphie_blue_mushroom_fence_gate		蓝色蘑菇栅栏门
luphieclutteredmod	block.luphieclutteredmod.luphie_blue_mushroom_planks		蓝色蘑菇木板
luphieclutteredmod	block.luphieclutteredmod.luphie_blue_mushroom_pressure_plate		蓝色蘑菇压力板
luphieclutteredmod	block.luphieclutteredmod.luphie_blue_mushroom_slab		蓝色蘑菇台阶
luphieclutteredmod	block.luphieclutteredmod.luphie_blue_mushroom_stairs		蓝色蘑菇楼梯
luphieclutteredmod	block.luphieclutteredmod.luphie_blue_mushroom_trapdoor		蓝色蘑菇活板门
luphieclutteredmod	block.luphieclutteredmod.luphie_blue_record_player		蓝色唱片机
luphieclutteredmod	block.luphieclutteredmod.luphie_briefcase		公文包
luphieclutteredmod	block.luphieclutteredmod.luphie_brown_armchair		棕色扶手椅
luphieclutteredmod	block.luphieclutteredmod.luphie_brown_desk		棕色书桌
luphieclutteredmod	block.luphieclutteredmod.luphie_brown_record_player		棕色唱片机
luphieclutteredmod	block.luphieclutteredmod.luphie_bulletin_board		布告板
luphieclutteredmod	block.luphieclutteredmod.luphie_bunny_book_ends		兔子书立
luphieclutteredmod	block.luphieclutteredmod.luphie_bunny_garland		兔子花环
luphieclutteredmod	block.luphieclutteredmod.luphie_button_stool		按钮凳子
luphieclutteredmod	block.luphieclutteredmod.luphie_caged_bulb		笼式灯泡
luphieclutteredmod	block.luphieclutteredmod.luphie_calico_cat_purple_bookshelf		三花猫紫色书架
luphieclutteredmod	block.luphieclutteredmod.luphie_card_index		卡片索引
luphieclutteredmod	block.luphieclutteredmod.luphie_cardboard_box_closed		纸箱关闭
luphieclutteredmod	block.luphieclutteredmod.luphie_cardboard_box_filled		纸箱满的
luphieclutteredmod	block.luphieclutteredmod.luphie_cardboard_box_open		纸箱打开
luphieclutteredmod	block.luphieclutteredmod.luphie_cat_counter_a		猫柜台甲
luphieclutteredmod	block.luphieclutteredmod.luphie_cat_kitchen_counter_b		猫柜台乙
luphieclutteredmod	block.luphieclutteredmod.luphie_cat_kitchen_sink		猫厨房水槽
luphieclutteredmod	block.luphieclutteredmod.luphie_cat_kitchen_table		猫厨房桌
luphieclutteredmod	block.luphieclutteredmod.luphie_cat_window		猫窗户
luphieclutteredmod	block.luphieclutteredmod.luphie_cauldron_poster		炼药锅海报
luphieclutteredmod	block.luphieclutteredmod.luphie_china_cabinet		瓷器柜
luphieclutteredmod	block.luphieclutteredmod.luphie_choco_mint_wallpaper_1		巧克力薄荷踢脚线
luphieclutteredmod	block.luphieclutteredmod.luphie_choco_mint_wallpaper_b		巧克力薄荷墙纸乙
luphieclutteredmod	block.luphieclutteredmod.luphie_classic_mini_table		经典桌
luphieclutteredmod	block.luphieclutteredmod.luphie_classic_radio		经典广播
luphieclutteredmod	block.luphieclutteredmod.luphie_cluttered_cat_mugs		杂物猫马克杯
luphieclutteredmod	block.luphieclutteredmod.luphie_cluttered_desk		杂物棕色书桌
luphieclutteredmod	block.luphieclutteredmod.luphie_cluttered_green_desk		杂物绿色书桌
luphieclutteredmod	block.luphieclutteredmod.luphie_cluttered_havana_cabinet		杂物哈瓦那柜
luphieclutteredmod	block.luphieclutteredmod.luphie_cluttered_seltzer_cans		露菲杂物汽水罐
luphieclutteredmod	block.luphieclutteredmod.luphie_cobweb_purple_bookshelf		蜘蛛网紫色书架
luphieclutteredmod	block.luphieclutteredmod.luphie_coffee_grinder		咖啡研磨机
luphieclutteredmod	block.luphieclutteredmod.luphie_confectionary_table_a		甜品桌甲
luphieclutteredmod	block.luphieclutteredmod.luphie_confectionary_table_b		甜品桌乙
luphieclutteredmod	block.luphieclutteredmod.luphie_confectionary_wallpaper_a		甜品踢脚线
luphieclutteredmod	block.luphieclutteredmod.luphie_confectionary_wallpaper_b		甜品墙纸乙
luphieclutteredmod	block.luphieclutteredmod.luphie_cyan_armchair		青色扶手椅
luphieclutteredmod	block.luphieclutteredmod.luphie_darkwood_cabinet		黑木柜
luphieclutteredmod	block.luphieclutteredmod.luphie_darkwood_clock		黑木时钟
luphieclutteredmod	block.luphieclutteredmod.luphie_darkwood_decorative_shelves		黑木装饰架
luphieclutteredmod	block.luphieclutteredmod.luphie_darkwood_endtable		黑木边桌
luphieclutteredmod	block.luphieclutteredmod.luphie_darkwood_geometric_bed		黑木几何床
luphieclutteredmod	block.luphieclutteredmod.luphie_darkwood_geometric_chair		黑木几何椅子
luphieclutteredmod	block.luphieclutteredmod.luphie_darkwood_geometric_decorative_shelves		黑木几何装饰架
luphieclutteredmod	block.luphieclutteredmod.luphie_darkwood_geometric_sofa		黑木几何沙发
luphieclutteredmod	block.luphieclutteredmod.luphie_darkwood_quilted_bed		黑木绗缝床
luphieclutteredmod	block.luphieclutteredmod.luphie_darkwood_quilted_chair		黑木绗缝椅子
luphieclutteredmod	block.luphieclutteredmod.luphie_darkwood_quilted_decorative_shelves		黑木绗缝装饰架
luphieclutteredmod	block.luphieclutteredmod.luphie_darkwood_quilted_sofa		黑木绗缝沙发
luphieclutteredmod	block.luphieclutteredmod.luphie_darkwood_round_table		黑木圆桌
luphieclutteredmod	block.luphieclutteredmod.luphie_darkwood_souther_flair_bed		黑木南方风情床
luphieclutteredmod	block.luphieclutteredmod.luphie_darkwood_southern_flair_chair		黑木南方风情椅子
luphieclutteredmod	block.luphieclutteredmod.luphie_darkwood_southern_flair_decorative_shelves		黑木南方风情装饰架
luphieclutteredmod	block.luphieclutteredmod.luphie_darkwood_southern_flair_sofa		黑木南方风情沙发
luphieclutteredmod	block.luphieclutteredmod.luphie_darkwood_stool		黑木凳子
luphieclutteredmod	block.luphieclutteredmod.luphie_decorative_blue_mushroom		装饰蓝色蘑菇
luphieclutteredmod	block.luphieclutteredmod.luphie_decorative_flat_mushroom		装饰平顶蘑菇
luphieclutteredmod	block.luphieclutteredmod.luphie_decorative_mushroom		装饰蘑菇
luphieclutteredmod	block.luphieclutteredmod.luphie_decorative_mushroom_block		红色蘑菇方块
luphieclutteredmod	block.luphieclutteredmod.luphie_dorado_cabinet		多拉多柜
luphieclutteredmod	block.luphieclutteredmod.luphie_dorado_cabinet_cluttered		杂物多拉多柜
luphieclutteredmod	block.luphieclutteredmod.luphie_drying_herb_garland		风干香草花环
luphieclutteredmod	block.luphieclutteredmod.luphie_drying_herbs		风干香草
luphieclutteredmod	block.luphieclutteredmod.luphie_dynasty_door		王朝门
luphieclutteredmod	block.luphieclutteredmod.luphie_empty_bulletin_board		空的布告板
luphieclutteredmod	block.luphieclutteredmod.luphie_empty_plate		板
luphieclutteredmod	block.luphieclutteredmod.luphie_empty_small_jars		空的小玻璃罐
luphieclutteredmod	block.luphieclutteredmod.luphie_envelope_stack		信封堆
luphieclutteredmod	block.luphieclutteredmod.luphie_filled_picnic_basket		装满的野餐篮
luphieclutteredmod	block.luphieclutteredmod.luphie_floral_striped_wallpaper		碎花条纹墙纸
luphieclutteredmod	block.luphieclutteredmod.luphie_flower_desk_lamp		花朵台灯
luphieclutteredmod	block.luphieclutteredmod.luphie_flowering_carpet		盛开的花毯
luphieclutteredmod	block.luphieclutteredmod.luphie_flowering_pink_bookshelf		盛开的粉红色书架
luphieclutteredmod	block.luphieclutteredmod.luphie_flowering_pink_button		盛开的粉红色按钮
luphieclutteredmod	block.luphieclutteredmod.luphie_flowering_pink_fence		盛开的粉红色栅栏
luphieclutteredmod	block.luphieclutteredmod.luphie_flowering_pink_fence_gate		盛开的粉红色栅栏门
luphieclutteredmod	block.luphieclutteredmod.luphie_flowering_pink_heart_door		盛开的粉红色门
luphieclutteredmod	block.luphieclutteredmod.luphie_flowering_pink_log		盛开的粉红色原木
luphieclutteredmod	block.luphieclutteredmod.luphie_flowering_pink_planks		盛开的粉红色木板
luphieclutteredmod	block.luphieclutteredmod.luphie_flowering_pink_pressure_plate		盛开的粉红色压力板
luphieclutteredmod	block.luphieclutteredmod.luphie_flowering_pink_slab		盛开的粉红色台阶
luphieclutteredmod	block.luphieclutteredmod.luphie_flowering_pink_stairs		盛开的粉红色楼梯
luphieclutteredmod	block.luphieclutteredmod.luphie_flowering_pink_trapdoor		盛开的粉红色活板门
luphieclutteredmod	block.luphieclutteredmod.luphie_flowering_pink_window		盛开的粉红色窗户
luphieclutteredmod	block.luphieclutteredmod.luphie_flowering_pink_wood		盛开的粉红色木
luphieclutteredmod	block.luphieclutteredmod.luphie_flowering_purple_button		盛开的紫色按钮
luphieclutteredmod	block.luphieclutteredmod.luphie_flowering_purple_door		盛开的紫色门
luphieclutteredmod	block.luphieclutteredmod.luphie_flowering_purple_fence		盛开的紫色栅栏
luphieclutteredmod	block.luphieclutteredmod.luphie_flowering_purple_fence_gate		盛开的紫色栅栏门
luphieclutteredmod	block.luphieclutteredmod.luphie_flowering_purple_log		盛开的紫色原木
luphieclutteredmod	block.luphieclutteredmod.luphie_flowering_purple_planks		盛开的紫色木板
luphieclutteredmod	block.luphieclutteredmod.luphie_flowering_purple_pressure_plate		盛开的紫色压力板
luphieclutteredmod	block.luphieclutteredmod.luphie_flowering_purple_s_tairs		盛开的紫色楼梯
luphieclutteredmod	block.luphieclutteredmod.luphie_flowering_purple_slab		盛开的紫色台阶
luphieclutteredmod	block.luphieclutteredmod.luphie_flowering_purple_trapdoor		盛开的紫色活板门
luphieclutteredmod	block.luphieclutteredmod.luphie_flowering_purple_wood		盛开的紫色木
luphieclutteredmod	block.luphieclutteredmod.luphie_flowering_yellow_bookshelf		盛开的黄色书架
luphieclutteredmod	block.luphieclutteredmod.luphie_flowering_yellow_button		盛开的黄色按钮
luphieclutteredmod	block.luphieclutteredmod.luphie_flowering_yellow_door		盛开的黄色门
luphieclutteredmod	block.luphieclutteredmod.luphie_flowering_yellow_fence		盛开的黄色栅栏
luphieclutteredmod	block.luphieclutteredmod.luphie_flowering_yellow_fence_gate		盛开的黄色栅栏门
luphieclutteredmod	block.luphieclutteredmod.luphie_flowering_yellow_log		盛开的黄色原木
luphieclutteredmod	block.luphieclutteredmod.luphie_flowering_yellow_planks		盛开的黄色木板
luphieclutteredmod	block.luphieclutteredmod.luphie_flowering_yellow_pressure_plate		盛开的黄色压力板
luphieclutteredmod	block.luphieclutteredmod.luphie_flowering_yellow_slab		盛开的黄色台阶
luphieclutteredmod	block.luphieclutteredmod.luphie_flowering_yellow_stairs		盛开的黄色楼梯配方
luphieclutteredmod	block.luphieclutteredmod.luphie_flowering_yellow_trapdoor		盛开的黄色活板门
luphieclutteredmod	block.luphieclutteredmod.luphie_flowering_yellow_wood		盛开的黄色木
luphieclutteredmod	block.luphieclutteredmod.luphie_fuschia_armchair		紫红色扶手椅
luphieclutteredmod	block.luphieclutteredmod.luphie_general_store_cabinet		杂货店柜
luphieclutteredmod	block.luphieclutteredmod.luphie_glass_jars		玻璃罐
luphieclutteredmod	block.luphieclutteredmod.luphie_glow_bookshelf		荧光书架
luphieclutteredmod	block.luphieclutteredmod.luphie_glow_door		荧光门
luphieclutteredmod	block.luphieclutteredmod.luphie_glow_flower		荧光花
luphieclutteredmod	block.luphieclutteredmod.luphie_glow_log		荧光原木
luphieclutteredmod	block.luphieclutteredmod.luphie_glow_planks		荧光木板
luphieclutteredmod	block.luphieclutteredmod.luphie_glow_trapdoor		荧光活板门
luphieclutteredmod	block.luphieclutteredmod.luphie_glow_wood		荧光木
luphieclutteredmod	block.luphieclutteredmod.luphie_glow_wood_set_button		荧光按钮
luphieclutteredmod	block.luphieclutteredmod.luphie_glow_wood_set_fence		荧光栅栏
luphieclutteredmod	block.luphieclutteredmod.luphie_glow_wood_set_fence_gate		荧光栅栏门
luphieclutteredmod	block.luphieclutteredmod.luphie_glow_wood_set_pressure_plate		荧光压力板
luphieclutteredmod	block.luphieclutteredmod.luphie_glow_wood_set_slab		荧光台阶
luphieclutteredmod	block.luphieclutteredmod.luphie_glow_wood_set_stairs		荧光楼梯
luphieclutteredmod	block.luphieclutteredmod.luphie_glowing_moon		发光月球
luphieclutteredmod	block.luphieclutteredmod.luphie_glowshroom_door		蓝色蘑菇门
luphieclutteredmod	block.luphieclutteredmod.luphie_gold_armchair		金色扶手椅
luphieclutteredmod	block.luphieclutteredmod.luphie_gothic_rose_endtable		哥特玫瑰边桌
luphieclutteredmod	block.luphieclutteredmod.luphie_gray_armchair		灰色扶手椅
luphieclutteredmod	block.luphieclutteredmod.luphie_green_armchair		绿色扶手椅
luphieclutteredmod	block.luphieclutteredmod.luphie_green_bookshelf		绿色书架
luphieclutteredmod	block.luphieclutteredmod.luphie_green_button		绿色按钮
luphieclutteredmod	block.luphieclutteredmod.luphie_green_checkered_block		绿色格纹方块
luphieclutteredmod	block.luphieclutteredmod.luphie_green_desk		绿色书桌
luphieclutteredmod	block.luphieclutteredmod.luphie_green_door		绿色门
luphieclutteredmod	block.luphieclutteredmod.luphie_green_endtable		绿色边桌
luphieclutteredmod	block.luphieclutteredmod.luphie_green_fence		绿色栅栏
luphieclutteredmod	block.luphieclutteredmod.luphie_green_fence_gate		绿色栅栏门
luphieclutteredmod	block.luphieclutteredmod.luphie_green_glowshroom_terrarium		绿色荧光菇生态箱
luphieclutteredmod	block.luphieclutteredmod.luphie_green_gumball_machine		薄荷绿口香糖机
luphieclutteredmod	block.luphieclutteredmod.luphie_green_log		绿色原木
luphieclutteredmod	block.luphieclutteredmod.luphie_green_planks		绿色木板
luphieclutteredmod	block.luphieclutteredmod.luphie_green_pressure_plate		绿色压力板
luphieclutteredmod	block.luphieclutteredmod.luphie_green_slab		绿色台阶
luphieclutteredmod	block.luphieclutteredmod.luphie_green_spool_of_thread		绿色线轴
luphieclutteredmod	block.luphieclutteredmod.luphie_green_stairs		绿色楼梯
luphieclutteredmod	block.luphieclutteredmod.luphie_green_trapdoor		绿色活板门
luphieclutteredmod	block.luphieclutteredmod.luphie_green_wood		绿色木
luphieclutteredmod	block.luphieclutteredmod.luphie_greener_nightstand		绿意床头柜
luphieclutteredmod	block.luphieclutteredmod.luphie_halloween_wallpaper_a		万圣节踢脚线
luphieclutteredmod	block.luphieclutteredmod.luphie_halloween_wallpaper_b		万圣节墙纸乙
luphieclutteredmod	block.luphieclutteredmod.luphie_ham_sandwich		火腿三明治
luphieclutteredmod	block.luphieclutteredmod.luphie_handheld_sea_gem_lantern		海宝石灯笼
luphieclutteredmod	block.luphieclutteredmod.luphie_hanging_dish_towel		悬挂抹布
luphieclutteredmod	block.luphieclutteredmod.luphie_hanging_plant_a		悬挂盆栽草
luphieclutteredmod	block.luphieclutteredmod.luphie_hanging_plant_b		悬挂盆栽藤蔓
luphieclutteredmod	block.luphieclutteredmod.luphie_hanging_plant_shelves		悬挂植物架
luphieclutteredmod	block.luphieclutteredmod.luphie_hanging_pottery_shelves		悬挂陶器架
luphieclutteredmod	block.luphieclutteredmod.luphie_havana_cabinet		哈瓦那柜
luphieclutteredmod	block.luphieclutteredmod.luphie_heart_armchair		心形扶手椅
luphieclutteredmod	block.luphieclutteredmod.luphie_heart_cake		心形蛋糕
luphieclutteredmod	block.luphieclutteredmod.luphie_heart_garland		心形花环
luphieclutteredmod	block.luphieclutteredmod.luphie_honeycomb_lamp		蜜脾灯
luphieclutteredmod	block.luphieclutteredmod.luphie_hoppin_park_lantern		霍平公园灯笼
luphieclutteredmod	block.luphieclutteredmod.luphie_imperial_chair		帝国椅子
luphieclutteredmod	block.luphieclutteredmod.luphie_imperial_table		帝国桌
luphieclutteredmod	block.luphieclutteredmod.luphie_jack_o_lantern_bookshelf		南瓜灯书架
luphieclutteredmod	block.luphieclutteredmod.luphie_jam_jar_pyramid		果酱玻璃罐金字塔
luphieclutteredmod	block.luphieclutteredmod.luphie_key		键位
luphieclutteredmod	block.luphieclutteredmod.luphie_lavender_spool_of_thread		薰衣草色线轴
luphieclutteredmod	block.luphieclutteredmod.luphie_lemon_armchair		柠檬扶手椅
luphieclutteredmod	block.luphieclutteredmod.luphie_lemon_table		柠檬桌
luphieclutteredmod	block.luphieclutteredmod.luphie_light_blue_armchair		淡蓝色扶手椅
luphieclutteredmod	block.luphieclutteredmod.luphie_light_gray_armchair		淡灰色扶手椅
luphieclutteredmod	block.luphieclutteredmod.luphie_light_green_cabinet		淡绿色柜
luphieclutteredmod	block.luphieclutteredmod.luphie_light_green_counter		淡绿色柜台
luphieclutteredmod	block.luphieclutteredmod.luphie_light_green_glass_cabinet		淡绿色玻璃柜
luphieclutteredmod	block.luphieclutteredmod.luphie_light_green_inner_corner_cabinet		淡绿色内转角柜
luphieclutteredmod	block.luphieclutteredmod.luphie_light_green_inner_corner_counter		淡绿色内转角柜台
luphieclutteredmod	block.luphieclutteredmod.luphie_light_green_left_outer_corner_counter		淡绿色左外转角柜台
luphieclutteredmod	block.luphieclutteredmod.luphie_light_green_mini_cabinet		淡绿色迷你柜
luphieclutteredmod	block.luphieclutteredmod.luphie_light_green_outer_corner_cabinet		淡绿色外转角柜
luphieclutteredmod	block.luphieclutteredmod.luphie_light_green_right_outer_corner_counter		淡绿色右外转角柜台
luphieclutteredmod	block.luphieclutteredmod.luphie_light_green_shelf_cabinet		淡绿色架柜
luphieclutteredmod	block.luphieclutteredmod.luphie_light_green_sink_counter		淡绿色水槽柜台
luphieclutteredmod	block.luphieclutteredmod.luphie_lime_armchair		黄绿色扶手椅
luphieclutteredmod	block.luphieclutteredmod.luphie_lunar_observatory_basket_of_papers		观月台纸篮
luphieclutteredmod	block.luphieclutteredmod.luphie_lunar_observatory_books		观月台书籍
luphieclutteredmod	block.luphieclutteredmod.luphie_lunar_observatory_globe		观月台地球仪
luphieclutteredmod	block.luphieclutteredmod.luphie_lunar_observatory_jars		观月台星空玻璃罐
luphieclutteredmod	block.luphieclutteredmod.luphie_lunar_observatory_small_table		观月台小桌
luphieclutteredmod	block.luphieclutteredmod.luphie_lunar_observatory_table		观月台桌
luphieclutteredmod	block.luphieclutteredmod.luphie_magenta_armchair		品红色扶手椅
luphieclutteredmod	block.luphieclutteredmod.luphie_mango_armchair		芒果扶手椅
luphieclutteredmod	block.luphieclutteredmod.luphie_mermaid_dresser		人鱼五斗柜
luphieclutteredmod	block.luphieclutteredmod.luphie_mermaid_pearl		人鱼珍珠
luphieclutteredmod	block.luphieclutteredmod.luphie_mini_cactus_set		迷你仙人掌套装
luphieclutteredmod	block.luphieclutteredmod.luphie_mini_hanging_terrariums		迷你悬挂生态箱
luphieclutteredmod	block.luphieclutteredmod.luphie_mini_jam_jar_cube		迷你果酱玻璃罐立方体
luphieclutteredmod	block.luphieclutteredmod.luphie_moon_string		月光串灯
luphieclutteredmod	block.luphieclutteredmod.luphie_mushroom_bed		蘑菇床
luphieclutteredmod	block.luphieclutteredmod.luphie_mushroom_bookshelf		蘑菇书架
luphieclutteredmod	block.luphieclutteredmod.luphie_mushroom_chest		蘑菇箱子
luphieclutteredmod	block.luphieclutteredmod.luphie_mushroom_door		蘑菇门
luphieclutteredmod	block.luphieclutteredmod.luphie_mushroom_lamp		蘑菇灯
luphieclutteredmod	block.luphieclutteredmod.luphie_mushroom_table		蘑菇桌
luphieclutteredmod	block.luphieclutteredmod.luphie_mushroom_terrarium		蘑菇生态箱
luphieclutteredmod	block.luphieclutteredmod.luphie_mushroom_tv		蘑菇电视
luphieclutteredmod	block.luphieclutteredmod.luphie_mushroom_wardrobe		蘑菇衣柜
luphieclutteredmod	block.luphieclutteredmod.luphie_nightstand		床头柜
luphieclutteredmod	block.luphieclutteredmod.luphie_nightstand_knick_knacks		床头柜小摆件
luphieclutteredmod	block.luphieclutteredmod.luphie_office_box		办公盒
luphieclutteredmod	block.luphieclutteredmod.luphie_office_supplies_clutter		办公用品杂物
luphieclutteredmod	block.luphieclutteredmod.luphie_open_book		打开书
luphieclutteredmod	block.luphieclutteredmod.luphie_open_book_stack		打开书堆
luphieclutteredmod	block.luphieclutteredmod.luphie_orange_armchair		橙色扶手椅
luphieclutteredmod	block.luphieclutteredmod.luphie_orange_cat_plant_pot		橘猫花盆
luphieclutteredmod	block.luphieclutteredmod.luphie_paint_water_jar		染色球水玻璃罐
luphieclutteredmod	block.luphieclutteredmod.luphie_pancake_stack		煎饼堆
luphieclutteredmod	block.luphieclutteredmod.luphie_paper_stack		纸堆
luphieclutteredmod	block.luphieclutteredmod.luphie_pastel_armchair		淡彩花朵扶手椅
luphieclutteredmod	block.luphieclutteredmod.luphie_pastel_block_bookshelf		淡彩方块书架
luphieclutteredmod	block.luphieclutteredmod.luphie_pastel_chair		淡彩椅子
luphieclutteredmod	block.luphieclutteredmod.luphie_pastel_strawberry_wallpaper		淡彩草莓墙纸
luphieclutteredmod	block.luphieclutteredmod.luphie_pastel_table		淡彩桌
luphieclutteredmod	block.luphieclutteredmod.luphie_pastel_traditional_chair		淡彩传统椅子
luphieclutteredmod	block.luphieclutteredmod.luphie_pastel_traditional_table		淡彩传统桌
luphieclutteredmod	block.luphieclutteredmod.luphie_pastel_wall_bookshelf		架上一排淡彩小书
luphieclutteredmod	block.luphieclutteredmod.luphie_pastel_wardrobe		淡彩衣柜
luphieclutteredmod	block.luphieclutteredmod.luphie_pastry_display_case		糕点展示柜
luphieclutteredmod	block.luphieclutteredmod.luphie_periwinkle_endtable		长春花色边桌
luphieclutteredmod	block.luphieclutteredmod.luphie_picnic_basket		野餐篮
luphieclutteredmod	block.luphieclutteredmod.luphie_pink_and_gold_moon_decor		粉金月亮装饰
luphieclutteredmod	block.luphieclutteredmod.luphie_pink_armchair		粉红色扶手椅
luphieclutteredmod	block.luphieclutteredmod.luphie_pink_bookshelf		粉红色书架
luphieclutteredmod	block.luphieclutteredmod.luphie_pink_button		粉红色按钮
luphieclutteredmod	block.luphieclutteredmod.luphie_pink_cabinet		粉红色柜
luphieclutteredmod	block.luphieclutteredmod.luphie_pink_counter		粉红色柜台
luphieclutteredmod	block.luphieclutteredmod.luphie_pink_endtable		粉红色边桌
luphieclutteredmod	block.luphieclutteredmod.luphie_pink_fence		粉红色栅栏
luphieclutteredmod	block.luphieclutteredmod.luphie_pink_fence_gate		粉红色栅栏门
luphieclutteredmod	block.luphieclutteredmod.luphie_pink_glass_cabinet		粉红色玻璃柜
luphieclutteredmod	block.luphieclutteredmod.luphie_pink_glowshroom_terrarium		粉红色荧光菇生态箱
luphieclutteredmod	block.luphieclutteredmod.luphie_pink_heart_door		粉红色门
luphieclutteredmod	block.luphieclutteredmod.luphie_pink_inner_corner_cabinet		粉红色内转角柜
luphieclutteredmod	block.luphieclutteredmod.luphie_pink_inner_corner_counter		粉红色内转角柜台
luphieclutteredmod	block.luphieclutteredmod.luphie_pink_left_outer_corner_counter		粉红色左外转角柜台
luphieclutteredmod	block.luphieclutteredmod.luphie_pink_log		粉红色原木
luphieclutteredmod	block.luphieclutteredmod.luphie_pink_mini_cabinet		粉红色迷你柜
luphieclutteredmod	block.luphieclutteredmod.luphie_pink_outer_corner_cabinet		粉红色外转角柜
luphieclutteredmod	block.luphieclutteredmod.luphie_pink_planks		粉红色木板
luphieclutteredmod	block.luphieclutteredmod.luphie_pink_pressure_plate		粉红色压力板
luphieclutteredmod	block.luphieclutteredmod.luphie_pink_record_player		粉红色唱片机
luphieclutteredmod	block.luphieclutteredmod.luphie_pink_retro_fridge		粉红色复古风冰箱
luphieclutteredmod	block.luphieclutteredmod.luphie_pink_right_outer_corner_counter		粉红色右外转角柜台
luphieclutteredmod	block.luphieclutteredmod.luphie_pink_shelf_cabinet		粉红色架柜
luphieclutteredmod	block.luphieclutteredmod.luphie_pink_sink_counter		粉红色水槽柜台
luphieclutteredmod	block.luphieclutteredmod.luphie_pink_slab		粉红色台阶
luphieclutteredmod	block.luphieclutteredmod.luphie_pink_spool_of_thread		粉红色线轴
luphieclutteredmod	block.luphieclutteredmod.luphie_pink_stairs		粉红色楼梯
luphieclutteredmod	block.luphieclutteredmod.luphie_pink_trapdoor		粉红色活板门
luphieclutteredmod	block.luphieclutteredmod.luphie_pink_window		粉红色窗户
luphieclutteredmod	block.luphieclutteredmod.luphie_pink_wood		粉红色木
luphieclutteredmod	block.luphieclutteredmod.luphie_plant_jar		植物玻璃罐
luphieclutteredmod	block.luphieclutteredmod.luphie_plated_blueberry_muffin		盘中蓝莓玛芬
luphieclutteredmod	block.luphieclutteredmod.luphie_plated_chocolate_croissant		盘中巧克力可颂
luphieclutteredmod	block.luphieclutteredmod.luphie_plated_cinnamon_bun		盘中肉桂卷
luphieclutteredmod	block.luphieclutteredmod.luphie_plated_croissant		盘中可颂
luphieclutteredmod	block.luphieclutteredmod.luphie_polaroid_camera		宝丽来相机
luphieclutteredmod	block.luphieclutteredmod.luphie_polaroid_garland_a		宝丽来花环 I
luphieclutteredmod	block.luphieclutteredmod.luphie_polaroid_garland_b		宝丽来花环 II
luphieclutteredmod	block.luphieclutteredmod.luphie_polaroids_a		宝丽来照片 I
luphieclutteredmod	block.luphieclutteredmod.luphie_polaroids_b		宝丽来照片 II
luphieclutteredmod	block.luphieclutteredmod.luphie_polaroids_c		宝丽来照片 III
luphieclutteredmod	block.luphieclutteredmod.luphie_potion_shelf		药水架
luphieclutteredmod	block.luphieclutteredmod.luphie_purple_armchair		紫色扶手椅
luphieclutteredmod	block.luphieclutteredmod.luphie_purple_black_cat_bookshelf		黑色猫紫色书架
luphieclutteredmod	block.luphieclutteredmod.luphie_purple_checkered_block		紫色格纹方块
luphieclutteredmod	block.luphieclutteredmod.luphie_purple_door		紫色门
luphieclutteredmod	block.luphieclutteredmod.luphie_purple_glowshroom_terrarium		紫色荧光菇生态箱
luphieclutteredmod	block.luphieclutteredmod.luphie_purple_gumball_machine		薰衣草色口香糖机
luphieclutteredmod	block.luphieclutteredmod.luphie_purple_iron_door		紫色铁门
luphieclutteredmod	block.luphieclutteredmod.luphie_purple_jar_bookshelf		玻璃罐紫色书架
luphieclutteredmod	block.luphieclutteredmod.luphie_purple_log		紫色原木
luphieclutteredmod	block.luphieclutteredmod.luphie_purple_plank_set_button		紫色按钮
luphieclutteredmod	block.luphieclutteredmod.luphie_purple_plank_set_fence		紫色栅栏
luphieclutteredmod	block.luphieclutteredmod.luphie_purple_plank_set_fence_gate		紫色栅栏门
luphieclutteredmod	block.luphieclutteredmod.luphie_purple_plank_set_pressure_plate		紫色压力板
luphieclutteredmod	block.luphieclutteredmod.luphie_purple_plank_set_slab		紫色台阶
luphieclutteredmod	block.luphieclutteredmod.luphie_purple_plank_set_stairs		紫色楼梯
luphieclutteredmod	block.luphieclutteredmod.luphie_purple_planks		紫色木板
luphieclutteredmod	block.luphieclutteredmod.luphie_purple_trapdoor		紫色活板门
luphieclutteredmod	block.luphieclutteredmod.luphie_purple_wood		紫色木
luphieclutteredmod	block.luphieclutteredmod.luphie_red_armchair		红色扶手椅
luphieclutteredmod	block.luphieclutteredmod.luphie_red_checkered_block		红色格纹方块
luphieclutteredmod	block.luphieclutteredmod.luphie_retro_black_fridge		黑色复古风冰箱
luphieclutteredmod	block.luphieclutteredmod.luphie_retro_cafe_shelf		复古咖啡馆架
luphieclutteredmod	block.luphieclutteredmod.luphie_retro_cafe_shelf_stained_glass		复古咖啡馆染色玻璃
luphieclutteredmod	block.luphieclutteredmod.luphie_retro_green_fridge		绿色复古风冰箱
luphieclutteredmod	block.luphieclutteredmod.luphie_retro_pink_fridge		粉红色复古风冰箱
luphieclutteredmod	block.luphieclutteredmod.luphie_retro_white_fridge		白色复古风冰箱
luphieclutteredmod	block.luphieclutteredmod.luphie_retro_yellow_fridge		黄色复古风冰箱
luphieclutteredmod	block.luphieclutteredmod.luphie_rose_endtable		玫瑰边桌
luphieclutteredmod	block.luphieclutteredmod.luphie_rovers_briefcase		罗弗的公文包
luphieclutteredmod	block.luphieclutteredmod.luphie_rovers_mug		罗弗的马克杯
luphieclutteredmod	block.luphieclutteredmod.luphie_rovers_stool		罗弗的凳子
luphieclutteredmod	block.luphieclutteredmod.luphie_row_of_small_books		一排小书
luphieclutteredmod	block.luphieclutteredmod.luphie_row_of_small_pastel_books		一排淡彩小书
luphieclutteredmod	block.luphieclutteredmod.luphie_safe		保险箱
luphieclutteredmod	block.luphieclutteredmod.luphie_salt_and_pepper_shakers		盐胡椒调料瓶
luphieclutteredmod	block.luphieclutteredmod.luphie_scattered_papers		散落的纸张
luphieclutteredmod	block.luphieclutteredmod.luphie_sewing_clutter		缝纫杂物
luphieclutteredmod	block.luphieclutteredmod.luphie_sewing_table		缝纫桌
luphieclutteredmod	block.luphieclutteredmod.luphie_sewing_table_clutter		缝纫桌杂物
luphieclutteredmod	block.luphieclutteredmod.luphie_sewing_table_with_tablecloth		带桌布缝纫桌
luphieclutteredmod	block.luphieclutteredmod.luphie_short_book_stack		矮书堆
luphieclutteredmod	block.luphieclutteredmod.luphie_sketchbook		素描本
luphieclutteredmod	block.luphieclutteredmod.luphie_sketchbook_stack		素描本堆
luphieclutteredmod	block.luphieclutteredmod.luphie_sliced_bread		切片面包
luphieclutteredmod	block.luphieclutteredmod.luphie_small_bookcase		小书柜
luphieclutteredmod	block.luphieclutteredmod.luphie_small_cauldron_set		小炼药锅集合
luphieclutteredmod	block.luphieclutteredmod.luphie_small_filled_jars_a		满的小玻璃罐甲
luphieclutteredmod	block.luphieclutteredmod.luphie_small_filled_jars_b		满的小玻璃罐乙
luphieclutteredmod	block.luphieclutteredmod.luphie_small_filled_jars_c		满的小玻璃罐丙
luphieclutteredmod	block.luphieclutteredmod.luphie_small_filled_jars_d		满的小玻璃罐丁
luphieclutteredmod	block.luphieclutteredmod.luphie_small_jars_of_tea_leaves		茶叶小玻璃罐
luphieclutteredmod	block.luphieclutteredmod.luphie_stack_of_ham_sandwiches		火腿三明治堆
luphieclutteredmod	block.luphieclutteredmod.luphie_stack_of_small_books		小书堆
luphieclutteredmod	block.luphieclutteredmod.luphie_star_string		星光串灯
luphieclutteredmod	block.luphieclutteredmod.luphie_steampunk_globe		蒸汽朋克地球仪
luphieclutteredmod	block.luphieclutteredmod.luphie_steampunk_lamp		蒸汽朋克灯
luphieclutteredmod	block.luphieclutteredmod.luphie_strawberry_armchair		草莓扶手椅
luphieclutteredmod	block.luphieclutteredmod.luphie_sunflower_garland		向日葵花环
luphieclutteredmod	block.luphieclutteredmod.luphie_sweetheart_counter_a		甜心柜台甲
luphieclutteredmod	block.luphieclutteredmod.luphie_sweetheart_counter_b		甜心柜台乙
luphieclutteredmod	block.luphieclutteredmod.luphie_sweetheart_kitchen_sink		甜心厨房水槽
luphieclutteredmod	block.luphieclutteredmod.luphie_sweetheart_kitchen_table		甜心厨房桌
luphieclutteredmod	block.luphieclutteredmod.luphie_table_with_cloth		带桌布桌
luphieclutteredmod	block.luphieclutteredmod.luphie_tall_bookstack		高书堆
luphieclutteredmod	block.luphieclutteredmod.luphie_tall_paper_stack		高纸堆
luphieclutteredmod	block.luphieclutteredmod.luphie_tall_sketchbook_stack		高素描本堆
luphieclutteredmod	block.luphieclutteredmod.luphie_tall_stack_of_small_books		高小书堆
luphieclutteredmod	block.luphieclutteredmod.luphie_tea_kettle		花饰茶壶
luphieclutteredmod	block.luphieclutteredmod.luphie_unliving_chair		无生命椅子
luphieclutteredmod	block.luphieclutteredmod.luphie_vase_purple_bookshelf		花瓶紫色书架
luphieclutteredmod	block.luphieclutteredmod.luphie_vial_stand		药瓶架
luphieclutteredmod	block.luphieclutteredmod.luphie_wall_bookshelf		架上一排小书
luphieclutteredmod	block.luphieclutteredmod.luphie_watermelon_armchair		西瓜扶手椅
luphieclutteredmod	block.luphieclutteredmod.luphie_wedding_arch		娇羞美人婚礼拱门
luphieclutteredmod	block.luphieclutteredmod.luphie_white_armchair		白色扶手椅
luphieclutteredmod	block.luphieclutteredmod.luphie_white_cabinet		白色柜
luphieclutteredmod	block.luphieclutteredmod.luphie_white_counter		白色柜台
luphieclutteredmod	block.luphieclutteredmod.luphie_white_glass_cabinet		白色玻璃柜
luphieclutteredmod	block.luphieclutteredmod.luphie_white_inner_corner_cabinet		白色内转角柜
luphieclutteredmod	block.luphieclutteredmod.luphie_white_inner_corner_counter		白色内转角柜台
luphieclutteredmod	block.luphieclutteredmod.luphie_white_left_outer_corner_counter		白色左外转角柜台
luphieclutteredmod	block.luphieclutteredmod.luphie_white_mini_cabinet		白色迷你柜
luphieclutteredmod	block.luphieclutteredmod.luphie_white_outer_corner_cabinet		白色外转角柜
luphieclutteredmod	block.luphieclutteredmod.luphie_white_right_outer_corner_counter		白色右外转角柜台
luphieclutteredmod	block.luphieclutteredmod.luphie_white_shelf_cabinet		白色架柜
luphieclutteredmod	block.luphieclutteredmod.luphie_white_sink		白色水槽柜台
luphieclutteredmod	block.luphieclutteredmod.luphie_wine_bottle_rack		酒瓶架
luphieclutteredmod	block.luphieclutteredmod.luphie_wine_bottles		酒瓶
luphieclutteredmod	block.luphieclutteredmod.luphie_wood_endtable		木边桌
luphieclutteredmod	block.luphieclutteredmod.luphie_worn_dorado_cabinet		做旧多拉多柜
luphieclutteredmod	block.luphieclutteredmod.luphie_yellow_armchair		黄色扶手椅
luphieclutteredmod	block.luphieclutteredmod.luphie_yellow_bookshelf		黄色书架
luphieclutteredmod	block.luphieclutteredmod.luphie_yellow_button		黄色按钮
luphieclutteredmod	block.luphieclutteredmod.luphie_yellow_cabinet		黄色柜
luphieclutteredmod	block.luphieclutteredmod.luphie_yellow_checkered_block		黄色格纹方块
luphieclutteredmod	block.luphieclutteredmod.luphie_yellow_counter		黄色柜台
luphieclutteredmod	block.luphieclutteredmod.luphie_yellow_door		黄色门
luphieclutteredmod	block.luphieclutteredmod.luphie_yellow_endtable		黄色边桌
luphieclutteredmod	block.luphieclutteredmod.luphie_yellow_fence		黄色栅栏
luphieclutteredmod	block.luphieclutteredmod.luphie_yellow_fence_gate		黄色栅栏门
luphieclutteredmod	block.luphieclutteredmod.luphie_yellow_glass_cabinet		黄色玻璃柜
luphieclutteredmod	block.luphieclutteredmod.luphie_yellow_glowshroom_terrarium		黄色荧光菇生态箱
luphieclutteredmod	block.luphieclutteredmod.luphie_yellow_inner_corner_cabinet		黄色内转角柜
luphieclutteredmod	block.luphieclutteredmod.luphie_yellow_inner_corner_counter		黄色内转角柜台
luphieclutteredmod	block.luphieclutteredmod.luphie_yellow_left_outer_corner_counter		黄色左外转角柜台
luphieclutteredmod	block.luphieclutteredmod.luphie_yellow_log		黄色原木
luphieclutteredmod	block.luphieclutteredmod.luphie_yellow_mini_cabinet		黄色迷你柜
luphieclutteredmod	block.luphieclutteredmod.luphie_yellow_notepad		黄色记事本
luphieclutteredmod	block.luphieclutteredmod.luphie_yellow_outer_corner_cabinet		黄色外转角柜
luphieclutteredmod	block.luphieclutteredmod.luphie_yellow_planks		黄色木板
luphieclutteredmod	block.luphieclutteredmod.luphie_yellow_pressure_plate		黄色压力板
luphieclutteredmod	block.luphieclutteredmod.luphie_yellow_record_player		黄色唱片机
luphieclutteredmod	block.luphieclutteredmod.luphie_yellow_right_outer_corner_counter		黄色右外转角柜台
luphieclutteredmod	block.luphieclutteredmod.luphie_yellow_shelf_cabinet		黄色架柜
luphieclutteredmod	block.luphieclutteredmod.luphie_yellow_sink_counter		黄色水槽柜台
luphieclutteredmod	block.luphieclutteredmod.luphie_yellow_slab		黄色台阶
luphieclutteredmod	block.luphieclutteredmod.luphie_yellow_spool_of_thread		黄色线轴
luphieclutteredmod	block.luphieclutteredmod.luphie_yellow_stair_recipe		黄色楼梯配方
luphieclutteredmod	block.luphieclutteredmod.luphie_yellow_trapdoor		黄色活板门
luphieclutteredmod	block.luphieclutteredmod.luphie_yellow_wood		黄色木
luphieclutteredmod	block.luphieclutteredmod.luphiebunny_plushie		兔子毛绒玩偶
luphieclutteredmod	block.luphieclutteredmod.pastel_blue_puzzle_piece_table		淡彩蓝色拼图块桌
luphieclutteredmod	block.luphieclutteredmod.pastel_pink_puzzle_piece_table		淡彩粉红色拼图块桌
luphieclutteredmod	block.luphieclutteredmod.pastel_purple_puzzle_piece_table		淡彩紫色拼图块桌
luphieclutteredmod	block.luphieclutteredmod.pastel_rubiks_cube		淡彩魔方
luphieclutteredmod	block.luphieclutteredmod.pastel_yellow_flower_shelf_candle		淡彩黄色花架蜡烛
luphieclutteredmod	block.luphieclutteredmod.pastel_yellow_flowershelf		淡彩黄色花架
luphieclutteredmod	block.luphieclutteredmod.pastel_yellow_puzzle_piece_table		淡彩黄色拼图块桌
luphieclutteredmod	block.luphieclutteredmod.pink_bicycle		粉红色自行车
luphieclutteredmod	block.luphieclutteredmod.pink_flower_shelf		粉红色花架
luphieclutteredmod	block.luphieclutteredmod.pink_flower_shelf_candle		粉红色花架蜡烛
luphieclutteredmod	block.luphieclutteredmod.pink_tarrey_town_planter		粉红色塔里镇种植盆
luphieclutteredmod	block.luphieclutteredmod.plant_ladder		植物梯架
luphieclutteredmod	block.luphieclutteredmod.purple_bicycle		紫色自行车
luphieclutteredmod	block.luphieclutteredmod.purple_cabinet		紫色柜
luphieclutteredmod	block.luphieclutteredmod.purple_flower_shelf		紫色花架
luphieclutteredmod	block.luphieclutteredmod.purple_flower_shelf_candle		紫色花架蜡烛
luphieclutteredmod	block.luphieclutteredmod.purple_tarrey_town_planter		紫色塔里镇种植盆
luphieclutteredmod	block.luphieclutteredmod.red_birdhouse		红色鸟屋
luphieclutteredmod	block.luphieclutteredmod.red_puzzle_piece_table		红色拼图块桌
luphieclutteredmod	block.luphieclutteredmod.red_sand_seal_plush		红色沙海豹毛绒玩偶
luphieclutteredmod	block.luphieclutteredmod.red_tarrey_town_planter		红色塔里镇种植盆
luphieclutteredmod	block.luphieclutteredmod.rito_village_books		利特村书籍
luphieclutteredmod	block.luphieclutteredmod.rubiks_cube		魔方
luphieclutteredmod	block.luphieclutteredmod.scrambled_pastel_rubiks_cube		打乱的淡彩魔方
luphieclutteredmod	block.luphieclutteredmod.scrambled_rubiks_cube		打乱的魔方
luphieclutteredmod	block.luphieclutteredmod.seaweed_planter		海藻种植盆
luphieclutteredmod	block.luphieclutteredmod.small_bush		小灌木
luphieclutteredmod	block.luphieclutteredmod.small_pink_shelf		小粉红色架
luphieclutteredmod	block.luphieclutteredmod.small_shelf		小架
luphieclutteredmod	block.luphieclutteredmod.stainedglasslamp		染色玻璃灯
luphieclutteredmod	block.luphieclutteredmod.stripped_luphie_flowering_log		去皮盛开的原木
luphieclutteredmod	block.luphieclutteredmod.stripped_luphie_flowering_pink_wood		去皮盛开的粉红色木
luphieclutteredmod	block.luphieclutteredmod.stripped_luphie_flowering_pinklog		去皮盛开的粉红色原木
luphieclutteredmod	block.luphieclutteredmod.stripped_luphie_flowering_purple_log		去皮盛开的紫色原木
luphieclutteredmod	block.luphieclutteredmod.stripped_luphie_flowering_purple_wood		去皮盛开的紫色木
luphieclutteredmod	block.luphieclutteredmod.stripped_luphie_flowering_wood		去皮盛开的木
luphieclutteredmod	block.luphieclutteredmod.stripped_luphie_glow_log		去皮荧光原木
luphieclutteredmod	block.luphieclutteredmod.stripped_luphie_glow_wood		去皮荧光木
luphieclutteredmod	block.luphieclutteredmod.stripped_luphie_green_log		去皮绿色原木
luphieclutteredmod	block.luphieclutteredmod.stripped_luphie_green_wood		去皮绿色木
luphieclutteredmod	block.luphieclutteredmod.stripped_luphie_pink_log		去皮粉红色原木
luphieclutteredmod	block.luphieclutteredmod.stripped_luphie_pink_wood		去皮粉红色木
luphieclutteredmod	block.luphieclutteredmod.stripped_luphie_purple_log		去皮紫色原木
luphieclutteredmod	block.luphieclutteredmod.stripped_luphie_purple_wood		去皮紫色木
luphieclutteredmod	block.luphieclutteredmod.stripped_luphie_yellow_log		去皮黄色原木
luphieclutteredmod	block.luphieclutteredmod.stripped_luphie_yellow_wood		去皮黄色木
luphieclutteredmod	block.luphieclutteredmod.tarrey_town_stove		塔里镇木柴炉
luphieclutteredmod	block.luphieclutteredmod.unpainted_birdhouse		未上漆鸟屋
luphieclutteredmod	block.luphieclutteredmod.yellow_bicycle		黄色自行车
luphieclutteredmod	block.luphieclutteredmod.yellow_flower_shelf		黄色花架
luphieclutteredmod	block.luphieclutteredmod.yellow_flower_shelf_candle		黄色花架蜡烛
luphieclutteredmod	block.luphieclutteredmod.yellow_puzzle_piece_table		黄色拼图块桌
luphieclutteredmod	block.luphieclutteredmod.yellow_tarrey_town_planter		黄色塔里镇种植盆
luphieclutteredmod	block.luphiecluttermod.luphie_ancient_codex		远古法典
luphieclutteredmod	block.luphiecluttermod.luphie_angry_bee_lamp		愤怒蜜蜂灯
luphieclutteredmod	block.luphiecluttermod.luphie_antique_book_stand		古式书立
luphieclutteredmod	block.luphiecluttermod.luphie_antique_library_books		古式图书馆书籍
luphieclutteredmod	block.luphiecluttermod.luphie_antique_sewing_machine		古式缝纫机
luphieclutteredmod	block.luphiecluttermod.luphie_art_academy_box_of_paint		美术学院颜料盒
luphieclutteredmod	block.luphiecluttermod.luphie_assorted_jam_jars		什锦果酱玻璃罐
luphieclutteredmod	block.luphiecluttermod.luphie_baking_set_a		烘焙套装甲
luphieclutteredmod	block.luphiecluttermod.luphie_bee_balm		香蜂草
luphieclutteredmod	block.luphiecluttermod.luphie_bee_lamp		愤怒蜜蜂灯
luphieclutteredmod	block.luphiecluttermod.luphie_black_armchair		黑色扶手椅
luphieclutteredmod	block.luphiecluttermod.luphie_black_cat_armchair		黑猫扶手椅
luphieclutteredmod	block.luphiecluttermod.luphie_black_cat_plant_pot		黑猫花盆
luphieclutteredmod	block.luphiecluttermod.luphie_blank_paper_pile		露菲空白纸堆
luphieclutteredmod	block.luphiecluttermod.luphie_blue_armchair		蓝色扶手椅
luphieclutteredmod	block.luphiecluttermod.luphie_blue_checkered_block		蓝色格纹方块
luphieclutteredmod	block.luphiecluttermod.luphie_blue_glowshroom_terrarium		蓝色荧光菇生态箱
luphieclutteredmod	block.luphiecluttermod.luphie_briefcase		公文包
luphieclutteredmod	block.luphiecluttermod.luphie_brown_armchair		棕色扶手椅
luphieclutteredmod	block.luphiecluttermod.luphie_brown_desk		棕色书桌
luphieclutteredmod	block.luphiecluttermod.luphie_bulletin_board		布告板
luphieclutteredmod	block.luphiecluttermod.luphie_bunny_book_ends		兔子书立
luphieclutteredmod	block.luphiecluttermod.luphie_calico_cat_purple_bookshelf		三花猫紫色书架
luphieclutteredmod	block.luphiecluttermod.luphie_card_index		卡片索引
luphieclutteredmod	block.luphiecluttermod.luphie_cardboard_box_closed		纸箱关闭
luphieclutteredmod	block.luphiecluttermod.luphie_cardboard_box_filled		纸箱满的
luphieclutteredmod	block.luphiecluttermod.luphie_cardboard_box_open		纸箱打开
luphieclutteredmod	block.luphiecluttermod.luphie_cat_counter_a		猫柜台甲
luphieclutteredmod	block.luphiecluttermod.luphie_cat_kitchen_counter_b		猫柜台乙
luphieclutteredmod	block.luphiecluttermod.luphie_cat_kitchen_sink		猫厨房水槽
luphieclutteredmod	block.luphiecluttermod.luphie_cat_kitchen_table		猫厨房桌
luphieclutteredmod	block.luphiecluttermod.luphie_cat_window		猫窗户
luphieclutteredmod	block.luphiecluttermod.luphie_cauldron_poster		炼药锅海报
luphieclutteredmod	block.luphiecluttermod.luphie_chanterelle		鸡油菌
luphieclutteredmod	block.luphiecluttermod.luphie_china_cabinet		露菲瓷器柜
luphieclutteredmod	block.luphiecluttermod.luphie_choco_mint_wallpaper_1		巧克力薄荷墙纸甲
luphieclutteredmod	block.luphiecluttermod.luphie_choco_mint_wallpaper_b		巧克力薄荷墙纸乙
luphieclutteredmod	block.luphiecluttermod.luphie_chrysanthemum		菊花
luphieclutteredmod	block.luphiecluttermod.luphie_classic_mini_table		经典桌
luphieclutteredmod	block.luphiecluttermod.luphie_classic_radio		经典广播
luphieclutteredmod	block.luphiecluttermod.luphie_cluttered_cat_mugs		杂物猫马克杯
luphieclutteredmod	block.luphiecluttermod.luphie_cluttered_desk		杂物棕色书桌
luphieclutteredmod	block.luphiecluttermod.luphie_cluttered_green_desk		杂物绿色书桌
luphieclutteredmod	block.luphiecluttermod.luphie_cluttered_seltzer_cans		露菲杂物汽水罐
luphieclutteredmod	block.luphiecluttermod.luphie_cobweb_purple_bookshelf		蜘蛛网紫色书架
luphieclutteredmod	block.luphiecluttermod.luphie_confectionary_table_a		甜品桌甲
luphieclutteredmod	block.luphiecluttermod.luphie_confectionary_table_b		甜品桌乙
luphieclutteredmod	block.luphiecluttermod.luphie_confectionary_wallpaper_a		甜品墙纸甲
luphieclutteredmod	block.luphiecluttermod.luphie_confectionary_wallpaper_b		甜品墙纸乙
luphieclutteredmod	block.luphiecluttermod.luphie_cyan_armchair		青色扶手椅
luphieclutteredmod	block.luphiecluttermod.luphie_decorative_mushroom		装饰蘑菇
luphieclutteredmod	block.luphiecluttermod.luphie_decorative_mushroom_block		装饰蘑菇方块
luphieclutteredmod	block.luphiecluttermod.luphie_destroying_angel		毁灭天使菇
luphieclutteredmod	block.luphiecluttermod.luphie_dorado_cabinet		多拉多柜
luphieclutteredmod	block.luphiecluttermod.luphie_dorado_cabinet_cluttered		杂物多拉多柜
luphieclutteredmod	block.luphiecluttermod.luphie_empty_bulletin_board		空的布告板
luphieclutteredmod	block.luphiecluttermod.luphie_envelope_stack		信封堆
luphieclutteredmod	block.luphiecluttermod.luphie_filled_picnic_basket		装满的野餐篮
luphieclutteredmod	block.luphiecluttermod.luphie_flat_mushroom		平顶蘑菇
luphieclutteredmod	block.luphiecluttermod.luphie_floral_striped_wallpaper		碎花条纹墙纸
luphieclutteredmod	block.luphiecluttermod.luphie_flowering_yellow_bookshelf		盛开的黄色书架
luphieclutteredmod	block.luphiecluttermod.luphie_flowering_yellow_planks		盛开的黄色木板
luphieclutteredmod	block.luphiecluttermod.luphie_fuschia_armchair		紫红色扶手椅
luphieclutteredmod	block.luphiecluttermod.luphie_general_store_cabinet		杂货店柜
luphieclutteredmod	block.luphiecluttermod.luphie_glow_bookshelf		荧光书架
luphieclutteredmod	block.luphiecluttermod.luphie_glow_planks		荧光木板
luphieclutteredmod	block.luphiecluttermod.luphie_glowing_moon		发光月球
luphieclutteredmod	block.luphiecluttermod.luphie_gold_armchair		金色扶手椅
luphieclutteredmod	block.luphiecluttermod.luphie_gothic_rose_endtable		哥特玫瑰边桌
luphieclutteredmod	block.luphiecluttermod.luphie_gray_armchair		灰色扶手椅
luphieclutteredmod	block.luphiecluttermod.luphie_green_armchair		绿色扶手椅
luphieclutteredmod	block.luphiecluttermod.luphie_green_bookshelf		绿色书架
luphieclutteredmod	block.luphiecluttermod.luphie_green_checkered_block		绿色格纹方块
luphieclutteredmod	block.luphiecluttermod.luphie_green_desk		绿色书桌
luphieclutteredmod	block.luphiecluttermod.luphie_green_glowshroom_terrarium		绿色荧光菇生态箱
luphieclutteredmod	block.luphiecluttermod.luphie_green_planks		绿色木板
luphieclutteredmod	block.luphiecluttermod.luphie_greener_nightstand		绿意床头柜
luphieclutteredmod	block.luphiecluttermod.luphie_halloween_wallpaper_a		万圣节墙纸甲
luphieclutteredmod	block.luphiecluttermod.luphie_halloween_wallpaper_b		万圣节墙纸乙
luphieclutteredmod	block.luphiecluttermod.luphie_hanging_dish_towel		悬挂抹布
luphieclutteredmod	block.luphiecluttermod.luphie_hanging_plant_a		悬挂盆栽草
luphieclutteredmod	block.luphiecluttermod.luphie_hanging_plant_b		悬挂盆栽藤蔓
luphieclutteredmod	block.luphiecluttermod.luphie_honeycomb_lamp		蜜脾灯
luphieclutteredmod	block.luphiecluttermod.luphie_imperial_chair		帝国椅子
luphieclutteredmod	block.luphiecluttermod.luphie_imperial_table		帝国桌
luphieclutteredmod	block.luphiecluttermod.luphie_inky_cap		墨汁鬼伞
luphieclutteredmod	block.luphiecluttermod.luphie_jack_o_lantern_bookshelf		南瓜灯书架
luphieclutteredmod	block.luphiecluttermod.luphie_jack_o_lantern_mushroom		南瓜灯蘑菇
luphieclutteredmod	block.luphiecluttermod.luphie_jam_jar_pyramid		果酱玻璃罐金字塔
luphieclutteredmod	block.luphiecluttermod.luphie_key		键位
luphieclutteredmod	block.luphiecluttermod.luphie_lemon_armchair		柠檬扶手椅
luphieclutteredmod	block.luphiecluttermod.luphie_lemon_table		柠檬桌
luphieclutteredmod	block.luphiecluttermod.luphie_light_blue_armchair		淡蓝色扶手椅
luphieclutteredmod	block.luphiecluttermod.luphie_light_gray_armchair		淡灰色扶手椅
luphieclutteredmod	block.luphiecluttermod.luphie_lime_armchair		黄绿色扶手椅
luphieclutteredmod	block.luphiecluttermod.luphie_lunar_observatory_basket_of_papers		观月台纸篮
luphieclutteredmod	block.luphiecluttermod.luphie_lunar_observatory_books		观月台书籍
luphieclutteredmod	block.luphiecluttermod.luphie_lunar_observatory_globe		观月台地球仪
luphieclutteredmod	block.luphiecluttermod.luphie_lunar_observatory_jars		观月台星空玻璃罐
luphieclutteredmod	block.luphiecluttermod.luphie_lunar_observatory_small_table		观月台小桌
luphieclutteredmod	block.luphiecluttermod.luphie_lunar_observatory_table		观月台桌
luphieclutteredmod	block.luphiecluttermod.luphie_magenta_armchair		品红色扶手椅
luphieclutteredmod	block.luphiecluttermod.luphie_mango_armchair		芒果扶手椅
luphieclutteredmod	block.luphiecluttermod.luphie_mermaid_dresser		人鱼五斗柜
luphieclutteredmod	block.luphiecluttermod.luphie_mini_cactus_set		迷你仙人掌套装
luphieclutteredmod	block.luphiecluttermod.luphie_mini_hanging_terrariums		迷你悬挂生态箱
luphieclutteredmod	block.luphiecluttermod.luphie_mini_jam_jar_cube		迷你果酱玻璃罐立方体
luphieclutteredmod	block.luphiecluttermod.luphie_moon_string		月光串灯
luphieclutteredmod	block.luphiecluttermod.luphie_mushroom_bed		蘑菇床
luphieclutteredmod	block.luphiecluttermod.luphie_mushroom_bookshelf		蘑菇书架
luphieclutteredmod	block.luphiecluttermod.luphie_mushroom_chest		蘑菇箱子
luphieclutteredmod	block.luphiecluttermod.luphie_mushroom_door		蘑菇门
luphieclutteredmod	block.luphiecluttermod.luphie_mushroom_lamp		蘑菇灯
luphieclutteredmod	block.luphiecluttermod.luphie_mushroom_table		蘑菇桌
luphieclutteredmod	block.luphiecluttermod.luphie_mushroom_terrarium		蘑菇生态箱
luphieclutteredmod	block.luphiecluttermod.luphie_mushroom_tv		蘑菇电视
luphieclutteredmod	block.luphiecluttermod.luphie_mushroom_wardrobe		蘑菇衣柜
luphieclutteredmod	block.luphiecluttermod.luphie_nightstand		床头柜
luphieclutteredmod	block.luphiecluttermod.luphie_nightstand_knick_knacks		床头柜小摆件
luphieclutteredmod	block.luphiecluttermod.luphie_office_box		办公盒
luphieclutteredmod	block.luphiecluttermod.luphie_office_supplies_clutter		办公用品杂物
luphieclutteredmod	block.luphiecluttermod.luphie_open_book		打开书
luphieclutteredmod	block.luphiecluttermod.luphie_open_book_stack		打开书堆
luphieclutteredmod	block.luphiecluttermod.luphie_orange_armchair		橙色扶手椅
luphieclutteredmod	block.luphiecluttermod.luphie_orange_cat_plant_pot		橘猫花盆
luphieclutteredmod	block.luphiecluttermod.luphie_paper_stack		纸堆
luphieclutteredmod	block.luphiecluttermod.luphie_pastel_armchair		淡彩花朵扶手椅
luphieclutteredmod	block.luphiecluttermod.luphie_pastel_block_bookshelf		淡彩方块书架
luphieclutteredmod	block.luphiecluttermod.luphie_pastel_chair		淡彩椅子
luphieclutteredmod	block.luphiecluttermod.luphie_pastel_strawberry_wallpaper		淡彩草莓墙纸
luphieclutteredmod	block.luphiecluttermod.luphie_pastel_table		淡彩桌
luphieclutteredmod	block.luphiecluttermod.luphie_pastel_wall_bookshelf		淡彩墙壁书架
luphieclutteredmod	block.luphiecluttermod.luphie_picnic_basket		野餐篮
luphieclutteredmod	block.luphiecluttermod.luphie_pink_and_gold_moon_decor		粉金月亮装饰
luphieclutteredmod	block.luphiecluttermod.luphie_pink_armchair		粉红色扶手椅
luphieclutteredmod	block.luphiecluttermod.luphie_pink_bookshelf		粉红色书架
luphieclutteredmod	block.luphiecluttermod.luphie_pink_glowshroom_terrarium		粉红色荧光菇生态箱
luphieclutteredmod	block.luphiecluttermod.luphie_pink_planks		粉红色木板
luphieclutteredmod	block.luphiecluttermod.luphie_pink_window		粉红色窗户
luphieclutteredmod	block.luphiecluttermod.luphie_purple_armchair		紫色扶手椅
luphieclutteredmod	block.luphiecluttermod.luphie_purple_black_cat_bookshelf		黑色猫紫色书架
luphieclutteredmod	block.luphiecluttermod.luphie_purple_checkered_block		紫色格纹方块
luphieclutteredmod	block.luphiecluttermod.luphie_purple_glowshroom_terrarium		紫色荧光菇生态箱
luphieclutteredmod	block.luphiecluttermod.luphie_purple_jar_bookshelf		玻璃罐紫色书架
luphieclutteredmod	block.luphiecluttermod.luphie_purple_planks		紫色木板
luphieclutteredmod	block.luphiecluttermod.luphie_red_armchair		红色扶手椅
luphieclutteredmod	block.luphiecluttermod.luphie_red_checkered_block		红色格纹方块
luphieclutteredmod	block.luphiecluttermod.luphie_rose_endtable		玫瑰边桌
luphieclutteredmod	block.luphiecluttermod.luphie_rovers_briefcase		罗弗的公文包
luphieclutteredmod	block.luphiecluttermod.luphie_row_of_small_books		一排小书
luphieclutteredmod	block.luphiecluttermod.luphie_row_of_small_pastel_books		一排淡彩小书
luphieclutteredmod	block.luphiecluttermod.luphie_safe		保险箱
luphieclutteredmod	block.luphiecluttermod.luphie_salt_and_pepper_shakers		盐胡椒调料瓶
luphieclutteredmod	block.luphiecluttermod.luphie_satans_bolete		撒旦牛肝菌
luphieclutteredmod	block.luphiecluttermod.luphie_scattered_papers		散落的纸张
luphieclutteredmod	block.luphiecluttermod.luphie_sewing_clutter		缝纫杂物
luphieclutteredmod	block.luphiecluttermod.luphie_short_book_stack		矮书堆
luphieclutteredmod	block.luphiecluttermod.luphie_sketchbook		素描本
luphieclutteredmod	block.luphiecluttermod.luphie_sketchbook_stack		素描本堆
luphieclutteredmod	block.luphiecluttermod.luphie_sliced_bread		切片面包
luphieclutteredmod	block.luphiecluttermod.luphie_small_bookcase		小书柜
luphieclutteredmod	block.luphiecluttermod.luphie_small_cauldron_set		小炼药锅集合
luphieclutteredmod	block.luphiecluttermod.luphie_stack_of_small_books		小书堆
luphieclutteredmod	block.luphiecluttermod.luphie_star_string		星光串灯
luphieclutteredmod	block.luphiecluttermod.luphie_steampunk_globe		蒸汽朋克地球仪
luphieclutteredmod	block.luphiecluttermod.luphie_strawberry_armchair		草莓扶手椅
luphieclutteredmod	block.luphiecluttermod.luphie_sweetheart_counter_a		甜心柜台甲
luphieclutteredmod	block.luphiecluttermod.luphie_sweetheart_counter_b		甜心柜台乙
luphieclutteredmod	block.luphiecluttermod.luphie_sweetheart_kitchen_sink		甜心厨房水槽
luphieclutteredmod	block.luphiecluttermod.luphie_sweetheart_kitchen_table		甜心厨房桌
luphieclutteredmod	block.luphiecluttermod.luphie_table_with_cloth		带桌布桌
luphieclutteredmod	block.luphiecluttermod.luphie_tall_bookstack		高书堆
luphieclutteredmod	block.luphiecluttermod.luphie_tall_paper_stack		高纸堆
luphieclutteredmod	block.luphiecluttermod.luphie_tall_sketchbook_stack		高素描本堆
luphieclutteredmod	block.luphiecluttermod.luphie_tall_stack_of_small_books		高小书堆
luphieclutteredmod	block.luphiecluttermod.luphie_tea_kettle		花饰茶壶
luphieclutteredmod	block.luphiecluttermod.luphie_unliving_chair		无生命椅子
luphieclutteredmod	block.luphiecluttermod.luphie_vase_purple_bookshelf		花瓶紫色书架
luphieclutteredmod	block.luphiecluttermod.luphie_vial_stand		药瓶架
luphieclutteredmod	block.luphiecluttermod.luphie_violet_webcap		紫丝膜菌
luphieclutteredmod	block.luphiecluttermod.luphie_wall_bookshelf		墙壁书架
luphieclutteredmod	block.luphiecluttermod.luphie_watermelon_armchair		西瓜扶手椅
luphieclutteredmod	block.luphiecluttermod.luphie_wedding_arch		娇羞美人婚礼拱门
luphieclutteredmod	block.luphiecluttermod.luphie_white_armchair		白色扶手椅
luphieclutteredmod	block.luphiecluttermod.luphie_worn_dorado_cabinet		做旧多拉多柜
luphieclutteredmod	block.luphiecluttermod.luphie_yellow_armchair		黄色扶手椅
luphieclutteredmod	block.luphiecluttermod.luphie_yellow_bookshelf		黄色书架
luphieclutteredmod	block.luphiecluttermod.luphie_yellow_checkered_block		黄色格纹方块
luphieclutteredmod	block.luphiecluttermod.luphie_yellow_glowshroom_terrarium		黄色荧光菇生态箱
luphieclutteredmod	block.luphiecluttermod.luphie_yellow_notepad		黄色记事本
luphieclutteredmod	block.luphiecluttermod.luphie_yellow_planks		黄色木板
luphieclutteredmod	block.luphiecluttermod.luphie_yellow_primrose		黄色报春花
luphieclutteredmod	block.luphiecluttermod.luphiebunny_plushie		兔子毛绒玩偶
luphieclutteredmod	entity.clutteredmod.luphie_armchair_entity		露菲扶手椅实体
luphieclutteredmod	entity.clutteredmod.luphie_imperial_and_pastel_chair_entity		露菲帝国淡彩椅子实体
luphieclutteredmod	entity.clutteredmod.luphie_log_bed_seating_entity		露菲原木床实体
luphieclutteredmod	entity.clutteredmod.luphie_log_set_seating_entity		露菲原木套装实体
luphieclutteredmod	entity.clutteredmod.luphie_lovely_love_seats_entity		露菲可爱双人沙发实体
luphieclutteredmod	entity.clutteredmod.luphie_mushroom_bed_seat_entity		露菲蘑菇床实体
luphieclutteredmod	entity.clutteredmod.luphie_pastel_chair_entity		露菲淡彩椅子实体
luphieclutteredmod	entity.clutteredmod.luphie_rovers_stool_entity		露菲罗弗凳子实体
luphieclutteredmod	entity.clutteredmod.luphie_unliving_chair_entity		露菲无生命椅子实体
luphieclutteredmod	entity.luphieclutteredmod.imperial_and_pastel_chair_entity		帝国淡彩椅子实体
luphieclutteredmod	entity.luphieclutteredmod.log_bed_seating_entity		原木床实体
luphieclutteredmod	entity.luphieclutteredmod.log_set_seating_entity		原木集合实体
luphieclutteredmod	entity.luphieclutteredmod.lovely_love_seats_entity		可爱双人沙发实体
luphieclutteredmod	entity.luphieclutteredmod.luphie_armchair_entity		露菲扶手椅实体
luphieclutteredmod	entity.luphieclutteredmod.mushroom_bed_seat_entity		蘑菇床实体
luphieclutteredmod	entity.luphieclutteredmod.pastel_chair_entity		淡彩椅子实体
luphieclutteredmod	entity.luphieclutteredmod.rovers_stool_entity		露菲罗弗凳子实体
luphieclutteredmod	entity.luphieclutteredmod.unliving_chair_entity		无生命椅子实体
luphieclutteredmod	item.clutteredmod.luphie_armchair_entity_spawn_egg		露菲扶手椅实体刷怪蛋
luphieclutteredmod	item.clutteredmod.luphie_imperial_and_pastel_chair_entity_spawn_egg		露菲帝国淡彩椅子实体刷怪蛋
luphieclutteredmod	item.clutteredmod.luphie_log_bed_seating_entity_spawn_egg		露菲原木床实体刷怪蛋
luphieclutteredmod	item.clutteredmod.luphie_log_set_seating_entity_spawn_egg		露菲原木套装实体刷怪蛋
luphieclutteredmod	item.clutteredmod.luphie_lovely_love_seats_entity_spawn_egg		露菲可爱双人沙发实体刷怪蛋
luphieclutteredmod	item.clutteredmod.luphie_mushroom_bed_seat_entity_spawn_egg		露菲蘑菇床实体刷怪蛋
luphieclutteredmod	item.clutteredmod.luphie_pastel_chair_entity_spawn_egg		露菲淡彩椅子实体刷怪蛋
luphieclutteredmod	item.clutteredmod.luphie_rovers_stool_entity_spawn_egg		露菲罗弗凳子实体刷怪蛋
luphieclutteredmod	item.clutteredmod.luphie_unliving_chair_entity_spawn_egg		露菲无生命椅子实体刷怪蛋
luphieclutteredmod	item.luphieclutteredmod.imperial_and_pastel_chair_entity_spawn_egg		帝国淡彩椅子实体刷怪蛋
luphieclutteredmod	item.luphieclutteredmod.log_bed_seating_entity_spawn_egg		原木床实体刷怪蛋
luphieclutteredmod	item.luphieclutteredmod.log_set_seating_entity_spawn_egg		原木集合实体刷怪蛋
luphieclutteredmod	item.luphieclutteredmod.lovely_love_seats_entity_spawn_egg		可爱双人沙发实体刷怪蛋
luphieclutteredmod	item.luphieclutteredmod.luphie_armchair_entity_spawn_egg		露菲扶手椅实体刷怪蛋
luphieclutteredmod	item.luphieclutteredmod.mushroom_bed_seat_entity_spawn_egg		蘑菇床实体刷怪蛋
luphieclutteredmod	item.luphieclutteredmod.pastel_chair_entity_spawn_egg		淡彩椅子实体刷怪蛋
luphieclutteredmod	item.luphieclutteredmod.rovers_stool_entity_spawn_egg		露菲罗弗凳子实体刷怪蛋
luphieclutteredmod	item.luphieclutteredmod.unliving_chair_entity_spawn_egg		无生命椅子实体刷怪蛋
luphieclutteredmod	itemGroup.tabclutter_mod		杂物
luphieclutteredmod	subtitles.starboundmusicbox		音乐盒
mantle	block.mantle.tank.drained		已排出 %s 毫桶的 %s
mantle	block.mantle.tank.filled		已灌入 %s 毫桶的 %s
mantle	command.mantle.book_test.not_found		未知的书本 ID：%s
mantle	command.mantle.dump_tag.success_log		已将合并后的 %s 标签 '%s' 导出至 '%s'
mantle	command.mantle.harvest_tiers.no_tag		%s：无标签
mantle	command.mantle.harvest_tiers.success_list		采集等级：
mantle	command.mantle.harvest_tiers.success_log		已将排序后的等级输出到控制台日志
mantle	command.mantle.harvest_tiers.success_save		已将排序后的等级导出至 '%s'
mantle	command.mantle.harvest_tiers.tag		%s：方块标签 %s
mantle	command.mantle.registry.not_found		未知注册表 '%s'
mantle	command.mantle.tag_preference.empty_tag		%s 标签 %s 没有偏好值
mantle	command.mantle.tag_preference.preference		%s 标签 %s 的偏好值为 %s
mantle	command.mantle.tags_for.no_targeted_block_entity		没有指向的方块实体
mantle	gui.mantle.fluid.bucket		%s 桶
mantle	gui.mantle.fluid.hold_shift		按住 §e§oShift§r§7 查看桶数
mantle	gui.mantle.fluid.kilobucket		%s 千桶
mantle	gui.mantle.fluid.millibucket		%s 毫桶
masuplots	item.masuplots.plot_wand		领地权杖
masuplots	item.masuplots.vacation_token		休假令牌
masuplots	key.categories.masuplots		MasuPlots
masuplots	key.masuplots.open_my_plots		打开我的领地
masuplots	key.masuplots.open_stores		打开商店（浏览商品）
masutab	key.categories.masutab		MasuTab
masutab	key.masutab.panel		打开玩家列表
masutab	key.masutab.toggle		Toggle MasuTab
matc	item.matc.imperium_crystal		§9高级注魔水晶
matc	item.matc.inferium_crystal		§e下级注魔水晶
matc	item.matc.prudentium_crystal		§2初级注魔水晶
matc	item.matc.supremium_crystal		§c终极注魔水晶
matc	item.matc.tertium_crystal		§6中级注魔水晶
matc	itemGroup.matc		神秘农业：分级水晶
mcwbridges	itemGroup.bridges		Macaw 的桥
mcwfences	block.mcwfences.acacia_hedge		金合欢树篱
mcwfences	block.mcwfences.acacia_highley_gate		金合欢海利栅栏门
mcwfences	block.mcwfences.acacia_horse_fence		金合欢马场栅栏
mcwfences	block.mcwfences.acacia_picket_fence		金合欢篱栅
mcwfences	block.mcwfences.acacia_pyramid_gate		金合欢斜板栅栏门
mcwfences	block.mcwfences.acacia_stockade_fence		金合欢栅栏墙
mcwfences	block.mcwfences.acacia_wired_fence		金合欢铁丝栅栏
mcwfences	block.mcwfences.andesite_grass_topped_wall		覆草安山岩墙
mcwfences	block.mcwfences.andesite_pillar_wall		竖纹安山岩墙
mcwfences	block.mcwfences.andesite_railing_gate		安山岩扶手栅栏门
mcwfences	block.mcwfences.azalea_hedge		杜鹃树篱
mcwfences	block.mcwfences.bamboo_fence		竹栅栏
mcwfences	block.mcwfences.bamboo_highley_gate		竹海利栅栏门
mcwfences	block.mcwfences.bamboo_horse_fence		竹马场栅栏
mcwfences	block.mcwfences.bamboo_picket_fence		竹篱栅
mcwfences	block.mcwfences.bamboo_pyramid_gate		竹斜板栅栏门
mcwfences	block.mcwfences.bamboo_stockade_fence		竹栅栏墙
mcwfences	block.mcwfences.bamboo_wired_fence		竹铁丝栅栏
mcwfences	block.mcwfences.birch_hedge		白桦树篱
mcwfences	block.mcwfences.birch_highley_gate		白桦海利栅栏门
mcwfences	block.mcwfences.birch_horse_fence		白桦马场栅栏
mcwfences	block.mcwfences.birch_picket_fence		白桦篱栅
mcwfences	block.mcwfences.birch_pyramid_gate		白桦斜板栅栏门
mcwfences	block.mcwfences.birch_stockade_fence		白桦栅栏墙
mcwfences	block.mcwfences.birch_wired_fence		白桦铁丝栅栏
mcwfences	block.mcwfences.blackstone_brick_railing_gate		黑石砖扶手栅栏门
mcwfences	block.mcwfences.blackstone_grass_topped_wall		覆草黑石墙
mcwfences	block.mcwfences.blackstone_pillar_wall		竖纹黑石墙
mcwfences	block.mcwfences.blackstone_railing_gate		黑石扶手栅栏门
mcwfences	block.mcwfences.cherry_hedge		樱花树篱
mcwfences	block.mcwfences.cherry_highley_gate		樱花海利栅栏门
mcwfences	block.mcwfences.cherry_horse_fence		樱花马场栅栏
mcwfences	block.mcwfences.cherry_picket_fence		樱花篱栅
mcwfences	block.mcwfences.cherry_pyramid_gate		樱花斜板栅栏门
mcwfences	block.mcwfences.cherry_stockade_fence		樱花栅栏墙
mcwfences	block.mcwfences.cherry_wired_fence		樱花铁丝栅栏
mcwfences	block.mcwfences.crimson_highley_gate		绯红海利栅栏门
mcwfences	block.mcwfences.crimson_horse_fence		绯红马场栅栏
mcwfences	block.mcwfences.crimson_picket_fence		绯红篱栅
mcwfences	block.mcwfences.crimson_pyramid_gate		绯红斜板栅栏门
mcwfences	block.mcwfences.crimson_stockade_fence		绯红栅栏墙
mcwfences	block.mcwfences.crimson_wired_fence		绯红铁丝栅栏
mcwfences	block.mcwfences.dark_oak_hedge		深色橡木树篱
mcwfences	block.mcwfences.dark_oak_highley_gate		深色橡木海利栅栏门
mcwfences	block.mcwfences.dark_oak_horse_fence		深色橡木马场栅栏
mcwfences	block.mcwfences.dark_oak_picket_fence		深色橡木篱栅
mcwfences	block.mcwfences.dark_oak_pyramid_gate		深色橡木斜板栅栏门
mcwfences	block.mcwfences.dark_oak_stockade_fence		深色橡木栅栏墙
mcwfences	block.mcwfences.dark_oak_wired_fence		深色橡木铁丝栅栏
mcwfences	block.mcwfences.deepslate_brick_grass_topped_wall		覆草深板岩砖墙
mcwfences	block.mcwfences.deepslate_brick_pillar_wall		竖纹深板岩砖墙
mcwfences	block.mcwfences.deepslate_brick_railing_gate		深板岩砖扶手栅栏门
mcwfences	block.mcwfences.deepslate_grass_topped_wall		覆草深板岩墙
mcwfences	block.mcwfences.deepslate_pillar_wall		竖纹深板岩墙
mcwfences	block.mcwfences.deepslate_railing_gate		深板岩扶手栅栏门
mcwfences	block.mcwfences.diorite_grass_topped_wall		覆草闪长岩墙
mcwfences	block.mcwfences.diorite_pillar_wall		竖纹闪长岩墙
mcwfences	block.mcwfences.diorite_railing_gate		闪长岩扶手栅栏门
mcwfences	block.mcwfences.end_brick_grass_topped_wall		覆草末地石砖墙
mcwfences	block.mcwfences.end_brick_pillar_wall		竖纹末地石砖墙
mcwfences	block.mcwfences.end_brick_railing_gate		末地石砖扶手栅栏门
mcwfences	block.mcwfences.flowering_azalea_hedge		盛开的杜鹃树篱
mcwfences	block.mcwfences.granite_grass_topped_wall		覆草花岗岩墙
mcwfences	block.mcwfences.granite_pillar_wall		竖纹花岗岩墙
mcwfences	block.mcwfences.granite_railing_gate		花岗岩扶手栅栏门
mcwfences	block.mcwfences.iron_cheval_de_frise		铁拒马
mcwfences	block.mcwfences.jungle_hedge		丛林树篱
mcwfences	block.mcwfences.jungle_highley_gate		丛林海利栅栏门
mcwfences	block.mcwfences.jungle_horse_fence		丛林马场栅栏
mcwfences	block.mcwfences.jungle_picket_fence		丛林篱栅
mcwfences	block.mcwfences.jungle_pyramid_gate		丛林斜板栅栏门
mcwfences	block.mcwfences.jungle_stockade_fence		丛林栅栏墙
mcwfences	block.mcwfences.jungle_wired_fence		丛林铁丝栅栏
mcwfences	block.mcwfences.mangrove_hedge		红树树篱
mcwfences	block.mcwfences.mangrove_highley_gate		红树海利栅栏门
mcwfences	block.mcwfences.mangrove_horse_fence		红树马场栅栏
mcwfences	block.mcwfences.mangrove_picket_fence		红树篱栅
mcwfences	block.mcwfences.mangrove_pyramid_gate		红树斜板栅栏门
mcwfences	block.mcwfences.mangrove_stockade_fence		红树栅栏墙
mcwfences	block.mcwfences.mangrove_wired_fence		红树铁丝栅栏
mcwfences	block.mcwfences.modern_andesite_wall		现代风格安山岩墙
mcwfences	block.mcwfences.modern_blackstone_wall		现代风格黑石墙
mcwfences	block.mcwfences.modern_deepslate_brick_wall		现代风格深板岩砖墙
mcwfences	block.mcwfences.modern_deepslate_wall		现代风格深板岩墙
mcwfences	block.mcwfences.modern_diorite_wall		现代风格闪长岩墙
mcwfences	block.mcwfences.modern_end_brick_wall		现代风格末地石砖墙
mcwfences	block.mcwfences.modern_granite_wall		现代风格花岗岩墙
mcwfences	block.mcwfences.modern_mud_brick_wall		现代风格泥砖墙
mcwfences	block.mcwfences.modern_nether_brick_wall		现代风格下界砖墙
mcwfences	block.mcwfences.modern_prismarine_wall		现代风格海晶石墙
mcwfences	block.mcwfences.modern_quartz_wall		现代风格石英墙
mcwfences	block.mcwfences.modern_red_sandstone_wall		现代风格红砂岩墙
mcwfences	block.mcwfences.modern_sandstone_wall		现代风格砂岩墙
mcwfences	block.mcwfences.modern_stone_brick_wall		现代风格石砖墙
mcwfences	block.mcwfences.mud_brick_grass_topped_wall		覆草泥砖墙
mcwfences	block.mcwfences.mud_brick_pillar_wall		竖纹泥砖墙
mcwfences	block.mcwfences.mud_brick_railing_gate		泥砖扶手栅栏门
mcwfences	block.mcwfences.nether_brick_grass_topped_wall		覆草下界砖墙
mcwfences	block.mcwfences.nether_brick_pillar_wall		竖纹下界砖墙
mcwfences	block.mcwfences.nether_brick_railing_gate		下界砖扶手栅栏门
mcwfences	block.mcwfences.oak_hedge		橡木树篱
mcwfences	block.mcwfences.oak_highley_gate		橡木海利栅栏门
mcwfences	block.mcwfences.oak_horse_fence		橡木马场栅栏
mcwfences	block.mcwfences.oak_picket_fence		橡木篱栅
mcwfences	block.mcwfences.oak_pyramid_gate		橡木斜板栅栏门
mcwfences	block.mcwfences.oak_stockade_fence		橡木栅栏墙
mcwfences	block.mcwfences.oak_wired_fence		橡木铁丝栅栏
mcwfences	block.mcwfences.prismarine_grass_topped_wall		覆草海晶石墙
mcwfences	block.mcwfences.prismarine_pillar_wall		竖纹海晶石墙
mcwfences	block.mcwfences.prismarine_railing_gate		海晶石扶手栅栏门
mcwfences	block.mcwfences.quartz_grass_topped_wall		覆草石英墙
mcwfences	block.mcwfences.quartz_pillar_wall		竖纹石英墙
mcwfences	block.mcwfences.quartz_railing_gate		石英扶手栅栏门
mcwfences	block.mcwfences.railing_andesite_wall		扶手安山岩墙
mcwfences	block.mcwfences.railing_blackstone_wall		扶手黑石墙
mcwfences	block.mcwfences.railing_deepslate_brick_wall		扶手深板岩砖墙
mcwfences	block.mcwfences.railing_deepslate_wall		扶手深板岩墙
mcwfences	block.mcwfences.railing_diorite_wall		扶手闪长岩墙
mcwfences	block.mcwfences.railing_end_brick_wall		扶手末地石砖墙
mcwfences	block.mcwfences.railing_granite_wall		扶手花岗岩墙
mcwfences	block.mcwfences.railing_mud_brick_wall		扶手泥砖墙
mcwfences	block.mcwfences.railing_nether_brick_wall		扶手下界砖墙
mcwfences	block.mcwfences.railing_prismarine_wall		扶手海晶石墙
mcwfences	block.mcwfences.railing_quartz_wall		扶手石英墙
mcwfences	block.mcwfences.railing_red_sandstone_wall		扶手红砂岩墙
mcwfences	block.mcwfences.railing_sandstone_wall		扶手砂岩墙
mcwfences	block.mcwfences.railing_stone_brick_wall		扶手石砖墙
mcwfences	block.mcwfences.red_sandstone_grass_topped_wall		覆草红砂岩墙
mcwfences	block.mcwfences.red_sandstone_pillar_wall		竖纹红砂岩墙
mcwfences	block.mcwfences.red_sandstone_railing_gate		红砂岩扶手栅栏门
mcwfences	block.mcwfences.sandstone_grass_topped_wall		覆草砂岩墙
mcwfences	block.mcwfences.sandstone_pillar_wall		竖纹砂岩墙
mcwfences	block.mcwfences.sandstone_railing_gate		砂岩扶手栅栏门
mcwfences	block.mcwfences.spruce_hedge		云杉树篱
mcwfences	block.mcwfences.spruce_highley_gate		云杉海利栅栏门
mcwfences	block.mcwfences.spruce_horse_fence		云杉马场栅栏
mcwfences	block.mcwfences.spruce_picket_fence		云杉篱栅
mcwfences	block.mcwfences.spruce_pyramid_gate		云杉斜板栅栏门
mcwfences	block.mcwfences.spruce_stockade_fence		云杉栅栏墙
mcwfences	block.mcwfences.spruce_wired_fence		云杉铁丝栅栏
mcwfences	block.mcwfences.stone_brick_railing_gate		石砖扶手栅栏门
mcwfences	block.mcwfences.stone_grass_topped_wall		覆草石头墙
mcwfences	block.mcwfences.stone_pillar_wall		竖纹石头墙
mcwfences	block.mcwfences.warped_highley_gate		诡异海利栅栏门
mcwfences	block.mcwfences.warped_horse_fence		诡异马场栅栏
mcwfences	block.mcwfences.warped_picket_fence		诡异篱栅
mcwfences	block.mcwfences.warped_pyramid_gate		诡异斜板栅栏门
mcwfences	block.mcwfences.warped_stockade_fence		诡异栅栏墙
mcwfences	block.mcwfences.warped_wired_fence		诡异铁丝栅栏
mcwfences	block.mcwfences.wooden_cheval_de_frise		木拒马
mcwfences	death.attack.wired_fence		%1$s 试图翻越铁丝栅栏
mcwfences	death.attack.wired_fence.player		%1$s 在试图逃离 %2$s 时翻越铁丝栅栏
mcwfences	itemGroup.mcwfences		Macaw 的栅栏与墙
mcwfurnitures	itemGroup.furnitures		Macaw 的家具
mcwlights	itemGroup.mcwlights		Macaw 的灯与灯具
mcwwindows	itemGroup.mcwwindows		Macaw 的窗户
mcwwindows	itemGroup.windows2		Macaw 的窗户扩展
megacells	itemGroup.megacells		MEGA 存储元件
mekanism	module.mekanism.blast_area		%1$sx%1$s
memorysettings	button.howto		打开指南
memorysettings	button.stopremind		不再显示
memorysettings	warning.32bit		你在 64 位系统上使用了 32 位 Java，请安装 64 位 Java。
memorysettings	warning.overrecommended		已分配内存（%s mb）高于系统建议值，建议为：%s mb。\n
memorysettings	warning.recommendedbelowmin		系统建议的 %s 低于本整合包要求的 %s mb 最低值。你可能会遇到频繁卡顿等问题。\n
memorysettings	warning.toolow		已分配内存（%s mb）低于本整合包的建议值，最低为：%s mb。系统建议值：%s mb。\n
memorysettings	warning.toomuch		已分配内存（%s mb）高于本整合包的建议值，最高为：%s mb。系统建议值：%s mb。\n
memorysettings	warning.underrecommended		已分配内存（%s mb）低于系统建议值，建议为：%s mb。\n
mifa	item.mifa.cooldown_amount		冷却量
mifa	item.mifa.cooldown_time		冷却时间
mifa	itemGroup.industrialforegoing_addons		更多工业先锋附加
mifa	itemGroup.mifa_addons		更多工业先锋附加
minecraft	block.minecraft.chain		铁链
minecraft	item.minecraft.chain		铁链
minecraft	item.minecraft.lingering_potion.effect.time_acceleration_x2		滞留型宝库时间加速药水
minecraft	item.minecraft.lingering_potion.effect.time_acceleration_x3		滞留型宝库时间加速药水
minecraft	item.minecraft.lingering_potion.effect.time_acceleration_x4		滞留型宝库时间加速药水
minecraft	item.minecraft.potion.effect.time_acceleration_x2		宝库时间加速药水
minecraft	item.minecraft.potion.effect.time_acceleration_x3		宝库时间加速药水
minecraft	item.minecraft.potion.effect.time_acceleration_x4		宝库时间加速药水
minecraft	item.minecraft.splash_potion.effect.time_acceleration_x2		喷溅型宝库时间加速药水
minecraft	item.minecraft.splash_potion.effect.time_acceleration_x3		喷溅型宝库时间加速药水
minecraft	item.minecraft.splash_potion.effect.time_acceleration_x4		喷溅型宝库时间加速药水
mininggadgets	itemGroup.mininggadgets		采矿小工具
mobprocessor	block.mobprocessor.mob_processor		生物处理器
mobprocessor	container.mobprocessor.mob_processor		生物处理器
mobprocessor	item.mobprocessor.augment_egg		强化刷怪蛋
mobprocessor	item.mobprocessor.augment_egg.named		强化 %s 刷怪蛋
mobprocessor	item.mobprocessor.looting_upgrade_1		掠夺升级 I
mobprocessor	item.mobprocessor.looting_upgrade_2		掠夺升级 II
mobprocessor	item.mobprocessor.looting_upgrade_3		掠夺升级 III
mobprocessor	item.mobprocessor.player_kill_upgrade		玩家击杀升级
mobprocessor	item.mobprocessor.speed_upgrade_1		速度升级 I
mobprocessor	item.mobprocessor.speed_upgrade_2		速度升级 II
mobprocessor	item.mobprocessor.speed_upgrade_3		速度升级 III
mobprocessor	item.mobprocessor.storage_upgrade_1		存储升级 I
mobprocessor	item.mobprocessor.storage_upgrade_2		存储升级 II
mobprocessor	item.mobprocessor.storage_upgrade_3		存储升级 III
mobprocessor	jei.mobprocessor.augment_egg		强化蛋
modernfix	modernfix.option.mixin.bugfix.restore_old_dragon_movement		修复 MC-272431：该问题记录末影龙无法像 1.13 及更早版本那样俯冲冲向传送门。这会让末影龙的飞行方式与现代玩家习惯的大不相同，并且会封堵「一轮击杀」，因此默认不启用。感谢 Jukitsu 找出了原版代码中的这一回归问题。
modonomicon	advancements.modonomicon.root.description		万书之书！
modonomicon	advancements.modonomicon.root.title		模组之书
modonomicon	book.modonomicon.demo.features.command.command_link.text		[点击我执行命令！](command://test_command2)
modonomicon	book.modonomicon.demo.features.command.command_link.title		命令链接
modonomicon	book.modonomicon.demo.features.command.description		首次阅读本条目时会执行一条命令。
modonomicon	book.modonomicon.demo.features.command.intro.text		本条目在你首次阅读时刚执行了一条命令。看看聊天栏！
modonomicon	book.modonomicon.demo.features.command.intro.title		条目阅读命令
modonomicon	book.modonomicon.demo.features.command.name		条目阅读命令
modonomicon	book.modonomicon.demo.features.condition_level_1.description		取决于「条件根」条目是否已阅读。
modonomicon	book.modonomicon.demo.features.condition_level_1.info.text		本条目取决于「条件根」条目是否已阅读。
modonomicon	book.modonomicon.demo.features.condition_level_1.info.title		条件一级
modonomicon	book.modonomicon.demo.features.condition_level_1.name		条件一级条目
modonomicon	book.modonomicon.demo.features.condition_level_2.description		取决于「条件一级」条目是否已解锁。
modonomicon	book.modonomicon.demo.features.condition_level_2.info.text		本条目取决于「条件一级」条目是否已解锁。
modonomicon	book.modonomicon.demo.features.condition_level_2.info.title		条件二级
modonomicon	book.modonomicon.demo.features.condition_level_2.name		条件二级条目
modonomicon	book.modonomicon.demo.features.condition_root.description		条件根条目
modonomicon	book.modonomicon.demo.features.condition_root.info.text		条件与解锁测试的起始页。
modonomicon	book.modonomicon.demo.features.condition_root.info.title		条件根
modonomicon	book.modonomicon.demo.features.condition_root.name		条件根条目
modonomicon	book.modonomicon.demo.features.empty.description		展示空白页的条目。
modonomicon	book.modonomicon.demo.features.empty.intro.text		空白页的作用就是……加空白页。
modonomicon	book.modonomicon.demo.features.empty.intro.title		空白页条目
modonomicon	book.modonomicon.demo.features.empty.name		空白页条目
modonomicon	book.modonomicon.demo.features.entity.description		展示实体页的条目。
modonomicon	book.modonomicon.demo.features.entity.entity1.title		自定义名称
modonomicon	book.modonomicon.demo.features.entity.entity2.text		一个自动生成标题的实体页示例。
modonomicon	book.modonomicon.demo.features.entity.intro.text		实体页可以用来展示实体。
modonomicon	book.modonomicon.demo.features.entity.intro.title		实体条目
modonomicon	book.modonomicon.demo.features.entity.name		实体条目
modonomicon	book.modonomicon.demo.features.image.description		展示图片页的条目。
modonomicon	book.modonomicon.demo.features.image.image.text		示例图片的示例文字。
modonomicon	book.modonomicon.demo.features.image.image.title		示例图片！
modonomicon	book.modonomicon.demo.features.image.intro.text		图片页可以用来展示图片。
modonomicon	book.modonomicon.demo.features.image.intro.title		图片页条目
modonomicon	book.modonomicon.demo.features.image.name		图片页条目
modonomicon	book.modonomicon.demo.features.multiblock.description		展示多方块结构的条目。
modonomicon	book.modonomicon.demo.features.multiblock.intro.text		多方块结构页可以在书里和世界里预览多方块结构。
modonomicon	book.modonomicon.demo.features.multiblock.intro.title		多方块结构页
modonomicon	book.modonomicon.demo.features.multiblock.name		多方块结构条目
modonomicon	book.modonomicon.demo.features.multiblock.preview.text		一个多方块结构示例。
modonomicon	book.modonomicon.demo.features.name		功能分类
modonomicon	book.modonomicon.demo.features.recipe.crafting.text		一个配方页示例。
modonomicon	book.modonomicon.demo.features.recipe.description		展示配方页的条目。
modonomicon	book.modonomicon.demo.features.recipe.intro.text		配方页可以在书里显示配方。
modonomicon	book.modonomicon.demo.features.recipe.intro.title		配方条目
modonomicon	book.modonomicon.demo.features.recipe.name		配方条目
modonomicon	book.modonomicon.demo.features.recipe.smoking.text		一个含一个烟熏配方与一段文字的页面。
modonomicon	book.modonomicon.demo.features.redirect.description		跳转到另一个分类。
modonomicon	book.modonomicon.demo.features.redirect.name		分类跳转条目
modonomicon	book.modonomicon.demo.features.spotlight.description		展示聚焦页的条目。
modonomicon	book.modonomicon.demo.features.spotlight.intro.text		聚焦页可以用来展示物品（准确说是材料）。
modonomicon	book.modonomicon.demo.features.spotlight.intro.title		聚焦条目
modonomicon	book.modonomicon.demo.features.spotlight.name		聚焦条目
modonomicon	book.modonomicon.demo.features.spotlight.spotlight1.text		一个自定义标题的聚焦页示例。
modonomicon	book.modonomicon.demo.features.spotlight.spotlight1.title		自定义标题
modonomicon	book.modonomicon.demo.features.spotlight.spotlight2.text		一个自动生成标题的聚焦页示例。
modonomicon	book.modonomicon.demo.formatting.advanced.description		展示高级排版的条目。
modonomicon	book.modonomicon.demo.formatting.advanced.name		高级排版条目
modonomicon	book.modonomicon.demo.formatting.advanced.page1.text		<t>this.could.be.a.translation.key<t>     \n***这是粗斜体***     \n*++这是斜体加下划线++*\n[](item://minecraft:diamond)\n[测试文本](item://minecraft:emerald)\n
modonomicon	book.modonomicon.demo.formatting.advanced.page1.title		高级排版
modonomicon	book.modonomicon.demo.formatting.advanced.page2.text		无序列表：\n- 列表项\n- 列表项 2\n- 列表项 3\n\\\n\n有序列表：\n1. 条目 1\n2. 条目 2\n
modonomicon	book.modonomicon.demo.formatting.advanced.page3.text		本页用于测试标题缩放！
modonomicon	book.modonomicon.demo.formatting.advanced.page3.title		一个长到离谱、理应被缩放的标题！
modonomicon	book.modonomicon.demo.formatting.always_locked.description		用于演示如何链接到未解锁的条目
modonomicon	book.modonomicon.demo.formatting.always_locked.name		永久锁定条目
modonomicon	book.modonomicon.demo.formatting.basic.description		展示基础排版的条目。
modonomicon	book.modonomicon.demo.formatting.basic.name		基础排版条目
modonomicon	book.modonomicon.demo.formatting.basic.page1.text		**这是粗体**     \n*这是斜体*     \n++这是下划线++\n
modonomicon	book.modonomicon.demo.formatting.basic.page1.title		基础排版
modonomicon	book.modonomicon.demo.formatting.basic.page2.text		~~这是删除线~~    \n[#](55FF55)彩色文字！[#]()\n
modonomicon	book.modonomicon.demo.formatting.link.description		展示链接排版的条目。
modonomicon	book.modonomicon.demo.formatting.link.name		链接排版条目
modonomicon	book.modonomicon.demo.formatting.link.page1.text		[点击我！](https://klikli-dev.github.io/modonomicon/) \\\n[或者点我！](https://github.com/klikli-dev/modonomicon)\n
modonomicon	book.modonomicon.demo.formatting.link.page1.title		网页链接
modonomicon	book.modonomicon.demo.formatting.link.page2.text		[查看一个多方块结构](entry://modonomicon:demo/features/multiblock) \\\n[链接到一个条件条目](entry://modonomicon:demo/features/condition_level_1) \\\n[链接到基础排版](entry://modonomicon:demo/formatting/basic) \\\n[不含书 ID 的链接](entry://formatting/basic) \\\n[永久锁定条目](entry://modonomicon:demo/formatting/always_locked) \\\n[不含书 ID 的分类链接](category://formatting/)\n
modonomicon	book.modonomicon.demo.formatting.link.page2.title		书内链接
modonomicon	book.modonomicon.demo.formatting.link.page3.text		[链接到帕秋莉手册条目](patchouli://occultism:dictionary_of_spirits//misc/books_of_calling)\n
modonomicon	book.modonomicon.demo.formatting.link.page3.title		帕秋莉手册链接
modonomicon	book.modonomicon.demo.formatting.name		排版分类
modonomicon	book.modonomicon.demo.hidden.always_locked.description		占位条目，因为作者懒得在这里写示例内容
modonomicon	book.modonomicon.demo.hidden.always_locked.name		永久锁定条目
modonomicon	book.modonomicon.demo.hidden.name		隐藏分类
modonomicon	book.modonomicon.demo.name		演示书
modonomicon	book.modonomicon.demo.tooltip		一本用于展示与测试模组之书各项功能的书。
modonomicon	item.modonomicon.modonomicon		模组之书
modonomicon	itemGroup.modonomicon		模典
modonomicon	modonomicon.command.error.load_progress		解锁码无效！
modonomicon	modonomicon.command.error.load_progress_client		解锁码解码失败。请确保剪贴板里是有效的解锁码！当前剪贴板内容：“%s”
modonomicon	modonomicon.command.error.unknown_book		未知的书：%s
modonomicon	modonomicon.command.failure		模组之书试图为你执行一条命令（例如你首次阅读了某个条目，或点击了命令按钮、命令链接）。但看起来你已达到该命令的使用次数上限。
modonomicon	modonomicon.command.success.load_progress		已成功载入书的进度：%s。
modonomicon	modonomicon.command.success.reset_book		已成功重置书：%s
modonomicon	modonomicon.command.success.save_progress		已保存书的进度：%s。解锁码已复制到剪贴板。
modonomicon	modonomicon.command.test_command.success		你获得了一个苹果，因为阅读很酷！
modonomicon	modonomicon.command.test_command2.success		你获得了小麦，因为点击很酷！
modonomicon	modonomicon.gui..page.entity.loading_error		实体加载失败
modonomicon	modonomicon.gui.button.back		返回
modonomicon	modonomicon.gui.button.back.tooltip		返回到你上次浏览的页面
modonomicon	modonomicon.gui.button.exit		退出
modonomicon	modonomicon.gui.button.next_page		下一页
modonomicon	modonomicon.gui.button.previous_page		上一页
modonomicon	modonomicon.gui.button.read_all		将全部条目标记为已读
modonomicon	modonomicon.gui.button.read_all.tooltip.none		当前§l没有未读§r的已解锁条目。
modonomicon	modonomicon.gui.button.read_all.tooltip.read_all		将§c全部§r（含未解锁的）条目标记为已读。
modonomicon	modonomicon.gui.button.read_all.tooltip.read_unlocked		将所有§a已解锁§r的条目标记为已读。
modonomicon	modonomicon.gui.button.read_all.tooltip.shift		按住 Shift 点击可将§c全部§r（含未解锁的）条目标记为已读。
modonomicon	modonomicon.gui.button.read_all.tooltip.shift_warning		§l§c警告：§r这可能会让阅读进度导向的书变得更困难。
modonomicon	modonomicon.gui.button.visualize		显示多方块结构预览
modonomicon	modonomicon.gui.button.visualize.tooltip		显示多方块结构预览
modonomicon	modonomicon.gui.hover.book_link		前往：%s
modonomicon	modonomicon.gui.hover.book_link_locked_info		你需要先解锁该条目才能打开此链接！
modonomicon	modonomicon.gui.hover.command_link		点击执行链接的命令。按住 Shift 可显示命令内容。
modonomicon	modonomicon.gui.hover.command_link.unavailable		你已多次使用过该命令，无法再次使用。
modonomicon	modonomicon.gui.hover.http_link		访问：%s
modonomicon	modonomicon.gui.hover.item_link_info		点击在 JEI 中查看配方，按住 Shift 点击查看用途。
modonomicon	modonomicon.gui.hover.item_link_info.no_jei		安装 JEI 后点击即可查看配方或用途。
modonomicon	modonomicon.gui.hover.item_link_info_line2		若找不到配方或用途，则不会有任何反应。
modonomicon	modonomicon.gui.no_errors_found		未发现错误。你不应该看到这一页！
modonomicon	modonomicon.gui.open_search		打开搜索
modonomicon	modonomicon.gui.recipe_page.recipe_missing		找不到配方 %s！这可能是模组本身的问题，也可能是整合包禁用了它。
modonomicon	modonomicon.gui.search.entry.locked		（未解锁）
modonomicon	modonomicon.gui.search.entry_list_title		条目
modonomicon	modonomicon.gui.search.info		要搜索条目，直接开始输入你要找的内容即可。\n
modonomicon	modonomicon.gui.search.no_results		无结果
modonomicon	modonomicon.gui.search.screen.title		在书中搜索
modonomicon	modonomicon.multiblock.complete		完成！
modonomicon	modonomicon.multiblock.not_anchored		右键点击一个方块以锚定该结构。
modonomicon	modonomicon.multiblock.remove_blocks		（清除标记为红色的方块）
modonomicon	modonomicon.subtitle.turn_page		翻页
modonomicon	modonomicon.test.entries.test_category.test_entry.description		测试描述
modonomicon	modonomicon.test.sections.test_category.multiblock.page0.multiblock_name		多方块结构示例
modonomicon	modonomicon.test.sections.test_category.multiblock.page0.text		这是一个多方块结构示例。   \n我们还有**第二**行。\n
modonomicon	modonomicon.test.sections.test_category.test_entry.page0.text		[这是一段**链接**文字](https://www.google.com)。   \n这里有一个换行。\n- 列表项\n- 列表项 2\n- 列表项 3\n\n这是一条超长的行，我们希望它能被自动换行，否则就太糟糕了。\n
modonomicon	modonomicon.test.sections.test_category.test_entry.page0.title		[**粗体链接**](book://modonomicon:test)
modonomicon	modonomicon.test.sections.test_category.test_entry.page1.text		这是我们的第二页。\n
modonomicon	modonomicon.test.sections.test_category.test_entry.page1.title		*[#](55FF55)彩色斜体*[#]()
modonomicon	modonomicon.test.sections.test_category.test_entry.page2.text		这是我们的第三页。\n
modonomicon	modonomicon.test.sections.test_category.test_entry.page2.title		第 3 页
modonomicon	modonomicon.test.sections.test_category.test_entry_child.condition.tooltip		此页无法解锁！
modonomicon	modonomicon.test.sections.test_category.test_entry_child.page2.text		这是我们的第三页。   \n[带链接](entry://modonomicon:test/test_category/test_entry@test_anchor)\n
modonomicon	modonomicon.test.sections.test_category.test_entry_child.page_with_error.text		含无效链接的页面！   \n[带链接](entry://modonomicon:test/test_category/test_entry2@test_anchor)\n
modonomicon	modonomicon.test_book.title		测试书
modonomicon	multiblocks.modonomicon.blockentity		方块实体多方块结构。
modonomicon	patchouli.occultism.dictionary_of_spirits.misc.books_of_calling.name		召唤之书
modonomicon	test.test.test		绑定之书：阿弗里特（已绑定）
modonomicon	tooltip.modonomicon..condition.advancement		需要进度：%s
modonomicon	tooltip.modonomicon..condition.entry_read		需要已阅读条目：%s\n提示：可用左上角的“眼睛”按钮将所有条目标记为已读。
modonomicon	tooltip.modonomicon..condition.entry_unlocked		需要已解锁条目：%s
modonomicon	tooltip.modonomicon..recipe.crafting_shapeless		无序
modonomicon	tooltip.modonomicon.no_book_found_for_stack		在模组之书的书数据库里找不到该物品对应的书！NBT：%s
modularrouters	itemGroup.modularrouters		模块化路由器
more_immersive_wires	itemGroup.more_immersive_wires.tab		更多沉浸工程线缆
moreburners	moreburners.burner.energy.unit		FE
moremekanismprocessing	materialType.moremekanismprocessing.calorite		卡洛里特
moremekanismprocessing	materialType.moremekanismprocessing.ostrum		奥斯特姆
moremekanismprocessing	statedMaterial.moremekanismprocessing.raw_ore		粗%s
mysticalagradditions	block.mysticalagradditions.awakened_draconium_crux		觉醒龙核心
mysticalagradditions	block.mysticalagradditions.end_inferium_ore		末地下级精华矿石
mysticalagradditions	block.mysticalagradditions.end_prosperity_ore		末地活化水晶矿石
mysticalagradditions	block.mysticalagradditions.gaia_spirit_crux		盖亚之魂核心
mysticalagradditions	block.mysticalagradditions.nether_inferium_ore		下界下级精华矿石
mysticalagradditions	block.mysticalagradditions.nether_prosperity_ore		下界活化水晶矿石
mysticalagradditions	block.mysticalagradditions.neutronium_crux		中子素核心
mysticalagradditions	block.mysticalagradditions.nitro_crystal_crux		下界水晶核心
mysticalagradditions	book.mysticalagriculture.category.agradditions.description		本节介绍神秘农业扩展追加的内容。
mysticalagradditions	book.mysticalagriculture.category.agradditions.name		神秘农业扩展
mysticalagradditions	book.mysticalagriculture.entry.cruxes		核心
mysticalagradditions	book.mysticalagriculture.entry.cruxes.page.1		核心是需要放置在$(l:mysticalagradditions:agradditions/insanium)6 级作物$()下方才能让它们生长的方块。
mysticalagradditions	book.mysticalagriculture.entry.essence_apples		精华苹果
mysticalagradditions	book.mysticalagriculture.entry.essence_apples.page.1		精华苹果是比普通苹果「健康」得多的替代品，能提供增益效果和额外的营养价值。
mysticalagradditions	book.mysticalagriculture.entry.insanium		究极精华
mysticalagradditions	book.mysticalagriculture.entry.insanium.page.1		究极精华是高于终极精华的一个额外等级，用于制作 6 级作物。$(br2)6 级作物有一些低等级作物没有的独特性质：$(br)$(li)它们需要在耕地下方放置$(l:mysticalagradditions:agradditions/cruxes)核心$()才能生长。$() $(li)它们收获时永远不会掉落第二颗种子。$()
mysticalagradditions	book.mysticalagriculture.entry.insanium.page.2		$(li)它们$(bold)通常$()无法使用$(l:advances/mystical_fertilizer)神秘肥料$()或$(l:basics/fertilized_essence)肥料精华$()催熟。$()
mysticalagradditions	book.mysticalagriculture.entry.ore_variants		矿石变种
mysticalagradditions	book.mysticalagriculture.entry.ore_variants.page.1		下界活化水晶矿石与下界下级精华矿石$(bold)通常$()生成在下界的所有 Y 高度。
mysticalagradditions	book.mysticalagriculture.entry.ore_variants.page.2		末地活化水晶矿石与末地下级精华矿石$(bold)通常$()生成在末地的所有 Y 高度。
mysticalagradditions	book.mysticalagriculture.entry.paxels		精华全能工具
mysticalagradditions	book.mysticalagriculture.entry.paxels.page.1		精华全能工具是一种同时具备镐、斧、锹功能的工具。
mysticalagradditions	crop.mysticalagradditions.awakened_draconium		觉醒龙
mysticalagradditions	crop.mysticalagradditions.gaia_spirit		盖亚之魂
mysticalagradditions	crop.mysticalagradditions.neutronium		中子素
mysticalagradditions	crop.mysticalagradditions.nitro_crystal		下界水晶
mysticalagradditions	cropTier.mysticalagradditions.6		6
mysticalagradditions	fluid.mysticalagradditions.molten_imperium		熔融高级精华
mysticalagradditions	fluid.mysticalagradditions.molten_inferium		熔融下级精华
mysticalagradditions	fluid.mysticalagradditions.molten_prudentium		熔融初级精华
mysticalagradditions	fluid.mysticalagradditions.molten_soulium		熔融离魂
mysticalagradditions	fluid.mysticalagradditions.molten_supremium		熔融终极精华
mysticalagradditions	fluid.mysticalagradditions.molten_tertium		熔融中级精华
mysticalagradditions	item.mysticalagradditions.imperium_apple		高级精华苹果
mysticalagradditions	item.mysticalagradditions.inferium_apple		下级精华苹果
mysticalagradditions	item.mysticalagradditions.insanium_apple		究极精华苹果
mysticalagradditions	item.mysticalagradditions.molten_imperium_bucket		熔融高级精华桶
mysticalagradditions	item.mysticalagradditions.molten_inferium_bucket		熔融下级精华桶
mysticalagradditions	item.mysticalagradditions.molten_prudentium_bucket		熔融初级精华桶
mysticalagradditions	item.mysticalagradditions.molten_soulium_bucket		熔融离魂桶
mysticalagradditions	item.mysticalagradditions.molten_supremium_bucket		熔融终极精华桶
mysticalagradditions	item.mysticalagradditions.molten_tertium_bucket		熔融中级精华桶
mysticalagradditions	item.mysticalagradditions.prudentium_apple		初级精华苹果
mysticalagradditions	item.mysticalagradditions.supremium_apple		终极精华苹果
mysticalagradditions	item.mysticalagradditions.tertium_apple		中级精华苹果
mysticalagradditions	material.mysticalagradditions.imperium		高级精华
mysticalagradditions	material.mysticalagradditions.inferium		下级精华
mysticalagradditions	material.mysticalagradditions.prudentium		初级精华
mysticalagradditions	material.mysticalagradditions.soulium		离魂
mysticalagradditions	material.mysticalagradditions.supremium		终极精华
mysticalagradditions	material.mysticalagradditions.tertium		中级精华
mysticalagradditions	modifier.mysticalagradditions.prosperous		繁荣
mysticalagradditions	modifier.mysticalagradditions.prosperous.description		工具有几率掉落活化水晶碎片。
mysticalagradditions	modifier.mysticalagradditions.prosperous.flavor		繁荣！
mysticalagradditions	modifier.mysticalagradditions.soul_siphoner		灵魂虹吸
mysticalagradditions	modifier.mysticalagradditions.soul_siphoner.description		武器能像离魂匕首一样汲取生物灵魂。
mysticalagradditions	modifier.mysticalagradditions.soul_siphoner.flavor		灵魂满满！
mysticalagradditions	tooltip.mysticalagradditions.gives_buffs		提供增益：
mysticalagriculture	block.mysticalagriculture.deepslate_inferium_ore		深层下级精华矿石
mysticalagriculture	block.mysticalagriculture.deepslate_prosperity_ore		深层活化水晶矿石
mysticalagriculture	block.mysticalagriculture.mystical_crop		%s作物
mysticalagriculture	block.mysticalagriculture.soul_extractor		灵魂提取器
mysticalagriculture	book.mysticalagriculture.entry.elemental_essences.page.1		施工中
mysticalagriculture	book.mysticalagriculture.entry.experience_capsule		经验胶囊
mysticalagriculture	book.mysticalagriculture.entry.experience_capsule.page.1		经验胶囊用于收集经验，以制作经验种子。$(br2)要收集经验，只需在背包中携带一些经验胶囊并拾取经验球即可。
mysticalagriculture	book.mysticalagriculture.entry.growth_accelerators.page.2		生长加速器的范围取决于它是否被放置在耕地下方。$(br2)$(l:https://blakesmods.com/guides/mysticalagriculture/gameplay/speeding-up-crop-growth)点击此处查看使用生长加速器的详细指南。$()
mysticalagriculture	book.mysticalagriculture.entry.soul_extractor		灵魂提取器
mysticalagriculture	book.mysticalagriculture.entry.soul_extractor.page.1		灵魂提取器用于将生物掉落物转化为生物灵魂。它以固体燃料驱动，并内置能量储存缓冲区。$(br2)灵魂提取器为多余的生物掉落物提供了一种用途，但通常不如使用$(l:souls/soulium_dagger)离魂匕首$()高效。
mysticalagriculture	book.mysticalagriculture.entry.soulium_dagger.page.3		被动调谐离魂匕首可额外增加 50% 从被动生物处收集的灵魂。
mysticalagriculture	book.mysticalagriculture.entry.soulium_dagger.page.4		敌对调谐离魂匕首可额外增加 50% 从敌对生物处收集的灵魂。
mysticalagriculture	container.mysticalagriculture.soul_extractor		灵魂提取器
mysticalagriculture	crop.mysticalagriculture.amethyst		紫水晶
mysticalagriculture	crop.mysticalagriculture.amethyst_bronze		紫水晶青铜
mysticalagriculture	crop.mysticalagriculture.apatite		磷灰石
mysticalagriculture	crop.mysticalagriculture.aquamarine		海蓝宝石
mysticalagriculture	crop.mysticalagriculture.basalt		玄武岩
mysticalagriculture	crop.mysticalagriculture.basalz		岩石人
mysticalagriculture	crop.mysticalagriculture.blazing_crystal		烈焰晶体
mysticalagriculture	crop.mysticalagriculture.blitz		狂风人
mysticalagriculture	crop.mysticalagriculture.blizz		暴雪人
mysticalagriculture	crop.mysticalagriculture.certus_quartz		赛特斯石英
mysticalagriculture	crop.mysticalagriculture.cobalt		钴
mysticalagriculture	crop.mysticalagriculture.compressed_iron		压缩铁
mysticalagriculture	crop.mysticalagriculture.cyanite		蓝晶
mysticalagriculture	crop.mysticalagriculture.deepslate		深板岩
mysticalagriculture	crop.mysticalagriculture.draconium		龙
mysticalagriculture	crop.mysticalagriculture.elementium		源质钢
mysticalagriculture	crop.mysticalagriculture.enderium		末影
mysticalagriculture	crop.mysticalagriculture.energized_steel		充能钢
mysticalagriculture	crop.mysticalagriculture.fiery_ingot		炽铁锭
mysticalagriculture	crop.mysticalagriculture.fluix		福鲁伊克斯
mysticalagriculture	crop.mysticalagriculture.fluorite		氟石
mysticalagriculture	crop.mysticalagriculture.hepatizon		肝铜
mysticalagriculture	crop.mysticalagriculture.honey		蜂蜜
mysticalagriculture	crop.mysticalagriculture.hop_graphite		高定向热解石墨
mysticalagriculture	crop.mysticalagriculture.ironwood		铁木
mysticalagriculture	crop.mysticalagriculture.knightmetal		骑士金属
mysticalagriculture	crop.mysticalagriculture.limestone		石灰岩
mysticalagriculture	crop.mysticalagriculture.lumium		流明
mysticalagriculture	crop.mysticalagriculture.manasteel		魔钢
mysticalagriculture	crop.mysticalagriculture.manyullyn		玛玉灵
mysticalagriculture	crop.mysticalagriculture.marble		大理石
mysticalagriculture	crop.mysticalagriculture.menril		门瑞欧
mysticalagriculture	crop.mysticalagriculture.mystical_flower		神秘花
mysticalagriculture	crop.mysticalagriculture.netherite		下界合金
mysticalagriculture	crop.mysticalagriculture.niotic_crystal		钻石晶体
mysticalagriculture	crop.mysticalagriculture.osmium		锇
mysticalagriculture	crop.mysticalagriculture.pig_iron		生铁
mysticalagriculture	crop.mysticalagriculture.quartz_enriched_iron		富石英铁
mysticalagriculture	crop.mysticalagriculture.queens_slime		史莱姆女王
mysticalagriculture	crop.mysticalagriculture.refined_glowstone		强化萤石
mysticalagriculture	crop.mysticalagriculture.refined_obsidian		强化黑曜石
mysticalagriculture	crop.mysticalagriculture.rock_crystal		水晶石
mysticalagriculture	crop.mysticalagriculture.rose_gold		玫瑰金
mysticalagriculture	crop.mysticalagriculture.ruby		红宝石
mysticalagriculture	crop.mysticalagriculture.sapphire		蓝宝石
mysticalagriculture	crop.mysticalagriculture.signalum		信素
mysticalagriculture	crop.mysticalagriculture.sky_stone		陨石
mysticalagriculture	crop.mysticalagriculture.slimesteel		黏液钢
mysticalagriculture	crop.mysticalagriculture.spirited_crystal		富生晶体
mysticalagriculture	crop.mysticalagriculture.starmetal		星辉
mysticalagriculture	crop.mysticalagriculture.steeleaf		钢叶
mysticalagriculture	crop.mysticalagriculture.terrasteel		泰拉钢
mysticalagriculture	crop.mysticalagriculture.tinkers_bronze		匠魂青铜
mysticalagriculture	crop.mysticalagriculture.uraninite		晶质铀
mysticalagriculture	crop.mysticalagriculture.yellorium		黄铀
mysticalagriculture	item.mysticalagriculture.honey_agglomeratio		蜂蜜团块
mysticalagriculture	item.mysticalagriculture.imperium_bow		高级精华弓
mysticalagriculture	item.mysticalagriculture.imperium_crossbow		高级精华弩
mysticalagriculture	item.mysticalagriculture.inferium_bow		下级精华弓
mysticalagriculture	item.mysticalagriculture.inferium_crossbow		下级精华弩
mysticalagriculture	item.mysticalagriculture.mystical_flower_agglomeratio		神秘花团块
mysticalagriculture	item.mysticalagriculture.prudentium_bow		初级精华弓
mysticalagriculture	item.mysticalagriculture.prudentium_crossbow		初级精华弩
mysticalagriculture	item.mysticalagriculture.supremium_bow		终极精华弓
mysticalagriculture	item.mysticalagriculture.supremium_crossbow		终极精华弩
mysticalagriculture	item.mysticalagriculture.tertium_bow		中级精华弓
mysticalagriculture	item.mysticalagriculture.tertium_crossbow		中级精华弩
mysticalagriculture	jei.category.mysticalagriculture.crux		核心
mysticalagriculture	jei.category.mysticalagriculture.soul_extractor		灵魂提取
mysticalagriculture	mobSoulType.mysticalagriculture.slime		史莱姆
mysticalagriculture	mobSoulType.mysticalagriculture.spider		蜘蛛
mysticalagriculture	mobSoulType.mysticalagriculture.zombie		僵尸
mysticalagriculture	tooltip.mysticalagriculture.augment_id		增强件 ID: %s
mysticalagriculture	tooltip.mysticalagriculture.creative_attuned		创造调谐
mysticalagriculture	tooltip.mysticalagriculture.creative_soulium_dagger		从所有生物身上获取*无限*灵魂。
mysticalagriculture	tooltip.mysticalagriculture.hostile_attuned		敌对调谐
mysticalagriculture	tooltip.mysticalagriculture.hostile_soulium_dagger		从敌对生物身上获取额外灵魂。
mysticalagriculture	tooltip.mysticalagriculture.invalid_biome		无效生物群系
mysticalagriculture	tooltip.mysticalagriculture.passive_attuned		被动调谐
mysticalagriculture	tooltip.mysticalagriculture.required_biomes		所需生物群系：
mysticalagriculture	tooltip.mysticalagriculture.soul_jar		%s (%s/%s)
neoncraft2	_comment		粉色灯管
neoncraft2	itemGroup.neoncraft2		霓虹工艺 2
neruina	commands.neruina.cancel.not_logging_in		没有可取消的认证请求。
neruina	commands.neruina.clear		已清除 %s 条受追踪的刻条目。
neruina	commands.neruina.clear.none		没有可清除的受追踪刻条目。
neruina	commands.neruina.id		刻条目 ID：%s
neruina	commands.neruina.id.block.not_errored		方块 [%s] 位于 (%s)，未出错。
neruina	commands.neruina.id.entity.not_errored		%s 未出错。
neruina	commands.neruina.id.item_stack.not_errored		%s 手持的物品堆 [%s] 未出错。
neruina	commands.neruina.id.tooltip		点击复制到剪贴板。
neruina	commands.neruina.info.block_entity		方块 [%s] 位于 (%s)，已被挂起。
neruina	commands.neruina.info.entity		实体 [%s] 位于 (%s)，已被挂起。
neruina	commands.neruina.info.item_stack		物品堆 [%s] 已被挂起。
neruina	commands.neruina.info.not_found		无法获取指定刻条目的信息。它可能已被卸载、移除或清除。
neruina	commands.neruina.info.null_cause		%s 位于 (%s)，已被挂起，但无法找到。它可能已被卸载或移除。
neruina	commands.neruina.kill		已按请求清除实体 [%s]。
neruina	commands.neruina.kill.multiple		已按请求清除 %s 个出错实体。%s 个未出错。
neruina	commands.neruina.kill.multiple.plural_singular		已按请求清除 %s 个出错实体。1 个未出错。
neruina	commands.neruina.kill.multiple.singular_plural		已按请求清除 1 个出错实体。%s 个未出错。
neruina	commands.neruina.kill.multiple.singular_singular		已按请求清除 1 个出错实体。1 个未出错。
neruina	commands.neruina.kill.not_errored		目标实体 [%s] 未出错，请改用 /kill。
neruina	commands.neruina.kill.not_found		找不到目标实体。它可能已被卸载或移除。
neruina	commands.neruina.report.aborted		认证已取消。
neruina	commands.neruina.report.already_exists		该问题已上报过。
neruina	commands.neruina.report.authenticated		已通过 GitHub 认证。正在上报问题……
neruina	commands.neruina.report.failure		上报问题失败，详情请查看日志。
neruina	commands.neruina.report.in_progress		已有上报正在进行。
neruina	commands.neruina.report.not_found		无法创建报告，因为找不到关联的刻条目。它可能已被卸载、移除或清除。
neruina	commands.neruina.report.processing		正在通过 GitHub 认证。请查看浏览器，此操作将在 5 分钟后失效。
neruina	commands.neruina.report.reporting		正在上报问题……
neruina	commands.neruina.report.success		问题上报成功。
neruina	commands.neruina.report.success.tooltip		点击在 GitHub 上查看该问题。
neruina	commands.neruina.report.timeout		上报问题失败，请求超时。
neruina	commands.neruina.resume.block_entity		已按请求恢复方块实体 [%s]（位于 %s）的刻处理。
neruina	commands.neruina.resume.block_entity.not_errored		目标方块实体 [%s]（位于 %s）未出错。
neruina	commands.neruina.resume.block_entity.not_found		在 (%s) 找不到方块实体。
neruina	commands.neruina.resume.block_state		已按请求恢复方块 [%s]（位于 %s）的刻处理。
neruina	commands.neruina.resume.block_state.not_errored		目标方块 [%s]（位于 %s）未出错。
neruina	commands.neruina.resume.entity		已按请求恢复实体 [%s] 的刻处理。
neruina	commands.neruina.resume.entity.not_errored		目标实体 [%s] 未出错。
neruina	commands.neruina.resume.entity.not_found		找不到目标实体。它可能已被卸载或移除。
neruina	commands.neruina.resume.item_stack		已按请求恢复 %s 手持的物品堆 [%s] 的刻处理。
neruina	commands.neruina.resume.item_stack.not_errored		%s 手持的物品堆 [%s] 未出错。
neruina	commands.neruina.show_suspended.none		没有被挂起的刻条目。
neruina	neruina.cancel		取消
neruina	neruina.cancel.tooltip		取消认证请求。
neruina	neruina.clear		清除
neruina	neruina.clear.tooltip		清除所有受追踪的刻条目。这不会影响当前已被挂起的实体。
neruina	neruina.copy_crash		复制崩溃信息
neruina	neruina.copy_crash.tooltip		将捕获到的刻异常复制到剪贴板
neruina	neruina.info		这是什么？
neruina	neruina.info.tooltip		点击了解刻异常的详情以及 Neruina 的作用
neruina	neruina.kick.message		你因自身发生刻异常而被踢出。服务器日志中会包含更多信息。
neruina	neruina.kick.reason		\n\n为什么我被踢了？\n\n当普通实体发生刻异常时，Neruina 会清除它以避免服务器崩溃；但如果该实体恰好是玩家，则会改为将其踢出。若不踢出，服务器本会崩溃。
neruina	neruina.kill		清除实体
neruina	neruina.kill.tooltip		清除导致刻异常的实体
neruina	neruina.open_log		打开日志
neruina	neruina.open_log.tooltip		打开你的 latest.log 文件
neruina	neruina.open_report		打开报告
neruina	neruina.open_report.tooltip		打开为此刻异常创建的 GitHub 问题。
neruina	neruina.report		上报问题
neruina	neruina.report.tooltip		生成一条包含刻异常信息的 GitHub 问题，并提交到 Neruina 的问题追踪器以及所有选择接收报告的模组。
neruina	neruina.suspended.entity		该实体 [%s] 已被挂起，无法被攻击。
neruina	neruina.suspended.entity.untracked		找不到该实体的受追踪刻条目，它可能已被清除。
neruina	neruina.teleport		传送
neruina	neruina.teleport.block_entity.tooltip		传送到发生刻异常的方块实体所在位置
neruina	neruina.teleport.block_state.tooltip		传送到发生刻异常的方块所在位置
neruina	neruina.teleport.entity.tooltip		传送到发生刻异常的实体所在位置
neruina	neruina.teleport.unknown.tooltip		传送到发生刻异常的条目所在位置
neruina	neruina.ticking.block_entity		捕获到位于 (%s) 的方块实体 [%s] 发生刻异常。
neruina	neruina.ticking.block_state		捕获到来自随机刻的方块 [%s]（位于 %s）发生刻异常。
neruina	neruina.ticking.entity.killed		捕获到位于 (%s) 的实体 [%s] 发生刻异常。已将其清除。
neruina	neruina.ticking.entity.suspend_failed		无法挂起实体 [%s]，已改为清除。
neruina	neruina.ticking.entity.suspended		捕获到位于 (%s) 的实体 [%s] 发生刻异常。已将其挂起。
neruina	neruina.ticking.item_stack		捕获到槽位 [%s] 中的物品堆 [%s] 发生刻异常。
neruina	neruina.ticking.player		捕获到玩家刻异常，%s 已被踢出。
neruina	neruina.ticking_entries.count		有 %s 条被挂起的刻条目：
neruina	neruina.ticking_entries.count.single		有 1 条被挂起的刻条目：
neruina	neruina.ticking_entries.entry		<%s> 位于 (%s)
neruina	neruina.ticking_entries.entry.tooltip		点击查看该条目的更多信息。
neruina	neruina.toast.desc		Neruina 在你的客户端捕获到一次刻异常，详情请查看日志。
neruina	neruina.toast.title		刻异常
neruina	neruina.try_resume		尝试恢复
neruina	neruina.try_resume.block_entity.tooltip		允许该方块实体恢复刻处理。若再次崩溃将重新挂起。
neruina	neruina.try_resume.block_state.tooltip		允许该方块恢复刻处理。若再次崩溃将重新挂起。
neruina	neruina.try_resume.entity.tooltip		允许该实体恢复刻处理。若再次崩溃将重新挂起。
neruina	neruina.try_resume.item_stack.tooltip		允许手持的物品堆恢复刻处理。若再次崩溃将重新挂起。
observable	text.observable.profile_saved		分析数据已保存到 %s
observable	text.observable.sampler		使用采样器分析（会增加开销）
observable	text.observable.suggest		服务器似乎有点卡（%s tps）。%s 可查找卡顿来源。
observable	text.observable.suggest_action		建议使用 Observable
occultism	book.occultism.dictionary_of_spirits.crafting_rituals.craft_foliot_miner.magic_lamp.title		魔法灯
occultism	book.occultism.dictionary_of_spirits.familiar_rituals.overview.trading.title		为使魔装备物品
occultism	book.occultism.dictionary_of_spirits.familiar_rituals.return_to_rituals.name		返回仪式分类
occultism	book.occultism.dictionary_of_spirits.getting_started.books_of_binding.book_of_binding_bound_foliot_recipe.text		把绑定之书与魔灵全典一起合成，即可将要召唤的魔灵之名写进书中。全典不会被消耗掉。\n
occultism	book.occultism.dictionary_of_spirits.getting_started.books_of_binding.book_of_binding_foliot_recipe.text		合成一本绑定之书，用来召唤 [#](ad03fc)魔精[#]()。\n
occultism	book.occultism.dictionary_of_spirits.getting_started.books_of_binding.description		或者说，如何辨认你的魔灵
occultism	book.occultism.dictionary_of_spirits.getting_started.books_of_binding.intro.text		要召唤魔灵，仪式中必须使用 [#](ad03fc)绑定之书[#]()。\n每种（或每一阶）魔灵都有与之对应的书。\n要指定召唤哪一只魔灵，必须把它的名字写进 [#](ad03fc)绑定之书[#]()，由此得到 [#](ad03fc)已绑定之书[#]()，便可用于仪式。\n
occultism	book.occultism.dictionary_of_spirits.getting_started.books_of_binding.intro.title		绑定之书
occultism	book.occultism.dictionary_of_spirits.getting_started.books_of_binding.intro2.text		**注意：** *魔灵的名字只是好看而已*，意思是它与合成配方无关。只要绑定之书里写的魔灵种类正确，就可以使用。\n
occultism	book.occultism.dictionary_of_spirits.getting_started.books_of_binding.name		绑定之书
occultism	book.occultism.dictionary_of_spirits.getting_started.books_of_binding.purified_ink_recipe.text		要合成用于召唤魔灵的 [#](ad03fc)绑定之书[#]()，你需要净化墨水。把任意黑色染料丢进 [](item://occultism:spirit_fire) 即可将其净化。\n
occultism	book.occultism.dictionary_of_spirits.getting_started.books_of_calling.description		告诉你的魔灵该做什么
occultism	book.occultism.dictionary_of_spirits.getting_started.books_of_calling.intro.text		召唤之书可以用来指挥已召唤的魔灵，也能把它收起来以防灵髓衰减，或者更方便地搬运。\n\\\n\\\n只有需要精确指令的魔灵——比如要指定工作区域或存放点——才会附带召唤之书。\n
occultism	book.occultism.dictionary_of_spirits.getting_started.books_of_calling.intro.title		召唤之书
occultism	book.occultism.dictionary_of_spirits.getting_started.books_of_calling.name		召唤之书
occultism	book.occultism.dictionary_of_spirits.getting_started.books_of_calling.obtaining.text		如果被召唤的魔灵支持使用召唤之书，召唤仪式会在魔灵旁边自动掉落一本书。\n\\\n\\\n如果你**弄丢了书**，也有只产出书（不召唤魔灵）的合成配方。\n
occultism	book.occultism.dictionary_of_spirits.getting_started.books_of_calling.obtaining.title		如何获得召唤之书
occultism	book.occultism.dictionary_of_spirits.getting_started.books_of_calling.obtaining2.text		配方可以在本书中或经由 JEI 查到。\n\\\n\\\n手持合成出来的书 [#](ad03fc)潜行右击[#]() 魔灵，即可完成指派。\n
occultism	book.occultism.dictionary_of_spirits.getting_started.books_of_calling.storage.text		要收纳没有对应召唤之书的魔灵，可以使用 [灵魂宝石](entry://crafting_rituals/craft_soul_gem)。\n灵魂宝石的用途广泛得多，几乎所有生物都能装下，连动物和怪物都可以，但装不了玩家和 Boss。\n
occultism	book.occultism.dictionary_of_spirits.getting_started.books_of_calling.storage.title		收纳魔灵
occultism	book.occultism.dictionary_of_spirits.getting_started.books_of_calling.usage.text		- [#](ad03fc)右击[#]() 空气以打开配置界面\n- [#](ad03fc)潜行右击[#]() 方块以执行配置界面中选中的动作\n- [#](ad03fc)潜行右击[#]() 魔灵以捕获它（必须是同一种类）\n- [#](ad03fc)右击[#]() 装有已捕获魔灵的书，把它放出来\n
occultism	book.occultism.dictionary_of_spirits.getting_started.books_of_calling.usage.title		用法
occultism	book.occultism.dictionary_of_spirits.getting_started.brush.description		打扫干净！
occultism	book.occultism.dictionary_of_spirits.getting_started.brush.intro.text		画坏的粉笔清理起来很麻烦，手持粉笔擦 [#](ad03fc)右击[#]() 就能轻松把它从世界里清除。\n
occultism	book.occultism.dictionary_of_spirits.getting_started.brush.intro.title		下一步
occultism	book.occultism.dictionary_of_spirits.getting_started.brush.name		粉笔擦
occultism	book.occultism.dictionary_of_spirits.getting_started.candle.description		要有光！
occultism	book.occultism.dictionary_of_spirits.getting_started.candle.intro.text		蜡烛能为仪式提供稳定性，几乎是所有五芒星的重要组成部分。\n**蜡烛在附魔时还充当书架。**\n\\\n\\\nMinecraft 及其他模组的蜡烛可以代替神秘学的蜡烛使用。\n
occultism	book.occultism.dictionary_of_spirits.getting_started.candle.name		蜡烛
occultism	book.occultism.dictionary_of_spirits.getting_started.candle.tallow.text		蜡烛的关键原料。用 [](item://occultism:butcher_knife) 杀死猪、牛、羊这类大型动物，就能收获 [](item://occultism:tallow)。\n
occultism	book.occultism.dictionary_of_spirits.getting_started.chalks.afrit_essence.text		要取得 [#](ad03fc)火灵[#]() 的灵髓来制作 [](item://occultism:chalk_red)，你需要 [召唤并击杀一只未约束的火灵](entry://summoning_rituals/afrit_essence)。\n
occultism	book.occultism.dictionary_of_spirits.getting_started.chalks.description		更好的粉笔，更好的仪式！
occultism	book.occultism.dictionary_of_spirits.getting_started.chalks.impure_purple_chalk_recipe.text		你不必跑去 [#](ad03fc)末地[#]() 也能拿到末地石。可以召唤一只[被附身的末影螨](entry://possession_rituals/possess_endermite)，它有很大几率掉落末地石。\n
occultism	book.occultism.dictionary_of_spirits.getting_started.chalks.intro.text		更高级的仪式光靠基础 [白色粉笔](entry://occultism:dictionary_of_spirits/getting_started/ritual_prep_chalk) 是不够的，必须使用由更神秘的材料制成的粉笔。\n
occultism	book.occultism.dictionary_of_spirits.getting_started.chalks.intro.title		更多粉笔
occultism	book.occultism.dictionary_of_spirits.getting_started.chalks.name		更多粉笔
occultism	book.occultism.dictionary_of_spirits.getting_started.crafting_rituals.description		把魔灵注入物品，打造强力工具
occultism	book.occultism.dictionary_of_spirits.getting_started.crafting_rituals.intro.text		注入仪式的全部内容就是把魔灵结合（「注入」）进物品，以此打造强力物品。被注入的魔灵会为物品提供特殊功能。\n
occultism	book.occultism.dictionary_of_spirits.getting_started.intro.recipe.text		想拿到旧版本，只需在合成台里把这本书与 [](item://occultism:datura_seeds) 一起合成。（新版书不会被销毁。）\n
occultism	book.occultism.dictionary_of_spirits.pentacles.chalk_uses.golden_chalk.text		金色粉笔用于绘制束缚符文，可以把魔灵注入物品，或让它附身到一个活物身上。\n
occultism	book.occultism.dictionary_of_spirits.pentacles.chalk_uses.golden_chalk_uses.text		- [埃兹维斯灵体强迫](entry://occultism:dictionary_of_spirits/pentacles/craft_foliot)\n- [海德林诱惑术](entry://occultism:dictionary_of_spirits/pentacles/possess_foliot)\n- [斯特里格高等束缚](entry://occultism:dictionary_of_spirits/pentacles/craft_djinni)\n- [伊哈根奴役术](entry://occultism:dictionary_of_spirits/pentacles/possess_djinni)\n- [塞维拉永囚咒](entry://occultism:dictionary_of_spirits/pentacles/craft_afrit)\n- [修菲斯倒转之塔](entry://occultism:dictionary_of_spirits/pentacles/craft_marid)\n
occultism	book.occultism.dictionary_of_spirits.pentacles.chalk_uses.golden_chalk_uses.title		金色粉笔用途
occultism	book.occultism.dictionary_of_spirits.pentacles.chalk_uses.intro.text		粉笔用来绘制五芒星符文并界定五芒星的形状。不同种类的粉笔用途不同，后面几页会逐一说明。\n\\\n\\\n各种符文纯粹是装饰。\n
occultism	book.occultism.dictionary_of_spirits.pentacles.chalk_uses.intro.title		粉笔种类
occultism	book.occultism.dictionary_of_spirits.pentacles.chalk_uses.intro2.text		在同一方块上**反复**使用粉笔，可以切换成别的符文。\n\\\n\\\n用 [](item://occultism:brush) 是**清除**画错符文最省事的办法。\n
occultism	book.occultism.dictionary_of_spirits.pentacles.chalk_uses.name		粉笔种类
occultism	book.occultism.dictionary_of_spirits.pentacles.chalk_uses.purple_chalk.text		紫色粉笔通常用于召唤 [#](ad03fc)巨灵[#]() 或 [#](ad03fc)火灵[#]() 这类上位存在，也能减缓已召唤魔灵的灵髓衰减。\n
occultism	book.occultism.dictionary_of_spirits.pentacles.chalk_uses.purple_chalk_uses.text		- [欧菲克斯的呼唤](entry://occultism:dictionary_of_spirits/pentacles/summon_djinni)\n- [斯特里格高等束缚](entry://occultism:dictionary_of_spirits/pentacles/craft_djinni)\n- [伊哈根奴役术](entry://occultism:dictionary_of_spirits/pentacles/possess_djinni)\n- [阿巴拉斯召唤术](entry://occultism:dictionary_of_spirits/pentacles/summon_afrit)\n- [塞维拉永囚咒](entry://occultism:dictionary_of_spirits/pentacles/craft_afrit)\n- [阿巴拉斯开环召唤术](entry://occultism:dictionary_of_spirits/pentacles/summon_wild_afrit)\n- [奥索林的无约束呼唤](entry://occultism:dictionary_of_spirits/pentacles/summon_wild_greater_spirit)\n
occultism	book.occultism.dictionary_of_spirits.pentacles.chalk_uses.purple_chalk_uses.title		紫色粉笔用途
occultism	book.occultism.dictionary_of_spirits.pentacles.chalk_uses.red_chalk.text		红色粉笔用来召唤最强大、也最危险的存在，比如 [#](ad03fc)魔王[#]()。\n\\\n\\\n制作红色粉笔需要 [火灵灵髓](entry://occultism:dictionary_of_spirits/summoning_rituals/afrit_essence)。\n
occultism	book.occultism.dictionary_of_spirits.pentacles.chalk_uses.red_chalk_uses.text		- [阿巴拉斯召唤术](entry://occultism:dictionary_of_spirits/pentacles/summon_afrit)\n- [修菲斯倒转之塔](entry://occultism:dictionary_of_spirits/pentacles/craft_marid)\n
occultism	book.occultism.dictionary_of_spirits.pentacles.chalk_uses.red_chalk_uses.title		红色粉笔用途
occultism	book.occultism.dictionary_of_spirits.pentacles.chalk_uses.white_chalk.text		白色粉笔是最基础的仪式粉笔，绝大多数五芒星都少不了它。除了界定五芒星的形状之外，它没有任何特殊能力。\n
occultism	book.occultism.dictionary_of_spirits.pentacles.chalk_uses.white_chalk_uses.text		- [阿维亚之环](entry://occultism:dictionary_of_spirits/pentacles/summon_foliot)\n- [埃兹维斯灵体强迫](entry://occultism:dictionary_of_spirits/pentacles/craft_foliot)\n- [海德林诱惑术](entry://occultism:dictionary_of_spirits/pentacles/possess_foliot)\n- [欧菲克斯的呼唤](entry://occultism:dictionary_of_spirits/pentacles/summon_djinni)\n- [斯特里格高等束缚](entry://occultism:dictionary_of_spirits/pentacles/craft_djinni)\n- [伊哈根奴役术](entry://occultism:dictionary_of_spirits/pentacles/possess_djinni)\n- [阿巴拉斯召唤术](entry://occultism:dictionary_of_spirits/pentacles/summon_afrit)\n- [塞维拉永囚咒](entry://occultism:dictionary_of_spirits/pentacles/craft_afrit)\n- [阿巴拉斯开环召唤术](entry://occultism:dictionary_of_spirits/pentacles/summon_wild_afrit)\n
occultism	book.occultism.dictionary_of_spirits.pentacles.chalk_uses.white_chalk_uses.title		白色粉笔用途
occultism	book.occultism.dictionary_of_spirits.pentacles.chalk_uses.white_chalk_uses2.text		- [修菲斯倒转之塔](entry://occultism:dictionary_of_spirits/pentacles/craft_marid)\n- [奥索林的无约束呼唤](entry://occultism:dictionary_of_spirits/pentacles/summon_wild_greater_spirit)\n
occultism	book.occultism.dictionary_of_spirits.pentacles.chalk_uses.white_chalk_uses2.title		白色粉笔用途
occultism	book.occultism.dictionary_of_spirits.pentacles.paraphernalia.skeleton_skull.text		头颅能提升五芒星的召唤力，从而可以召唤更危险的魔灵。\n
occultism	book.occultism.dictionary_of_spirits.pentacles.pentacles_overview.bowl_text.text		[献祭之碗](item://occultism:sacrificial_bowl) 必须放在中央 [](item://occultism:golden_sacrificial_bowl) 水平 8 格范围内的**任意位置**。具体位置并不重要。\n\\\n\\\n接下来，把下一页列出的材料放进（普通的、非黄金的）献祭之碗里。\n
occultism	book.occultism.dictionary_of_spirits.pentacles.pentacles_overview.infusion_pentacles.text		注入五芒星可以把魔灵束缚进物品中。虽然这些魔灵在某些情况下会受灵髓衰减影响，但往往可以通过正确的五芒星布局、以及在物品中嵌入水晶和贵金属来支撑魔灵，从而避免衰减。\n
occultism	book.occultism.dictionary_of_spirits.pentacles.pentacles_overview.infusion_pentacles.title		注入五芒星
occultism	book.occultism.dictionary_of_spirits.pentacles.pentacles_overview.intro1.text		这里的 [#](ad03fc)五芒星[#]() 指的是任意形状的仪式图案，并不只是五角星。 \\\n\\\n五芒星用来从 [#](ad03fc)彼界[#]() 召唤并束缚魔灵。\n
occultism	book.occultism.dictionary_of_spirits.pentacles.pentacles_overview.intro1.title		关于五芒星
occultism	book.occultism.dictionary_of_spirits.pentacles.pentacles_overview.intro2.text		它既是召唤实体的装置，也是施术者号令之力的放大器，\n同时还是一道保护圈，防止来自圈内的攻击伤及施术者。\n
occultism	book.occultism.dictionary_of_spirits.pentacles.pentacles_overview.intro3.text		每个五芒星都由中央的黄金献祭之碗、周围各色符文，以及能以各种方式强化预期效果的神秘学道具组成。\n
occultism	book.occultism.dictionary_of_spirits.pentacles.pentacles_overview.intro4.text		所选符文与辅助道具的组合，加上它们精确的摆放位置，决定了五芒星的用途与效果。\n\\\n\\\n材料放在五芒星附近的 [#](ad03fc)献祭之碗[#]() 里。\n
occultism	book.occultism.dictionary_of_spirits.pentacles.pentacles_overview.name		关于五芒星
occultism	book.occultism.dictionary_of_spirits.pentacles.pentacles_overview.possession_pentacles.text		这类五芒星会强迫魔灵附身到一个活物身上；根据仪式情境的不同，施术者可以控制该活物的方方面面——从它的力量，到它死亡时的掉落物，某些情况下甚至能完全掌控。\n
occultism	book.occultism.dictionary_of_spirits.pentacles.pentacles_overview.possession_pentacles.title		附身五芒星
occultism	book.occultism.dictionary_of_spirits.pentacles.pentacles_overview.summoning_pentacles.text		这类五芒星的用途是把魔灵以其自选形态召唤到世界上。如此召唤出的魔灵灵髓衰减严重，只有非常强大的魔灵才能长时间停留。\n
occultism	book.occultism.dictionary_of_spirits.pentacles.pentacles_overview.summoning_pentacles.title		召唤五芒星
occultism	book.occultism.dictionary_of_spirits.pentacles.summon_wild_afrit.intro.text		**用途：**召唤一只未约束的 [#](ad03fc)火灵[#]()\n\\\n\\\n**阿巴拉斯开环召唤术**是 [#](ad03fc)阿巴拉斯召唤术[#]() 的简化版，不用红色粉笔也能召唤 [#](ad03fc)火灵[#]()。由于五芒星威力大幅削弱，它无法用来控制 [#](ad03fc)火灵[#]()，因此只能用来与之战斗并击杀 [#](ad03fc)火灵[#]()。\n
occultism	book.occultism.dictionary_of_spirits.pentacles.summon_wild_afrit.intro.title		阿巴拉斯开环召唤术
occultism	book.occultism.dictionary_of_spirits.pentacles.summon_wild_afrit.name		阿巴拉斯开环召唤术
occultism	book.occultism.dictionary_of_spirits.pentacles.summon_wild_afrit.uses.text		- [火灵灵髓](entry://summoning_rituals/afrit_essence)\n
occultism	book.occultism.dictionary_of_spirits.pentacles.summon_wild_afrit.uses.title		用途
occultism	book.occultism.dictionary_of_spirits.pentacles.summon_wild_greater_spirit.intro.text		**用途：**召唤一只未约束的 [#](ad03fc)上位魔灵[#]()\n\\\n\\\n**奥索林的无约束呼唤**以 [#](ad03fc)阿巴拉斯开环召唤术[#]() 为基础，却去掉了全部起稳定作用的道具。这个五芒星对施术者毫无保护，但对 [#](ad03fc)上位魔灵[#]() 而言是无法抗拒的召唤。\n
occultism	book.occultism.dictionary_of_spirits.pentacles.summon_wild_greater_spirit.intro.title		奥索林的无约束呼唤
occultism	book.occultism.dictionary_of_spirits.pentacles.summon_wild_greater_spirit.name		奥索林的无约束呼唤
occultism	book.occultism.dictionary_of_spirits.pentacles.summon_wild_greater_spirit.uses.text		- [凋灵骷髅头颅](entry://summoning_rituals/wither_skull)\n
occultism	book.occultism.dictionary_of_spirits.pentacles.summon_wild_greater_spirit.uses.title		用途
occultism	book.occultism.dictionary_of_spirits.storage.storage_controller.recipe.text		真正起存储作用的是这个方块，务必把它合成出来！\n只放上一步得到的 [](item://occultism:storage_controller_base) 是不行的。\n
occultism	book.occultism.dictionary_of_spirits.summoning_rituals.summon_wild_otherworld_bird.description.text		更多信息参见 [具翼使魔](entry://familiar_rituals/familiar_otherworld_bird)。\n
occultism	book.occultism.dictionary_of_spirits.summoning_rituals.summon_wild_otherworld_bird.entity.text		**提供**：一只可驯服的具翼\n
occultism	book.occultism.dictionary_of_spirits.summoning_rituals.summon_wild_otherworld_bird.name		召唤野生具翼
occultism	book.occultism.dictionary_of_spirits.summoning_rituals.summon_wild_parrot.description.text		在这个仪式中，一只 [#](ad03fc)魔精[#]() 会以**未驯服的野性魔灵**形态被召唤出来。\n\\\n\\\n宰杀一只 [#](ad03fc)鸡[#]() 并献上染料，是为了引诱魔精化作鹦鹉的模样。由于 [#](ad03fc)魔精[#]() 算不上最聪明的魔灵，它们有时会误解指令……\n
occultism	book.occultism.dictionary_of_spirits.summoning_rituals.summon_wild_parrot.description2.text		*也就是说，如果召唤出来的是一只 [#](ad03fc)鸡[#]()，那不是 bug，只是运气不好！*\n
occultism	book.occultism.dictionary_of_spirits.summoning_rituals.summon_wild_parrot.entity.text		**提供**：一只可驯服的鹦鹉\n
occultism	book.occultism.dictionary_of_spirits.summoning_rituals.summon_wild_parrot.name		召唤野生鹦鹉
occultism	book.occultism.dictionary_of_spirits.summoning_rituals.wither_skull.intro.text		除了深入下界堡垒探险，还有一条路能拿到这些头颅。传说中的 [#](ad03fc)狂猎[#]() 由化作凋灵骷髅模样的 [#](ad03fc)上位魔灵[#]() 组成。虽然召唤狂猎极其危险，但这是拿到凋灵骷髅头颅最快的方法。\n
occultism	book.occultism.dictionary_of_spirits.summoning_rituals.wither_skull.intro.title		凋灵骷髅头颅
occultism	book.occultism.dictionary_of_spirits.summoning_rituals.wither_skull.name		凋灵骷髅头颅
occultism	item.occultism.spawn_egg.familiar_parrot		鹦鹉使魔刷怪蛋
occultism	jei.occultism.crushing.tier		最低碎矿等级：%d
occultism	job.occultism.trade_otherstone_t1		异界石交易者
occultism	job.occultism.trade_otherworld_saplings_t1		异界树苗交易者
occultism	multiblock.occultism.summon_wild_afrit		阿巴拉斯开环召唤术
occultism	multiblock.occultism.summon_wild_greater_spirit		奥索林的无约束呼唤
openpartiesandclaims	gui.xaero.claims_claim_command_unknown_dimension		未知的区块维度！你必须指定维度，或以源玩家身份执行命令！
openpartiesandclaims	gui.xaero.claims_claim_command_unknown_pos		未知的区块位置！你必须指定位置，或以源玩家身份执行命令！
openpartiesandclaims	gui.xaero.claims_forceload_command_unknown_dimension		未知的区块维度！你必须指定维度，或以源玩家身份执行命令！
openpartiesandclaims	gui.xaero.claims_forceload_command_unknown_pos		未知的区块位置！你必须指定位置，或以源玩家身份执行命令！
openpartiesandclaims	gui.xaero_claims_area_action_interrupt_invalid_target		无效的目标玩家！
openpartiesandclaims	gui.xaero_claims_area_action_interrupt_success		已成功中断 %1$s 所有正在进行的整区域认领任务！
openpartiesandclaims	gui.xaero_claims_area_action_interrupt_too_many_targets		只允许一个目标玩家！
openpartiesandclaims	gui.xaero_claims_area_action_task_in_progress		你当前有一个整区域认领任务正在进行！请等待其完成。
openpartiesandclaims	gui.xaero_claims_area_claim_action_interrupted		区域认领操作进程已被中断！很可能是有人使用了“interrupt”命令。
openpartiesandclaims	gui.xaero_claims_claim_action_forbidden_by_addon		请求的认领操作被某个附属模组在（部分）区块上阻止了。
openpartiesandclaims	gui.xaero_claims_claim_action_forbidden_by_addon_reason		请求的认领操作被某个附属模组在（部分）区块上阻止了。原因：%1$s
openpartiesandclaims	gui.xaero_claims_claim_action_forbidden_by_addon_reasons		附属模组提供的原因：
openpartiesandclaims	gui.xaero_claims_claim_action_interruptingly_forbidden_by_addon		请求的认领操作被某个附属模组中断了。
openpartiesandclaims	gui.xaero_claims_claim_action_interruptingly_forbidden_by_addon_reason		请求的认领操作被某个附属模组中断了。原因：%1$s
openpartiesandclaims	gui.xaero_claims_claim_cant_touch_other_claims		根据服务器配置，不同所有者的领地不允许相互接触！
openpartiesandclaims	gui.xaero_claims_claim_command_area_end		已完成以 %5$s 身份、使用局部配置 %6$s 从 (%1$s, %2$s) 到 (%3$s, %4$s) 的区块认领。结果如下：
openpartiesandclaims	gui.xaero_claims_claim_command_area_interrupt_button		[中断]
openpartiesandclaims	gui.xaero_claims_claim_command_area_start		已开始以 %5$s 身份、使用局部配置 %6$s 从 (%1$s, %2$s) 到 (%3$s, %4$s) 的区块认领。这可能需要一段时间…… %7$s
openpartiesandclaims	gui.xaero_claims_claim_command_invalid_target		无效的目标玩家！
openpartiesandclaims	gui.xaero_claims_claim_command_too_many_targets		只允许一个目标玩家！
openpartiesandclaims	gui.xaero_claims_claim_dimension_not_reclaimable		根据无主地配置，你无法在此维度中认领！换一种认领模式或许可行。
openpartiesandclaims	gui.xaero_claims_claim_no_party_permission		你无权以你的团队身份进行认领！
openpartiesandclaims	gui.xaero_claims_claim_not_in_party		你不在任何团队中，却试图以团队身份行事！
openpartiesandclaims	gui.xaero_claims_claim_not_within_dimension		你无法认领其他维度的区块！需要管理员模式，或在命令后加上“anyway”关键词。
openpartiesandclaims	gui.xaero_claims_claim_unclaim_not_claimed		你无法取消认领一个未被认领的区块！
openpartiesandclaims	gui.xaero_claims_clear_complete		已成功删除 %1$s 拥有的所有领地！
openpartiesandclaims	gui.xaero_claims_clear_invalid_impersonated_player		你试图清除其领地的模拟玩家的游戏档案已不再缓存。请尝试关闭再重新开启模拟。
openpartiesandclaims	gui.xaero_claims_clear_invalid_player		无效的目标玩家！
openpartiesandclaims	gui.xaero_claims_clear_needs_confirmation_other		请在命令后再加上关键词“confirm”，以确认你希望删除 %1$s 拥有的所有领地，包括其拥有的 %2$s 团队所拥有的全部团队领地（%3$s）。
openpartiesandclaims	gui.xaero_claims_clear_needs_confirmation_other_no_party_owned		他们没有拥有任何团队领地
openpartiesandclaims	gui.xaero_claims_clear_needs_confirmation_self		请在命令后再加上关键词“confirm”，以确认你希望删除你（%1$s）拥有的所有领地，包括你拥有的 %2$s 团队所拥有的全部团队领地（%3$s）。
openpartiesandclaims	gui.xaero_claims_clear_needs_confirmation_self_no_party_owned		你没有拥有任何团队领地
openpartiesandclaims	gui.xaero_claims_clear_no_claims		输入的玩家没有拥有任何区块领地！
openpartiesandclaims	gui.xaero_claims_clear_no_claims_self		你没有拥有任何区块领地！
openpartiesandclaims	gui.xaero_claims_clear_not_admin_mode		你需要启用管理员模式，才能清除/删除另一位玩家（%1$s）的所有领地。
openpartiesandclaims	gui.xaero_claims_clear_start		已开始删除 %1$s 拥有的所有领地……
openpartiesandclaims	gui.xaero_claims_default_mode_enabled		已切换到默认认领模式！当你认领时，将自动确定你的实际认领模式（以玩家或以团队身份）。
openpartiesandclaims	gui.xaero_claims_forceload_command_area_end		已完成以 %5$s 身份从 (%1$s, %2$s) 到 (%3$s, %4$s) 的区块强制加载标记。结果如下：
openpartiesandclaims	gui.xaero_claims_forceload_command_area_start		已开始以 %5$s 身份从 (%1$s, %2$s) 到 (%3$s, %4$s) 的区块强制加载标记。这可能需要一段时间…… %6$s
openpartiesandclaims	gui.xaero_claims_forceload_command_invalid_target		无效的目标玩家！
openpartiesandclaims	gui.xaero_claims_forceload_command_too_many_targets		只允许一个目标玩家！
openpartiesandclaims	gui.xaero_claims_impersonate_disabled		你在领地方面已不再模拟任何人！
openpartiesandclaims	gui.xaero_claims_impersonate_enabled		你正在模拟 %1$s！你现在可以代表其进行认领/取消认领，并以通常授予他们的保护例外访问领地。
openpartiesandclaims	gui.xaero_claims_impersonate_too_many_players		你一次只能模拟恰好 1 名玩家！
openpartiesandclaims	gui.xaero_claims_impersonate_unknown_player		未知的目标玩家！
openpartiesandclaims	gui.xaero_claims_moderator_mode_disabled		领地审核模式关闭！
openpartiesandclaims	gui.xaero_claims_moderator_mode_enabled		领地审核模式开启！在团队领地上显示团队所有者名称，而非团队名称。
openpartiesandclaims	gui.xaero_claims_no_impersonation_permission		你已不再拥有模拟玩家的权限！
openpartiesandclaims	gui.xaero_claims_over_claim_limit		你只能进行取消认领，因为你已超出领地上限！
openpartiesandclaims	gui.xaero_claims_party_mode_disabled		团队认领模式关闭！你现在使用默认认领模式。
openpartiesandclaims	gui.xaero_claims_party_mode_enabled		团队认领模式开启！
openpartiesandclaims	gui.xaero_claims_player_mode_disabled		玩家认领模式关闭！你现在使用默认认领模式。
openpartiesandclaims	gui.xaero_claims_player_mode_enabled		玩家认领模式开启！你现在以玩家身份进行认领。
openpartiesandclaims	gui.xaero_claims_protection_interact_player		（%1$s）你或目标玩家中的一方不被允许与对方玩家交互！
openpartiesandclaims	gui.xaero_claims_protection_interact_player_any		你或目标玩家中的一方不被允许与对方玩家交互！
openpartiesandclaims	gui.xaero_claims_protection_projectile_hit_player		你的这个弹射物不被允许落在此区块（%1$s）中的玩家身上！
openpartiesandclaims	gui.xaero_claims_sub_not_a_player		保存当前局部配置需要一名玩家！若要在没有源玩家的情况下使用局部配置，你必须在认领命令本身中指定所用的服务器局部配置。
openpartiesandclaims	gui.xaero_claims_teleport_invalid_player		无效的目标玩家！
openpartiesandclaims	gui.xaero_claims_teleport_no_claims		输入的玩家没有拥有任何区块领地！试试团队所有者？
openpartiesandclaims	gui.xaero_claims_teleport_success		已成功传送到 %1$s 认领的区块！
openpartiesandclaims	gui.xaero_claims_teleport_vulnerable		你只能在创造模式或处于无敌状态时传送到领地。
openpartiesandclaims	gui.xaero_claims_transfer_accepted_expired		此领地转让请求已过期。请让另一位玩家重新发送。
openpartiesandclaims	gui.xaero_claims_transfer_accepted_invalid_player_id		输入的玩家 UUID 无效！
openpartiesandclaims	gui.xaero_claims_transfer_accepted_online_player_not_found		发起领地转让请求的玩家已不在线。
openpartiesandclaims	gui.xaero_claims_transfer_accepted_too_quickly		你尝试接受领地转让请求的速度太快了！请确认你点击的是正确的东西。
openpartiesandclaims	gui.xaero_claims_transfer_in_progress		领地转让仍在进行中！
openpartiesandclaims	gui.xaero_claims_transfer_invalid_impersonated_player		你试图转让其领地的模拟玩家的游戏档案已不再缓存。请尝试关闭再重新开启模拟。
openpartiesandclaims	gui.xaero_claims_transfer_invalid_player		无效的目标玩家！
openpartiesandclaims	gui.xaero_claims_transfer_needs_confirmation		请在命令后再加上关键词“confirm”，以确认你希望将你（%1$s）的所有领地转让给 %2$s。这包括复制你的所有玩家组并转让你的所有局部配置。除非你处于管理员模式，否则目标玩家也需要在其一端确认。
openpartiesandclaims	gui.xaero_claims_transfer_no_claims		没有可转让的领地！
openpartiesandclaims	gui.xaero_claims_transfer_online_player_not_found		目标玩家不在线。向离线玩家转让领地需要启用管理员模式以及模拟玩家的权限。
openpartiesandclaims	gui.xaero_claims_transfer_request_sent		正在请求将你（%1$s）的所有领地转让给 %2$s，包括玩家组和局部配置…… 退出服务器即可取消！
openpartiesandclaims	gui.xaero_claims_transfer_start_from		已开始将你（%1$s）的领地转让给 %2$s……
openpartiesandclaims	gui.xaero_claims_transfer_start_to		已开始将 %1$s 的领地转让给你（%2$s）……
openpartiesandclaims	gui.xaero_claims_transfer_success_from		你（%1$s）的领地已成功转让给 %2$s！
openpartiesandclaims	gui.xaero_claims_transfer_success_to		%1$s 的领地已成功转让给你（%2$s）！
openpartiesandclaims	gui.xaero_claims_transfer_target_claim_limit		目标玩家只能再认领 %1$s 个区块，但你试图转让 %2$s 个！如果你是在转让一个团队及其领地的过程中这么做，请先转让团队以获得领地上限加成。不过，如果你玩家配置中的个人加成领地比对方多，可能仍会导致问题。
openpartiesandclaims	gui.xaero_claims_transfer_target_claim_limit_accept		你只能再认领 %1$s 个区块，但你试图转让 %2$s 个！如果你是在转让一个团队及其领地的过程中这么做，请先转让团队以获得领地上限加成。不过，如果你玩家配置中的个人加成领地比对方少，可能仍会导致问题。
openpartiesandclaims	gui.xaero_claims_transfer_target_group_limit		目标玩家只能再拥有 %1$s 个玩家组，但你试图转让 %2$s 个！如果你玩家配置中的加成玩家组比对方多，可能会出问题。
openpartiesandclaims	gui.xaero_claims_transfer_target_group_limit_accept		你只能再拥有 %1$s 个玩家组，但你试图转让 %2$s 个！如果你玩家配置中的加成玩家组比对方少，可能会出问题。
openpartiesandclaims	gui.xaero_claims_transfer_target_group_space_limit		目标玩家只剩 %1$s 个玩家组空间可用，但你试图转让 %2$s 个！如果你玩家配置中的加成玩家组空间比对方多，可能会出问题。
openpartiesandclaims	gui.xaero_claims_transfer_target_group_space_limit_accept		你只剩 %1$s 个玩家组空间可用，但你试图转让 %2$s 个！如果你玩家配置中的加成玩家组空间比对方少，可能会出问题。
openpartiesandclaims	gui.xaero_claims_transfer_target_message		%1$s 想要将 %2$s 的所有领地转让给你（%3$s），包括玩家组和局部配置！
openpartiesandclaims	gui.xaero_claims_transfer_target_message_accept		[接受]
openpartiesandclaims	gui.xaero_claims_transfer_target_message_accept_tooltip		接受并开始领地转让
openpartiesandclaims	gui.xaero_claims_transfer_target_sub_limit		目标玩家只能再拥有 %1$s 个局部配置，但你试图转让 %2$s 个！他们必须先删除一些局部配置。
openpartiesandclaims	gui.xaero_claims_transfer_target_sub_limit_accept		你只能再拥有 %1$s 个局部配置，但你试图转让 %2$s 个！你必须先删除一些局部配置。
openpartiesandclaims	gui.xaero_claims_transfer_to_the_same		将领地转让给同一名玩家毫无意义。
openpartiesandclaims	gui.xaero_claims_unclaim_command_area_end		已完成以 %5$s 身份从 (%1$s, %2$s) 到 (%3$s, %4$s) 的区块取消认领。结果如下：
openpartiesandclaims	gui.xaero_claims_unclaim_command_area_start		已开始以 %5$s 身份从 (%1$s, %2$s) 到 (%3$s, %4$s) 的区块取消认领。这可能需要一段时间…… %6$s
openpartiesandclaims	gui.xaero_claims_unforceload_command_area_end		已完成以 %5$s 身份从 (%1$s, %2$s) 到 (%3$s, %4$s) 的区块强制加载取消标记。结果如下：
openpartiesandclaims	gui.xaero_claims_unforceload_command_area_start		已开始以 %5$s 身份从 (%1$s, %2$s) 到 (%3$s, %4$s) 的区块强制加载取消标记。这可能需要一段时间…… %6$s
openpartiesandclaims	gui.xaero_pac_blocked_for_going_over_claim_limit		对此领地的访问受限。领地所有者或你本人已超出领地上限。你每 %1$s 分钟只能使用一次完整的领地访问权或例外。
openpartiesandclaims	gui.xaero_pac_cancel		取消
openpartiesandclaims	gui.xaero_pac_claiming_as_default		默认（%1$s）
openpartiesandclaims	gui.xaero_pac_claiming_as_narration		选择认领模式
openpartiesandclaims	gui.xaero_pac_claiming_as_party		以团队身份认领
openpartiesandclaims	gui.xaero_pac_claiming_as_player		以玩家身份认领
openpartiesandclaims	gui.xaero_pac_claiming_as_server		以服务器身份认领
openpartiesandclaims	gui.xaero_pac_command_player_config_player_groups_error_edited_group_does_not_exist		你试图编辑一个 ID 不存在的组！
openpartiesandclaims	gui.xaero_pac_command_player_config_player_groups_error_group_already_exists		指定 ID 的组已存在！
openpartiesandclaims	gui.xaero_pac_command_player_config_player_groups_error_group_does_not_exist		指定 ID 的组不存在！
openpartiesandclaims	gui.xaero_pac_command_player_config_player_groups_error_group_id_too_long		指定的组 ID 过长！
openpartiesandclaims	gui.xaero_pac_command_player_config_player_groups_error_invalid_group_id		指定的组 ID 包含无效字符！
openpartiesandclaims	gui.xaero_pac_config_claim_count_over_limit		当配置所有者的领地数量超出上限时，你无法编辑此配置。
openpartiesandclaims	gui.xaero_pac_config_create_group		已成功创建 ID 为 %1$s 的新玩家组！
openpartiesandclaims	gui.xaero_pac_config_create_sub_id_dimension_already_exists		该维度的局部配置已存在！
openpartiesandclaims	gui.xaero_pac_config_create_sub_id_dimension_rules		局部配置 ID 必须是其将被使用的维度的 ID，例如 minecraft:the_nether。
openpartiesandclaims	gui.xaero_pac_config_delete_group		已成功删除 ID 为 %1$s 的玩家组！
openpartiesandclaims	gui.xaero_pac_config_delete_group_confirmation_fail		请确保命令末尾的“ confirm”输入正确。
openpartiesandclaims	gui.xaero_pac_config_delete_group_confirmation_request		请在命令末尾加上“ confirm”以确认删除。
openpartiesandclaims	gui.xaero_pac_config_deprecated_api_option		已弃用选项
openpartiesandclaims	gui.xaero_pac_config_exclude_group		已成功将 ID 为 %1$s 的玩家组从 ID 为 %2$s 的组中排除！
openpartiesandclaims	gui.xaero_pac_config_exclude_player		已成功将玩家 %1$s 从 ID 为 %2$s 的组中排除！
openpartiesandclaims	gui.xaero_pac_config_group_invalid_target		无效的目标玩家！
openpartiesandclaims	gui.xaero_pac_config_group_too_many_targets		只允许一个目标玩家！
openpartiesandclaims	gui.xaero_pac_config_include_group		已成功将 ID 为 %1$s 的玩家组纳入 ID 为 %2$s 的组中！
openpartiesandclaims	gui.xaero_pac_config_include_player		已成功将玩家 %1$s 纳入 ID 为 %2$s 的组中！
openpartiesandclaims	gui.xaero_pac_config_option_invalid_config		无效的玩家配置！出了点问题。请将此报告给 Xaero。
openpartiesandclaims	gui.xaero_pac_config_option_not_directly_configurable		此选项无法直接配置！有其它专门用于处理此数据的命令。
openpartiesandclaims	gui.xaero_pac_config_option_set_unsupported_action		此配置选项不支持所请求的操作！
openpartiesandclaims	gui.xaero_pac_config_transfer_in_progress		当前有一个领地转让正在进行。请等待其完成。
openpartiesandclaims	gui.xaero_pac_config_type_party_claims		团队领地配置
openpartiesandclaims	gui.xaero_pac_confirm		确认
openpartiesandclaims	gui.xaero_pac_default_party_name		%1$s 的团队
openpartiesandclaims	gui.xaero_pac_permission_claims_admin_mode		领地管理员模式
openpartiesandclaims	gui.xaero_pac_permission_claims_impersonation		玩家领地模拟
openpartiesandclaims	gui.xaero_pac_permission_claims_moderator_mode		领地审核模式
openpartiesandclaims	gui.xaero_pac_permission_claims_teleport		玩家领地传送
openpartiesandclaims	gui.xaero_pac_permission_comment_claims_admin_mode		玩家可以进入领地管理员模式。
openpartiesandclaims	gui.xaero_pac_permission_comment_claims_impersonation		玩家可以在领地方面模拟其他玩家。
openpartiesandclaims	gui.xaero_pac_permission_comment_claims_moderator_mode		玩家可以进入领地审核模式。
openpartiesandclaims	gui.xaero_pac_permission_comment_claims_teleport		玩家可以传送到任何玩家的领地。
openpartiesandclaims	gui.xaero_pac_permission_comment_max_player_groups		玩家可以在其配置中创建的玩家组数量上限。
openpartiesandclaims	gui.xaero_pac_permission_comment_parties_admin_mode		玩家可以进入团队管理员模式。
openpartiesandclaims	gui.xaero_pac_permission_comment_parties_impersonation		玩家可以在内置团队方面模拟其他玩家。
openpartiesandclaims	gui.xaero_pac_permission_comment_player_group_space		玩家配置中可用于玩家组的空间（以条目计）。
openpartiesandclaims	gui.xaero_pac_permission_max_player_groups		玩家组上限
openpartiesandclaims	gui.xaero_pac_permission_parties_admin_mode		团队管理员模式
openpartiesandclaims	gui.xaero_pac_permission_parties_impersonation		团队模拟
openpartiesandclaims	gui.xaero_pac_permission_player_group_space		玩家组空间
openpartiesandclaims	gui.xaero_pac_player_config_playerConfig.bonusPlayerGroupSpace		玩家组空间 +
openpartiesandclaims	gui.xaero_pac_player_config_playerConfig.bonusPlayerGroups		玩家组 +
openpartiesandclaims	gui.xaero_pac_player_config_playerConfig.claims.protection.exceptions.blocksByExplosions		允许爆炸破坏方块
openpartiesandclaims	gui.xaero_pac_player_config_playerConfig.claims.protection.exceptions.blocksByMobs		允许生物破坏方块
openpartiesandclaims	gui.xaero_pac_player_config_playerConfig.claims.protection.exceptions.blocksByOther		允许其它破坏方块
openpartiesandclaims	gui.xaero_pac_player_config_playerConfig.claims.protection.exceptions.blocksByPlayers		允许玩家破坏方块
openpartiesandclaims	gui.xaero_pac_player_config_playerConfig.claims.protection.exceptions.blocksRedirect		重定向方块保护
openpartiesandclaims	gui.xaero_pac_player_config_playerConfig.claims.protection.exceptions.buttonsByProjectiles		弹射物影响按钮
openpartiesandclaims	gui.xaero_pac_player_config_playerConfig.claims.protection.exceptions.chorusFruitTeleport		允许紫颂果传送
openpartiesandclaims	gui.xaero_pac_player_config_playerConfig.claims.protection.exceptions.cropTrample		允许踩踏作物
openpartiesandclaims	gui.xaero_pac_player_config_playerConfig.claims.protection.exceptions.entitiesByExplosions		允许爆炸影响实体
openpartiesandclaims	gui.xaero_pac_player_config_playerConfig.claims.protection.exceptions.entitiesByFire		允许火焰影响实体
openpartiesandclaims	gui.xaero_pac_player_config_playerConfig.claims.protection.exceptions.entitiesByMobs		允许生物影响实体
openpartiesandclaims	gui.xaero_pac_player_config_playerConfig.claims.protection.exceptions.entitiesByOther		允许其它影响实体
openpartiesandclaims	gui.xaero_pac_player_config_playerConfig.claims.protection.exceptions.entitiesByPlayers		允许玩家影响实体
openpartiesandclaims	gui.xaero_pac_player_config_playerConfig.claims.protection.exceptions.entitiesRedirect		重定向实体保护
openpartiesandclaims	gui.xaero_pac_player_config_playerConfig.claims.protection.exceptions.fireSpread		允许火焰蔓延
openpartiesandclaims	gui.xaero_pac_player_config_playerConfig.claims.protection.exceptions.frostWalking		允许冰霜行者
openpartiesandclaims	gui.xaero_pac_player_config_playerConfig.claims.protection.exceptions.fullAccess		完整区块访问权限
openpartiesandclaims	gui.xaero_pac_player_config_playerConfig.claims.protection.exceptions.groups.block.anyItemInteract		任意交互（%1$s）
openpartiesandclaims	gui.xaero_pac_player_config_playerConfig.claims.protection.exceptions.groups.block.break		破坏（%1$s）
openpartiesandclaims	gui.xaero_pac_player_config_playerConfig.claims.protection.exceptions.groups.block.handInteract		空手交互（%1$s）
openpartiesandclaims	gui.xaero_pac_player_config_playerConfig.claims.protection.exceptions.groups.block.interact		交互（%1$s）
openpartiesandclaims	gui.xaero_pac_player_config_playerConfig.claims.protection.exceptions.groups.entity.anyItemInteract		任意交互（%1$s）
openpartiesandclaims	gui.xaero_pac_player_config_playerConfig.claims.protection.exceptions.groups.entity.barrier		拦截（%1$s）
openpartiesandclaims	gui.xaero_pac_player_config_playerConfig.claims.protection.exceptions.groups.entity.blockAccess		方块访问（%1$s）
openpartiesandclaims	gui.xaero_pac_player_config_playerConfig.claims.protection.exceptions.groups.entity.blockBreakAccess		挖掘（%1$s）
openpartiesandclaims	gui.xaero_pac_player_config_playerConfig.claims.protection.exceptions.groups.entity.blockInteractAccess		方块交互（%1$s）
openpartiesandclaims	gui.xaero_pac_player_config_playerConfig.claims.protection.exceptions.groups.entity.break		杀死（%1$s）
openpartiesandclaims	gui.xaero_pac_player_config_playerConfig.claims.protection.exceptions.groups.entity.droppedItemAccess		物品拾取（%1$s）
openpartiesandclaims	gui.xaero_pac_player_config_playerConfig.claims.protection.exceptions.groups.entity.entityAccess		实体访问来源（%1$s）
openpartiesandclaims	gui.xaero_pac_player_config_playerConfig.claims.protection.exceptions.groups.entity.entityAttackAccess		攻击来源（%1$s）
openpartiesandclaims	gui.xaero_pac_player_config_playerConfig.claims.protection.exceptions.groups.entity.entityInteractAccess		实体交互来源（%1$s）
openpartiesandclaims	gui.xaero_pac_player_config_playerConfig.claims.protection.exceptions.groups.entity.handInteract		空手交互（%1$s）
openpartiesandclaims	gui.xaero_pac_player_config_playerConfig.claims.protection.exceptions.groups.entity.interact		交互（%1$s）
openpartiesandclaims	gui.xaero_pac_player_config_playerConfig.claims.protection.exceptions.groups.entity.playerAccess		玩家（%1$s）
openpartiesandclaims	gui.xaero_pac_player_config_playerConfig.claims.protection.exceptions.groups.entity.playerAttackAccess		攻击玩家（%1$s）
openpartiesandclaims	gui.xaero_pac_player_config_playerConfig.claims.protection.exceptions.groups.entity.playerInteractAccess		交互玩家（%1$s）
openpartiesandclaims	gui.xaero_pac_player_config_playerConfig.claims.protection.exceptions.groups.item.interact		使用（%1$s）
openpartiesandclaims	gui.xaero_pac_player_config_playerConfig.claims.protection.exceptions.itemPickupMobs		允许生物拾取物品
openpartiesandclaims	gui.xaero_pac_player_config_playerConfig.claims.protection.exceptions.itemPickupPlayers		允许玩家拾取物品
openpartiesandclaims	gui.xaero_pac_player_config_playerConfig.claims.protection.exceptions.itemPickupRedirect		重定向物品拾取保护
openpartiesandclaims	gui.xaero_pac_player_config_playerConfig.claims.protection.exceptions.itemTossMobs		允许生物投掷物品
openpartiesandclaims	gui.xaero_pac_player_config_playerConfig.claims.protection.exceptions.itemTossOther		允许其它投掷物品
openpartiesandclaims	gui.xaero_pac_player_config_playerConfig.claims.protection.exceptions.itemTossPlayers		允许玩家投掷物品
openpartiesandclaims	gui.xaero_pac_player_config_playerConfig.claims.protection.exceptions.itemTossRedirect		重定向投掷物品保护
openpartiesandclaims	gui.xaero_pac_player_config_playerConfig.claims.protection.exceptions.itemUse		允许物品使用
openpartiesandclaims	gui.xaero_pac_player_config_playerConfig.claims.protection.exceptions.mobLoot		允许生物战利品
openpartiesandclaims	gui.xaero_pac_player_config_playerConfig.claims.protection.exceptions.naturalSpawnFriendly		允许友好生物生成
openpartiesandclaims	gui.xaero_pac_player_config_playerConfig.claims.protection.exceptions.naturalSpawnHostile		允许敌对生物生成
openpartiesandclaims	gui.xaero_pac_player_config_playerConfig.claims.protection.exceptions.netherPortalsMobs		生物使用下界传送门
openpartiesandclaims	gui.xaero_pac_player_config_playerConfig.claims.protection.exceptions.netherPortalsOther		其它使用下界传送门
openpartiesandclaims	gui.xaero_pac_player_config_playerConfig.claims.protection.exceptions.netherPortalsPlayers		玩家使用下界传送门
openpartiesandclaims	gui.xaero_pac_player_config_playerConfig.claims.protection.exceptions.platesByMobs		生物影响压力板
openpartiesandclaims	gui.xaero_pac_player_config_playerConfig.claims.protection.exceptions.platesByOther		其它影响压力板
openpartiesandclaims	gui.xaero_pac_player_config_playerConfig.claims.protection.exceptions.platesByPlayers		玩家影响压力板
openpartiesandclaims	gui.xaero_pac_player_config_playerConfig.claims.protection.exceptions.playerLightning		允许玩家闪电
openpartiesandclaims	gui.xaero_pac_player_config_playerConfig.claims.protection.exceptions.playersByMobs		允许生物影响玩家
openpartiesandclaims	gui.xaero_pac_player_config_playerConfig.claims.protection.exceptions.playersByOther		允许其它影响玩家
openpartiesandclaims	gui.xaero_pac_player_config_playerConfig.claims.protection.exceptions.playersByPlayers		允许玩家影响玩家
openpartiesandclaims	gui.xaero_pac_player_config_playerConfig.claims.protection.exceptions.playersRedirect		重定向玩家保护
openpartiesandclaims	gui.xaero_pac_player_config_playerConfig.claims.protection.exceptions.projectileHitFriendlySpawn		弹射物友好生成保护
openpartiesandclaims	gui.xaero_pac_player_config_playerConfig.claims.protection.exceptions.projectileHitHostileSpawn		弹射物敌对生成保护
openpartiesandclaims	gui.xaero_pac_player_config_playerConfig.claims.protection.exceptions.raids		允许村庄袭击
openpartiesandclaims	gui.xaero_pac_player_config_playerConfig.claims.protection.exceptions.reclaimable		可重新认领对象
openpartiesandclaims	gui.xaero_pac_player_config_playerConfig.claims.protection.exceptions.spawnersFriendly		允许友好刷怪笼
openpartiesandclaims	gui.xaero_pac_player_config_playerConfig.claims.protection.exceptions.spawnersHostile		允许敌对刷怪笼
openpartiesandclaims	gui.xaero_pac_player_config_playerConfig.claims.protection.exceptions.targetsByProjectiles		弹射物影响标靶
openpartiesandclaims	gui.xaero_pac_player_config_playerConfig.claims.protection.exceptions.tripwireByMobs		生物影响绊线
openpartiesandclaims	gui.xaero_pac_player_config_playerConfig.claims.protection.exceptions.tripwireByOther		其它影响绊线
openpartiesandclaims	gui.xaero_pac_player_config_playerConfig.claims.protection.exceptions.tripwireByPlayers		玩家影响绊线
openpartiesandclaims	gui.xaero_pac_player_config_playerConfig.claims.protection.exceptions.xpPickup		允许玩家拾取经验
openpartiesandclaims	gui.xaero_pac_player_config_playerConfig.claims.wholePartyCanClaim		整个团队皆可认领
openpartiesandclaims	gui.xaero_pac_player_config_playerConfig.customPlayerGroups		自定义玩家组
openpartiesandclaims	gui.xaero_pac_player_config_playerConfig.playerGroups.allies		盟友
openpartiesandclaims	gui.xaero_pac_player_config_playerConfig.playerGroups.everyone		所有人
openpartiesandclaims	gui.xaero_pac_player_config_playerConfig.playerGroups.nobody		无人
openpartiesandclaims	gui.xaero_pac_player_config_playerConfig.playerGroups.party		团队
openpartiesandclaims	gui.xaero_pac_player_config_player_groups_error_group_already_included		指定的组已包含在该组中！
openpartiesandclaims	gui.xaero_pac_player_config_player_groups_error_group_count_limit		此配置中的玩家组数量已达上限！
openpartiesandclaims	gui.xaero_pac_player_config_player_groups_error_group_inclusion_not_found		你的操作指向了一个在该组中未找到的组包含项！
openpartiesandclaims	gui.xaero_pac_player_config_player_groups_error_group_space_limit		此配置中的玩家组空间已用完！
openpartiesandclaims	gui.xaero_pac_player_config_player_groups_error_invalid_player_name		指定的玩家名称无效！
openpartiesandclaims	gui.xaero_pac_player_config_player_groups_error_member_already_added		所添加的玩家已在该组中！
openpartiesandclaims	gui.xaero_pac_player_config_player_groups_error_member_not_found		你的操作指向了一名在该组中未找到的玩家！
openpartiesandclaims	gui.xaero_pac_player_config_player_groups_error_no_effect		所请求的操作已成功，但没有任何效果！
openpartiesandclaims	gui.xaero_pac_player_config_player_groups_error_unknown_player		服务器（尚）不认识指定的玩家！只有管理员（OP）才能这么做。
openpartiesandclaims	gui.xaero_pac_player_config_player_groups_no_permission		你无权在此配置中执行此操作！
openpartiesandclaims	gui.xaero_pac_player_config_player_groups_unknown_player		未知玩家
openpartiesandclaims	gui.xaero_pac_player_config_tooltip_playerConfig.bonusPlayerGroupSpace		默认
openpartiesandclaims	gui.xaero_pac_player_config_tooltip_playerConfig.bonusPlayerGroups		默认
openpartiesandclaims	gui.xaero_pac_player_config_tooltip_playerConfig.claims.protection.exceptions.blocksByExplosions		默认
openpartiesandclaims	gui.xaero_pac_player_config_tooltip_playerConfig.claims.protection.exceptions.blocksByMobs		默认
openpartiesandclaims	gui.xaero_pac_player_config_tooltip_playerConfig.claims.protection.exceptions.blocksByOther		默认
openpartiesandclaims	gui.xaero_pac_player_config_tooltip_playerConfig.claims.protection.exceptions.blocksByPlayers		默认
openpartiesandclaims	gui.xaero_pac_player_config_tooltip_playerConfig.claims.protection.exceptions.blocksRedirect		默认
openpartiesandclaims	gui.xaero_pac_player_config_tooltip_playerConfig.claims.protection.exceptions.buttonsByProjectiles		默认
openpartiesandclaims	gui.xaero_pac_player_config_tooltip_playerConfig.claims.protection.exceptions.chorusFruitTeleport		默认
openpartiesandclaims	gui.xaero_pac_player_config_tooltip_playerConfig.claims.protection.exceptions.cropTrample		默认
openpartiesandclaims	gui.xaero_pac_player_config_tooltip_playerConfig.claims.protection.exceptions.entitiesByExplosions		默认
openpartiesandclaims	gui.xaero_pac_player_config_tooltip_playerConfig.claims.protection.exceptions.entitiesByFire		默认
openpartiesandclaims	gui.xaero_pac_player_config_tooltip_playerConfig.claims.protection.exceptions.entitiesByMobs		默认
openpartiesandclaims	gui.xaero_pac_player_config_tooltip_playerConfig.claims.protection.exceptions.entitiesByOther		默认
openpartiesandclaims	gui.xaero_pac_player_config_tooltip_playerConfig.claims.protection.exceptions.entitiesByPlayers		默认
openpartiesandclaims	gui.xaero_pac_player_config_tooltip_playerConfig.claims.protection.exceptions.entitiesRedirect		默认
openpartiesandclaims	gui.xaero_pac_player_config_tooltip_playerConfig.claims.protection.exceptions.fireSpread		默认
openpartiesandclaims	gui.xaero_pac_player_config_tooltip_playerConfig.claims.protection.exceptions.frostWalking		默认
openpartiesandclaims	gui.xaero_pac_player_config_tooltip_playerConfig.claims.protection.exceptions.fullAccess		默认
openpartiesandclaims	gui.xaero_pac_player_config_tooltip_playerConfig.claims.protection.exceptions.groups.block.anyItemInteract		默认
openpartiesandclaims	gui.xaero_pac_player_config_tooltip_playerConfig.claims.protection.exceptions.groups.block.break		默认
openpartiesandclaims	gui.xaero_pac_player_config_tooltip_playerConfig.claims.protection.exceptions.groups.block.handInteract		默认
openpartiesandclaims	gui.xaero_pac_player_config_tooltip_playerConfig.claims.protection.exceptions.groups.block.interact		默认
openpartiesandclaims	gui.xaero_pac_player_config_tooltip_playerConfig.claims.protection.exceptions.groups.entity.anyItemInteract		默认
openpartiesandclaims	gui.xaero_pac_player_config_tooltip_playerConfig.claims.protection.exceptions.groups.entity.barrier		默认
openpartiesandclaims	gui.xaero_pac_player_config_tooltip_playerConfig.claims.protection.exceptions.groups.entity.blockAccess		默认
openpartiesandclaims	gui.xaero_pac_player_config_tooltip_playerConfig.claims.protection.exceptions.groups.entity.blockBreakAccess		默认
openpartiesandclaims	gui.xaero_pac_player_config_tooltip_playerConfig.claims.protection.exceptions.groups.entity.blockInteractAccess		默认
openpartiesandclaims	gui.xaero_pac_player_config_tooltip_playerConfig.claims.protection.exceptions.groups.entity.break		默认
openpartiesandclaims	gui.xaero_pac_player_config_tooltip_playerConfig.claims.protection.exceptions.groups.entity.droppedItemAccess		默认
openpartiesandclaims	gui.xaero_pac_player_config_tooltip_playerConfig.claims.protection.exceptions.groups.entity.entityAccess		默认
openpartiesandclaims	gui.xaero_pac_player_config_tooltip_playerConfig.claims.protection.exceptions.groups.entity.entityAttackAccess		默认
openpartiesandclaims	gui.xaero_pac_player_config_tooltip_playerConfig.claims.protection.exceptions.groups.entity.entityInteractAccess		默认
openpartiesandclaims	gui.xaero_pac_player_config_tooltip_playerConfig.claims.protection.exceptions.groups.entity.handInteract		默认
openpartiesandclaims	gui.xaero_pac_player_config_tooltip_playerConfig.claims.protection.exceptions.groups.entity.interact		默认
openpartiesandclaims	gui.xaero_pac_player_config_tooltip_playerConfig.claims.protection.exceptions.groups.entity.playerAccess		默认
openpartiesandclaims	gui.xaero_pac_player_config_tooltip_playerConfig.claims.protection.exceptions.groups.entity.playerAttackAccess		默认
openpartiesandclaims	gui.xaero_pac_player_config_tooltip_playerConfig.claims.protection.exceptions.groups.entity.playerInteractAccess		默认
openpartiesandclaims	gui.xaero_pac_player_config_tooltip_playerConfig.claims.protection.exceptions.groups.item.interact		默认
openpartiesandclaims	gui.xaero_pac_player_config_tooltip_playerConfig.claims.protection.exceptions.itemPickupMobs		默认
openpartiesandclaims	gui.xaero_pac_player_config_tooltip_playerConfig.claims.protection.exceptions.itemPickupPlayers		默认
openpartiesandclaims	gui.xaero_pac_player_config_tooltip_playerConfig.claims.protection.exceptions.itemPickupRedirect		默认
openpartiesandclaims	gui.xaero_pac_player_config_tooltip_playerConfig.claims.protection.exceptions.itemTossMobs		默认
openpartiesandclaims	gui.xaero_pac_player_config_tooltip_playerConfig.claims.protection.exceptions.itemTossOther		默认
openpartiesandclaims	gui.xaero_pac_player_config_tooltip_playerConfig.claims.protection.exceptions.itemTossPlayers		默认
openpartiesandclaims	gui.xaero_pac_player_config_tooltip_playerConfig.claims.protection.exceptions.itemTossRedirect		默认
openpartiesandclaims	gui.xaero_pac_player_config_tooltip_playerConfig.claims.protection.exceptions.itemUse		默认
openpartiesandclaims	gui.xaero_pac_player_config_tooltip_playerConfig.claims.protection.exceptions.mobLoot		默认
openpartiesandclaims	gui.xaero_pac_player_config_tooltip_playerConfig.claims.protection.exceptions.naturalSpawnFriendly		默认
openpartiesandclaims	gui.xaero_pac_player_config_tooltip_playerConfig.claims.protection.exceptions.naturalSpawnHostile		默认
openpartiesandclaims	gui.xaero_pac_player_config_tooltip_playerConfig.claims.protection.exceptions.netherPortalsMobs		默认
openpartiesandclaims	gui.xaero_pac_player_config_tooltip_playerConfig.claims.protection.exceptions.netherPortalsOther		默认
openpartiesandclaims	gui.xaero_pac_player_config_tooltip_playerConfig.claims.protection.exceptions.netherPortalsPlayers		默认
openpartiesandclaims	gui.xaero_pac_player_config_tooltip_playerConfig.claims.protection.exceptions.platesByMobs		默认
openpartiesandclaims	gui.xaero_pac_player_config_tooltip_playerConfig.claims.protection.exceptions.platesByOther		默认
openpartiesandclaims	gui.xaero_pac_player_config_tooltip_playerConfig.claims.protection.exceptions.platesByPlayers		默认
openpartiesandclaims	gui.xaero_pac_player_config_tooltip_playerConfig.claims.protection.exceptions.playerLightning		默认
openpartiesandclaims	gui.xaero_pac_player_config_tooltip_playerConfig.claims.protection.exceptions.playersByMobs		默认
openpartiesandclaims	gui.xaero_pac_player_config_tooltip_playerConfig.claims.protection.exceptions.playersByOther		默认
openpartiesandclaims	gui.xaero_pac_player_config_tooltip_playerConfig.claims.protection.exceptions.playersByPlayers		默认
openpartiesandclaims	gui.xaero_pac_player_config_tooltip_playerConfig.claims.protection.exceptions.playersRedirect		默认
openpartiesandclaims	gui.xaero_pac_player_config_tooltip_playerConfig.claims.protection.exceptions.projectileHitFriendlySpawn		默认
openpartiesandclaims	gui.xaero_pac_player_config_tooltip_playerConfig.claims.protection.exceptions.projectileHitHostileSpawn		默认
openpartiesandclaims	gui.xaero_pac_player_config_tooltip_playerConfig.claims.protection.exceptions.raids		默认
openpartiesandclaims	gui.xaero_pac_player_config_tooltip_playerConfig.claims.protection.exceptions.reclaimable		默认
openpartiesandclaims	gui.xaero_pac_player_config_tooltip_playerConfig.claims.protection.exceptions.spawnersFriendly		默认
openpartiesandclaims	gui.xaero_pac_player_config_tooltip_playerConfig.claims.protection.exceptions.spawnersHostile		默认
openpartiesandclaims	gui.xaero_pac_player_config_tooltip_playerConfig.claims.protection.exceptions.targetsByProjectiles		默认
openpartiesandclaims	gui.xaero_pac_player_config_tooltip_playerConfig.claims.protection.exceptions.tripwireByMobs		默认
openpartiesandclaims	gui.xaero_pac_player_config_tooltip_playerConfig.claims.protection.exceptions.tripwireByOther		默认
openpartiesandclaims	gui.xaero_pac_player_config_tooltip_playerConfig.claims.protection.exceptions.tripwireByPlayers		默认
openpartiesandclaims	gui.xaero_pac_player_config_tooltip_playerConfig.claims.protection.exceptions.xpPickup		默认
openpartiesandclaims	gui.xaero_pac_player_config_tooltip_playerConfig.claims.wholePartyCanClaim		默认
openpartiesandclaims	gui.xaero_pac_player_config_tooltip_playerConfig.customPlayerGroups		默认
openpartiesandclaims	gui.xaero_pac_title_expired_claim		过期领地%1$s
openpartiesandclaims	gui.xaero_pac_title_player_claim		%1$s的领地%2$s
openpartiesandclaims	gui.xaero_pac_title_server_claim		服务器领地%1$s
openpartiesandclaims	gui.xaero_pac_title_wilderness		无主地
openpartiesandclaims	gui.xaero_pac_ui_party_claims_config		团队领地配置
openpartiesandclaims	gui.xaero_pac_ui_player_config_player_groups		玩家组
openpartiesandclaims	gui.xaero_pac_ui_player_config_player_groups_button_create_group		创建组
openpartiesandclaims	gui.xaero_pac_ui_player_config_player_groups_button_delete_group		删除组
openpartiesandclaims	gui.xaero_pac_ui_player_config_player_groups_button_delete_group_confirmation1		你确定要删除以下玩家组吗？
openpartiesandclaims	gui.xaero_pac_ui_player_config_player_groups_button_delete_group_confirmation2		%1$s（此操作无法撤销！）
openpartiesandclaims	gui.xaero_pac_ui_player_config_player_groups_button_exclude_group		排除组
openpartiesandclaims	gui.xaero_pac_ui_player_config_player_groups_button_exclude_player		排除玩家
openpartiesandclaims	gui.xaero_pac_ui_player_config_player_groups_button_include_group		包含组
openpartiesandclaims	gui.xaero_pac_ui_player_config_player_groups_button_include_player		包含玩家
openpartiesandclaims	gui.xaero_pac_ui_player_config_player_groups_choose_id		请为新组输入一个简短的 ID。
openpartiesandclaims	gui.xaero_pac_ui_player_config_player_groups_create_group_title		创建玩家组
openpartiesandclaims	gui.xaero_pac_ui_player_config_player_groups_error_group_not_found		所编辑的玩家组已不存在！
openpartiesandclaims	gui.xaero_pac_ui_player_config_player_groups_error_refreshing		已刷新界面以修复不同步……
openpartiesandclaims	gui.xaero_pac_ui_player_config_player_groups_fixing_desync		正在修复不同步……
openpartiesandclaims	gui.xaero_pac_ui_player_config_player_groups_group_id_allowed_chars1		允许的字符：
openpartiesandclaims	gui.xaero_pac_ui_player_config_player_groups_group_id_allowed_chars2		a-z、A-Z、0-9、- 或 _，无空格
openpartiesandclaims	gui.xaero_pac_ui_player_config_player_groups_group_id_duplicate		已被使用！
openpartiesandclaims	gui.xaero_pac_ui_player_config_player_groups_group_id_not_valid		无效字符！
openpartiesandclaims	gui.xaero_pac_ui_player_config_player_groups_id_edit_box		新组的 ID
openpartiesandclaims	gui.xaero_pac_ui_player_config_player_groups_include_group_all_included		你已经包含了所有其它组！
openpartiesandclaims	gui.xaero_pac_ui_player_config_player_groups_include_group_hint		选择要包含的组：
openpartiesandclaims	gui.xaero_pac_ui_player_config_player_groups_include_group_menu		组选择菜单
openpartiesandclaims	gui.xaero_pac_ui_player_config_player_groups_include_group_title		将组包含进组
openpartiesandclaims	gui.xaero_pac_ui_player_config_player_groups_include_player_all_included		所有当前在线的玩家都已包含！
openpartiesandclaims	gui.xaero_pac_ui_player_config_player_groups_include_player_hint		选择要包含的在线玩家：
openpartiesandclaims	gui.xaero_pac_ui_player_config_player_groups_include_player_manual		玩家名称
openpartiesandclaims	gui.xaero_pac_ui_player_config_player_groups_include_player_manual_hint		或输入玩家的用户名：
openpartiesandclaims	gui.xaero_pac_ui_player_config_player_groups_include_player_menu		玩家选择菜单
openpartiesandclaims	gui.xaero_pac_ui_player_config_player_groups_include_player_title		将玩家包含进组
openpartiesandclaims	gui.xaero_pac_ui_player_config_player_groups_included_groups_label		已包含的组：
openpartiesandclaims	gui.xaero_pac_ui_player_config_player_groups_included_players_label		已包含的玩家：
openpartiesandclaims	gui.xaero_pac_ui_player_config_player_groups_no_custom_groups		此配置尚无任何自定义玩家组。
openpartiesandclaims	gui.xaero_pac_ui_player_config_player_groups_please_select_group		请选择一个组以查看/编辑。
openpartiesandclaims	gui.xaero_pac_ui_player_config_player_groups_screen_title		自定义玩家组，属于：
openpartiesandclaims	gui.xaero_pac_ui_player_config_player_groups_select_a_group		从列表中选择一个组。
openpartiesandclaims	gui.xaero_pac_ui_player_config_player_groups_synchronizing		仍在同步……请稍等片刻。
openpartiesandclaims	gui.xaero_parties_admin_mode_disabled		团队管理员模式关闭！
openpartiesandclaims	gui.xaero_parties_admin_mode_enabled		团队管理员模式开启！你现在可以看到所有团队的聊天消息。
openpartiesandclaims	gui.xaero_parties_impersonate_disabled		在内置的 OPAC 团队命令方面，你已不再模拟任何人！
openpartiesandclaims	gui.xaero_parties_impersonate_enabled		在内置的 OPAC 团队命令方面，你正在模拟 %1$s！现在你可以用其所在的团队做任何他们能做的事，但无法使用他们的名字。
openpartiesandclaims	gui.xaero_parties_impersonate_invalid_player		无效的目标玩家！
openpartiesandclaims	gui.xaero_parties_impersonate_too_many_targets		只允许一个目标玩家！
otyacraftengine	_comment.con		配置
otyacraftengine	_comment.cop		组件
otyacraftengine	_comment.k		按键
otyacraftengine	_comment.la		最后
otyacraftengine	gui.narrate.containerTab		%s 容器选项卡
otyacraftengine	gui.narrate.fixedListWidget		%s 固定列表
otyacraftengine	gui.narrate.radioButton		%s 单选按钮
otyacraftengine	gui.narrate.switchButton		%s 开关按钮
otyacraftengine	gui.narrate.widget		%s 控件
otyacraftengine	key.categories.otyacraftengine		Otyacraft Engine
otyacraftengine	key.otyacraftengine.test		测试
otyacraftengine	narration.containerTab.usage.focused		按 Enter 展开或收起详情
otyacraftengine	narration.containerTab.usage.hovered		左键点击以展开或收起详情
otyacraftengine	narration.fixedListWidget.usage.focused		按 Enter 以选择
otyacraftengine	narration.fixedListWidget.usage.hovered		左键点击以选择
otyacraftengine	narration.radioButton.usage.focused		按 Enter 以选择
otyacraftengine	narration.radioButton.usage.hovered		左键点击以选择
otyacraftengine	narration.switchButton.usage.focused		按 Enter 以切换
otyacraftengine	narration.switchButton.usage.hovered		左键点击以切换
otyacraftengine	text.autoconfig.otyacraftengine.category.debug		调试
otyacraftengine	text.autoconfig.otyacraftengine.category.default		默认
otyacraftengine	text.autoconfig.otyacraftengine.option.highlightVoxelShape		高亮 VoxelShape
otyacraftengine	text.autoconfig.otyacraftengine.option.ikisugiVoxelShape		Ikisugi VoxelShape
otyacraftengine	text.autoconfig.otyacraftengine.option.maxURLTextureLoadThreadCount		URL 纹理加载线程最大数量
otyacraftengine	text.autoconfig.otyacraftengine.option.showModNameTooltip		显示模组名提示
otyacraftengine	text.autoconfig.otyacraftengine.option.showTagTooltip		显示标签提示
otyacraftengine	text.autoconfig.otyacraftengine.option.showWidgetData		显示控件数据
otyacraftengine	text.autoconfig.otyacraftengine.option.testMode		测试模式
otyacraftengine	text.autoconfig.otyacraftengine.title		Otyacraft Engine 配置
parcool	death.attack.parcool.wall_slide		%1$s 受不了摩擦生热造成的灼伤。
parcool	parcool.action.ChargeJump		蓄力跳
parcool	parcool.action.FastSwim		快速游泳
parcool	parcool.command.message.success.deleteLimitation		删除限制：%d
parcool	parcool.message.disabled		ParCool：已禁用
parcool	parcool.message.enabled		ParCool：已启用
parcool	parcool.sound.breakfall.just.subtitle		玩家稳稳落地
parcool	parcool.sound.breakfall.roll.subtitle		玩家翻滚
parcool	parcool.sound.breakfall.tap.subtitle		玩家落地
parcool	parcool.sound.catleap.subtitle		玩家迅速起跳
parcool	parcool.sound.charge_jump.subtitle		玩家强力起跳
parcool	parcool.sound.cling_to_cliff.grab.subtitle		玩家抓住岩壁
parcool	parcool.sound.cling_to_cliff.jump.subtitle		玩家攀上岩壁
parcool	parcool.sound.disable_parcool.subtitle		ParCool 已禁用
parcool	parcool.sound.dodge.subtitle		玩家闪避
parcool	parcool.sound.enable_parcool.subtitle		ParCool 已启用
parcool	parcool.sound.h_wall_run.subtitle		玩家沿墙奔跑
parcool	parcool.sound.hang_down.grab.subtitle		玩家悬挂
parcool	parcool.sound.hang_down.jump.subtitle		玩家起跳
parcool	parcool.sound.slide.subtitle		玩家滑行
parcool	parcool.sound.v_wall_run.subtitle		玩家攀墙
parcool	parcool.sound.vault.subtitle		玩家翻越
parcool	parcool.sound.wall_jump.subtitle		玩家蹬墙
paucal	command.paucal.contributor		%s 是贡献者！赞助等级：%s。是开发者：%s。很酷：%s。共 %s 条记录。
paucal	command.paucal.contributor.not_contributor		%s 不是贡献者
paucal	command.paucal.patSelf.bad_count		本应只匹配到 1 名玩家，实际却得到了 %s 名
paucal	command.paucal.patSelf.disabled		摸头已在配置中禁用。
paucal	command.paucal.reload		正在重载贡献者……
paucal	command.paucal.reload.disabled		贡献者已在配置中禁用。
paucal	message.paucal.patron		嘿，%s！感谢你在 §6Patreon§r 上支持我，帮我做出更多优秀的 Minecraft 模组。 :] ——petrak@
paucal	paucal.subtitles.pet.bwop		机器人发出哔噗声
paucal	paucal.subtitles.pet.device		装置发出哔声
paucal	paucal.subtitles.pet.neko		猫咪呼噜
paucal	paucal.subtitles.pet.slime		史莱姆吧唧作响
paucal	paucal.subtitles.pet.splat		啪嗒
paucal	paucal.subtitles.pet.tick		装置滴答
paucal	paucal.subtitles.pet.ultrainstinct		Maddy 是个梗王
paucal	paucal.subtitles.pet.wire		电线发出嗡嗡声
paucal	stat.paucal.headpats_gotten		被摸头次数
paucal	stat.paucal.players_patted		摸头次数
pehkui	argument.entity.options.pehkui.scale_nbt.description		带有缩放 NBT 的实体
pehkui	argument.entity.options.pehkui.scale_range.description		具有缩放数值的实体
pehkui	argument.entity.options.pehkui.scale_type.description		具有缩放类型的实体
pehkui	argument.pehkui.easing.invalid		未知的缓动 “%s”
pehkui	argument.pehkui.modifier.invalid		未知的缩放修正器 “%s”
pehkui	argument.pehkui.type.invalid		未知的缩放类型 “%s”
pehkui	commands.pehkui.debug.audit.end		Mixin 环境审计完成！
pehkui	commands.pehkui.debug.audit.end.client		Mixin 环境审计（客户端）完成！
pehkui	commands.pehkui.debug.audit.start		正在开始 Mixin 环境审计……
pehkui	commands.pehkui.debug.audit.start.client		正在开始 Mixin 环境审计（客户端）……
pehkui	commands.pehkui.debug.config.changed.value		配置项 “%s” 已从 “%s” 改为 “%s”
pehkui	commands.pehkui.debug.config.get.value		配置项 “%s” 当前为 “%s”
pehkui	commands.pehkui.debug.config.reset		已重置 %s 项配置为默认值
pehkui	commands.pehkui.debug.config.reset.value		配置项 “%s” 已从 “%s” 重置为默认值 “%s”
pehkui	commands.pehkui.debug.delete.uuid.invalid		无效的 UUID “%s”。
pehkui	commands.pehkui.debug.test.success		测试通过：%d/%d
pehkui	commands.pehkui.scale.delay.get.message		延迟：%s 刻
pehkui	commands.pehkui.scale.easing		缓动：%s
pehkui	commands.pehkui.scale.easing.default		缓动：默认（%s）
pehkui	commands.pehkui.scale.get.factor.message		缩放：%s |（%s）
pehkui	commands.pehkui.scale.get.fraction.factor.message		缩放：%s（1/%s）|（%s）
pehkui	commands.pehkui.scale.get.fraction.message		缩放：%s（1/%s）
pehkui	commands.pehkui.scale.get.message		缩放：%s
pehkui	commands.pehkui.scale.persist.default.false		持久保存：默认（否）
pehkui	commands.pehkui.scale.persist.default.true		持久保存：默认（是）
pehkui	commands.pehkui.scale.persist.false		持久保存：否
pehkui	commands.pehkui.scale.persist.true		持久保存：是
pehkui	pehkui.configgui.accurateNetherPortals		是否调整下界传送门的碰撞箱以匹配其选择框
pehkui	pehkui.configgui.enableCommands		是否启用 /scale 等命令
pehkui	pehkui.configgui.enableDebugCommands		是否启用内部调试命令
pehkui	pehkui.configgui.keepAllScalesOnRespawn		重生时是否不重置所有缩放
pehkui	pehkui.configgui.minimumCameraDepth		投影矩阵相机深度的最小值。原版默认为 0.05
pehkui	pehkui.configgui.scale_limits.attack.maximum		缩放类型 pehkui:attack 的最大值
pehkui	pehkui.configgui.scale_limits.attack.minimum		缩放类型 pehkui:attack 的最小值
pehkui	pehkui.configgui.scale_limits.attack_speed.maximum		缩放类型 pehkui:attack_speed 的最大值
pehkui	pehkui.configgui.scale_limits.attack_speed.minimum		缩放类型 pehkui:attack_speed 的最小值
pehkui	pehkui.configgui.scale_limits.base.maximum		缩放类型 pehkui:base 的最大值
pehkui	pehkui.configgui.scale_limits.base.minimum		缩放类型 pehkui:base 的最小值
pehkui	pehkui.configgui.scale_limits.block_reach.maximum		缩放类型 pehkui:block_reach 的最大值
pehkui	pehkui.configgui.scale_limits.block_reach.minimum		缩放类型 pehkui:block_reach 的最小值
pehkui	pehkui.configgui.scale_limits.defense.maximum		缩放类型 pehkui:defense 的最大值
pehkui	pehkui.configgui.scale_limits.defense.minimum		缩放类型 pehkui:defense 的最小值
pehkui	pehkui.configgui.scale_limits.drops.maximum		缩放类型 pehkui:drops 的最大值
pehkui	pehkui.configgui.scale_limits.drops.minimum		缩放类型 pehkui:drops 的最小值
pehkui	pehkui.configgui.scale_limits.entity_reach.maximum		缩放类型 pehkui:entity_reach 的最大值
pehkui	pehkui.configgui.scale_limits.entity_reach.minimum		缩放类型 pehkui:entity_reach 的最小值
pehkui	pehkui.configgui.scale_limits.explosions.maximum		缩放类型 pehkui:explosions 的最大值
pehkui	pehkui.configgui.scale_limits.explosions.minimum		缩放类型 pehkui:explosions 的最小值
pehkui	pehkui.configgui.scale_limits.eye_height.maximum		缩放类型 pehkui:eye_height 的最大值
pehkui	pehkui.configgui.scale_limits.eye_height.minimum		缩放类型 pehkui:eye_height 的最小值
pehkui	pehkui.configgui.scale_limits.falling.maximum		缩放类型 pehkui:falling 的最大值
pehkui	pehkui.configgui.scale_limits.falling.minimum		缩放类型 pehkui:falling 的最小值
pehkui	pehkui.configgui.scale_limits.flight.maximum		缩放类型 pehkui:flight 的最大值
pehkui	pehkui.configgui.scale_limits.flight.minimum		缩放类型 pehkui:flight 的最小值
pehkui	pehkui.configgui.scale_limits.health.maximum		缩放类型 pehkui:health 的最大值
pehkui	pehkui.configgui.scale_limits.health.minimum		缩放类型 pehkui:health 的最小值
pehkui	pehkui.configgui.scale_limits.height.maximum		缩放类型 pehkui:height 的最大值
pehkui	pehkui.configgui.scale_limits.height.minimum		缩放类型 pehkui:height 的最小值
pehkui	pehkui.configgui.scale_limits.held_item.maximum		缩放类型 pehkui:held_item 的最大值
pehkui	pehkui.configgui.scale_limits.held_item.minimum		缩放类型 pehkui:held_item 的最小值
pehkui	pehkui.configgui.scale_limits.hitbox_height.maximum		缩放类型 pehkui:hitbox_height 的最大值
pehkui	pehkui.configgui.scale_limits.hitbox_height.minimum		缩放类型 pehkui:hitbox_height 的最小值
pehkui	pehkui.configgui.scale_limits.hitbox_width.maximum		缩放类型 pehkui:hitbox_width 的最大值
pehkui	pehkui.configgui.scale_limits.hitbox_width.minimum		缩放类型 pehkui:hitbox_width 的最小值
pehkui	pehkui.configgui.scale_limits.interaction_box_height.maximum		缩放类型 pehkui:interaction_box_height 的最大值
pehkui	pehkui.configgui.scale_limits.interaction_box_height.minimum		缩放类型 pehkui:interaction_box_height 的最小值
pehkui	pehkui.configgui.scale_limits.interaction_box_width.maximum		缩放类型 pehkui:interaction_box_width 的最大值
pehkui	pehkui.configgui.scale_limits.interaction_box_width.minimum		缩放类型 pehkui:interaction_box_width 的最小值
pehkui	pehkui.configgui.scale_limits.jump_height.maximum		缩放类型 pehkui:jump_height 的最大值
pehkui	pehkui.configgui.scale_limits.jump_height.minimum		缩放类型 pehkui:jump_height 的最小值
pehkui	pehkui.configgui.scale_limits.knockback.maximum		缩放类型 pehkui:knockback 的最大值
pehkui	pehkui.configgui.scale_limits.knockback.minimum		缩放类型 pehkui:knockback 的最小值
pehkui	pehkui.configgui.scale_limits.mining_speed.maximum		缩放类型 pehkui:mining_speed 的最大值
pehkui	pehkui.configgui.scale_limits.mining_speed.minimum		缩放类型 pehkui:mining_speed 的最小值
pehkui	pehkui.configgui.scale_limits.model_height.maximum		缩放类型 pehkui:model_height 的最大值
pehkui	pehkui.configgui.scale_limits.model_height.minimum		缩放类型 pehkui:model_height 的最小值
pehkui	pehkui.configgui.scale_limits.model_width.maximum		缩放类型 pehkui:model_width 的最大值
pehkui	pehkui.configgui.scale_limits.model_width.minimum		缩放类型 pehkui:model_width 的最小值
pehkui	pehkui.configgui.scale_limits.motion.maximum		缩放类型 pehkui:motion 的最大值
pehkui	pehkui.configgui.scale_limits.motion.minimum		缩放类型 pehkui:motion 的最小值
pehkui	pehkui.configgui.scale_limits.projectiles.maximum		缩放类型 pehkui:projectiles 的最大值
pehkui	pehkui.configgui.scale_limits.projectiles.minimum		缩放类型 pehkui:projectiles 的最小值
pehkui	pehkui.configgui.scale_limits.reach.maximum		缩放类型 pehkui:reach 的最大值
pehkui	pehkui.configgui.scale_limits.reach.minimum		缩放类型 pehkui:reach 的最小值
pehkui	pehkui.configgui.scale_limits.step_height.maximum		缩放类型 pehkui:step_height 的最大值
pehkui	pehkui.configgui.scale_limits.step_height.minimum		缩放类型 pehkui:step_height 的最小值
pehkui	pehkui.configgui.scale_limits.third_person.maximum		缩放类型 pehkui:third_person 的最大值
pehkui	pehkui.configgui.scale_limits.third_person.minimum		缩放类型 pehkui:third_person 的最小值
pehkui	pehkui.configgui.scale_limits.view_bobbing.maximum		缩放类型 pehkui:view_bobbing 的最大值
pehkui	pehkui.configgui.scale_limits.view_bobbing.minimum		缩放类型 pehkui:view_bobbing 的最小值
pehkui	pehkui.configgui.scale_limits.visibility.maximum		缩放类型 pehkui:visibility 的最大值
pehkui	pehkui.configgui.scale_limits.visibility.minimum		缩放类型 pehkui:visibility 的最小值
pehkui	pehkui.configgui.scale_limits.width.maximum		缩放类型 pehkui:width 的最大值
pehkui	pehkui.configgui.scale_limits.width.minimum		缩放类型 pehkui:width 的最小值
pehkui	pehkui.configgui.scaledAttack		是否启用攻击伤害缩放
pehkui	pehkui.configgui.scaledDefense		是否启用防御缩放
pehkui	pehkui.configgui.scaledExplosions		是否启用爆炸缩放
pehkui	pehkui.configgui.scaledFallDamage		摔落伤害是否随移动缩放而变化
pehkui	pehkui.configgui.scaledHealth		是否启用生命值缩放
pehkui	pehkui.configgui.scaledItemDrops		是否启用掉落物缩放
pehkui	pehkui.configgui.scaledMotion		是否启用移动缩放
pehkui	pehkui.configgui.scaledProjectiles		是否启用投射物缩放
pehkui	pehkui.configgui.scaledReach		是否启用触及距离缩放
pehkui	pehkui.configgui.scalesKeptOnRespawn		重生时不会被重置的缩放类型 ID 列表
peripherals	block.peripherals.advanced_disk_raid		高级磁盘阵列
peripherals	block.peripherals.anvil_interface		铁砧接口
peripherals	block.peripherals.beehive_interface		蜂箱接口
peripherals	block.peripherals.disk_raid		磁盘阵列
peripherals	block.peripherals.enchanting_interface		附魔接口
peripherals	block.peripherals.grinder		研磨机
peripherals	block.peripherals.grindstone_interface		砂轮接口
peripherals	block.peripherals.induction_charger		感应充电器
peripherals	block.peripherals.loom_interface		织布机接口
peripherals	block.peripherals.magnetic_card_manipulator		磁卡操纵器
peripherals	block.peripherals.spawner_interface		刷怪笼接口
peripherals	block.peripherals.trading_interface		交易接口
peripherals	block.peripherals.xp_bottler		经验装瓶机
peripherals	block.peripherals.xp_collector		经验收集器
peripherals	gui.peripherals.advanceddiskraid.name		高级驱动器阵列
peripherals	gui.peripherals.diskraid.name		驱动器阵列
peripherals	gui.peripherals.grinder.name		研磨机
peripherals	gui.peripherals.magnetic_card_manipulator.name		磁卡操纵器
peripherals	item.peripherals.magnetic_card		磁卡
peripherals	item.peripherals.spawner_card		刷怪笼卡片
peripherals	itemGroup.peripherals		更多外设
peripherals	upgrade.minecraft.golden_axe.adjective		伐木
peripherals	upgrade.minecraft.golden_hoe.adjective		耕作
peripherals	upgrade.minecraft.golden_pickaxe.adjective		采矿
peripherals	upgrade.minecraft.golden_shovel.adjective		挖掘
peripherals	upgrade.minecraft.golden_sword.adjective		近战
peripherals	upgrade.minecraft.iron_axe.adjective		伐木
peripherals	upgrade.minecraft.iron_hoe.adjective		耕作
peripherals	upgrade.minecraft.iron_pickaxe.adjective		采矿
peripherals	upgrade.minecraft.iron_shovel.adjective		挖掘
peripherals	upgrade.minecraft.iron_sword.adjective		近战
peripherals	upgrade.minecraft.netherite_axe.adjective		伐木
peripherals	upgrade.minecraft.netherite_hoe.adjective		耕作
peripherals	upgrade.minecraft.netherite_pickaxe.adjective		采矿
peripherals	upgrade.minecraft.netherite_shovel.adjective		挖掘
peripherals	upgrade.minecraft.netherite_sword.adjective		近战
peripherals	upgrade.minecraft.stone_axe.adjective		伐木
peripherals	upgrade.minecraft.stone_hoe.adjective		耕作
peripherals	upgrade.minecraft.stone_pickaxe.adjective		采矿
peripherals	upgrade.minecraft.stone_shovel.adjective		挖掘
peripherals	upgrade.minecraft.stone_sword.adjective		近战
peripherals	upgrade.minecraft.wooden_axe.adjective		伐木
peripherals	upgrade.minecraft.wooden_hoe.adjective		耕作
peripherals	upgrade.minecraft.wooden_pickaxe.adjective		采矿
peripherals	upgrade.minecraft.wooden_shovel.adjective		挖掘
peripherals	upgrade.minecraft.wooden_sword.adjective		近战
ping	_comment		界面
ping	ping:key.categories.ping		Ping 值显示
pipez	itemGroup.pipez		管道
pneumaticcraft	itemGroup.pneumaticcraft		气动工艺：重压版
pneumaticcraft	pneumaticcraft.advancement.logistics_drone		聪明的小帮手
pneumaticcraft	pneumaticcraft.advancement.logistics_drone.desc		创建并部署一台物流无人机，在你的物流网络中运送物品。
pneumaticcraft	pneumaticcraft.advancement.pneumatic_wrench_charged		你让我转个不停
pneumaticcraft	pneumaticcraft.advancement.pneumatic_wrench_charged.desc		在充能站中为气动扳手充能至至少 3 巴。
pneumaticcraft	pneumaticcraft.gui.misc.locked		已锁定
powah	itemGroup.powah.tab		Powah 能量
psi	itemGroup.psi		Psi
psi	psi.cadstat.saved_vectors		已保存的向量
psi	psi.spellerror.nan		错误：非数值
psi	psi.spellpiece.selector_tick_time		选择器：刻时间
psi	psi.spellpiece.selector_tick_time.desc		返回焦点所在维度的刻时间平均值
psi	psi.spellpiece.selector_tps		选择器：TPS
psi	psi.spellpiece.selector_tps.desc		返回焦点所在维度每秒刻数的平均值
psi	psi.statlabel.is_last		是否最后一项
psi	psimisc.ctrl_for_stats		§7按住 §bCTRL§7 查看构件数据
psi	psimisc.spellmaynotfunctionasintended		哔啵！你似乎正在导入用旧版 Psi 创建的法术。如果该法术包含移动或序列技巧，则不保证能保持创建时的相同效果（与消耗）。
quarryplus	block.quarryplus.creative_generator		创造模式发电机
quarryplus	block.quarryplus.dummy_replacer		替换器虚拟方块
quarryplus	block.quarryplus.filler		填充机
quarryplus	block.quarryplus.remote_placer		远程放置器
quarryplus	block.quarryplus.waterlogged_flex_marker		含水柔性标记
quarryplus	block.quarryplus.waterlogged_marker		含水标记Plus
quarryplus	block.quarryplus.waterlogged_marker16		含水区块标记
quarryplus	item.quarryplus.filler_module		填充模块
quarryplus	item.quarryplus.quarry_pickaxe		QuarryPlus 镐
quarryplus	item.quarryplus.repeat_tick_module		加速工作模块
quarryplus	quarryplus.chat.bedrock_module_description		将其安装到机器上，即可清除基岩。
quarryplus	quarryplus.chat.give_exp		已给予 %s 点经验。
quarryplus	quarryplus.chat.warn_area		[QuarryPlus] 区域过小。
quarryplus	quarryplus.chat.warn_cd_limit		区域超出了配置中的上限值。
quarryplus	quarryplus.chat.warn_protected_area		区域中包含受保护的区块。采石场已停止。
quarryplus	quarryplus.tooltip.item_disable_message		已禁用。请在配置中启用它。
quarryplus	quarryplus.tooltip.repeat_tick_module		让机器工作得更快
quarryplus	text.autoconfig.quarryplus.option.common		通用
quarryplus	text.autoconfig.quarryplus.option.common.convertDeepslateOres		转换深层矿石
quarryplus	text.autoconfig.quarryplus.option.common.debug		调试
quarryplus	text.autoconfig.quarryplus.option.common.netherTop		下界顶层
quarryplus	text.autoconfig.quarryplus.option.common.noEnergy		无需能量
quarryplus	text.autoconfig.quarryplus.option.power		电力
quarryplus	text.autoconfig.quarryplus.option.power.fastTransferEnergyConversionCoefficient		FastTransferLib
quarryplus	text.autoconfig.quarryplus.option.power.rebornEnergyConversionCoefficient		RebornCore
quarryplus	text.autoconfig.quarryplus.title		QuarryPlus
railways	itemGroup.railways_compat		机械动力：蒸汽与铁轨（兼容轨道）
rechiseled	rechiseled		再雕凿
rechiseled	rechiseled.block.blue_ice_bordered		镶边蓝冰
rechiseled	rechiseled.block.blue_ice_bordered_connecting		镶边蓝冰
rechiseled	rechiseled.block.blue_ice_bricks		蓝冰砖
rechiseled	rechiseled.block.blue_ice_bricks_connecting		蓝冰砖
rechiseled	rechiseled.block.blue_ice_chiseled		錾制蓝冰
rechiseled	rechiseled.block.blue_ice_chiseled_connecting		錾制蓝冰
rechiseled	rechiseled.block.blue_ice_cone		蓝冰锥
rechiseled	rechiseled.block.blue_ice_cracked		裂纹蓝冰
rechiseled	rechiseled.block.blue_ice_patterned		花纹蓝冰
rechiseled	rechiseled.block.blue_ice_patterned_connecting		花纹蓝冰
rechiseled	rechiseled.block.blue_ice_pillar		蓝冰柱
rechiseled	rechiseled.block.blue_ice_pillar_connecting		蓝冰柱
rechiseled	rechiseled.block.blue_ice_rocky		粗粝蓝冰
rechiseled	rechiseled.block.blue_ice_slanted_tiles		斜纹蓝冰砖
rechiseled	rechiseled.block.blue_ice_slanted_tiles_connecting		斜纹蓝冰砖
rechiseled	rechiseled.block.blue_ice_tiles		蓝冰瓦
rechiseled	rechiseled.block.blue_ice_tiles_connecting		蓝冰瓦
rechiseled	rechiseled.block.bone_block_bordered		镶边骨块
rechiseled	rechiseled.block.bone_block_bordered_connecting		镶边骨块
rechiseled	rechiseled.block.bone_block_bundled		捆束骨块
rechiseled	rechiseled.block.bone_block_chiseled		錾制骨头块
rechiseled	rechiseled.block.bone_block_chiseled_connecting		錾制骨头块
rechiseled	rechiseled.block.bone_block_connecting_connecting		骨块
rechiseled	rechiseled.block.bone_block_cracked		裂纹骨头块
rechiseled	rechiseled.block.bone_block_decorated		雕饰骨块
rechiseled	rechiseled.block.bone_block_decorated_bordered		镶边雕饰骨块
rechiseled	rechiseled.block.bone_block_decorated_bordered_connecting		镶边雕饰骨块
rechiseled	rechiseled.block.bone_block_inverted_tiles		倒转骨块瓦
rechiseled	rechiseled.block.bone_block_inverted_tiles_connecting		倒转骨块瓦
rechiseled	rechiseled.block.bone_block_patterned		花纹骨块
rechiseled	rechiseled.block.bone_block_patterned_connecting		花纹骨块
rechiseled	rechiseled.block.bone_block_pillar		骨块柱
rechiseled	rechiseled.block.bone_block_pillar_connecting		骨块柱
rechiseled	rechiseled.block.bone_block_rib		肋纹骨块
rechiseled	rechiseled.block.bone_block_skull		头颅骨块
rechiseled	rechiseled.block.bone_block_smooth		平滑骨头块
rechiseled	rechiseled.block.cobbled_deepslate_pillar		深板岩圆石柱
rechiseled	rechiseled.block.cobbled_deepslate_pillar_connecting		深板岩圆石柱
rechiseled	rechiseled.block.cobblestone_chiseled_border		凿边圆石
rechiseled	rechiseled.block.cobblestone_chiseled_border_connecting		凿边圆石
rechiseled	rechiseled.block.cobblestone_large_squares		大格圆石
rechiseled	rechiseled.block.cobblestone_pillar		圆石柱
rechiseled	rechiseled.block.cobblestone_pillar_connecting		圆石柱
rechiseled	rechiseled.block.cobblestone_polished		磨制圆石
rechiseled	rechiseled.block.cobblestone_sheared		削平圆石
rechiseled	rechiseled.block.iron_block_bordered		镶边铁块
rechiseled	rechiseled.block.iron_block_bordered_connecting		镶边铁块
rechiseled	rechiseled.block.iron_block_chiseled		錾制铁块
rechiseled	rechiseled.block.iron_block_chiseled_connecting		錾制铁块
rechiseled	rechiseled.block.iron_block_connecting_connecting		铁块
rechiseled	rechiseled.block.iron_block_framed		镶框铁块
rechiseled	rechiseled.block.iron_block_framed_connecting		镶框铁块
rechiseled	rechiseled.block.iron_block_gears		齿轮铁块
rechiseled	rechiseled.block.iron_block_gears_connecting		齿轮铁块
rechiseled	rechiseled.block.iron_block_lines		线条铁块
rechiseled	rechiseled.block.iron_block_lines_connecting		线条铁块
rechiseled	rechiseled.block.iron_block_patterned		花纹铁块
rechiseled	rechiseled.block.iron_block_patterned_connecting		花纹铁块
rechiseled	rechiseled.block.iron_block_pipes		管道铁块
rechiseled	rechiseled.block.iron_block_pipes_connecting		管道铁块
rechiseled	rechiseled.block.iron_block_plated		镀板铁块
rechiseled	rechiseled.block.iron_block_polished		磨制铁块
rechiseled	rechiseled.block.iron_block_polished_connecting		磨制铁块
rechiseled	rechiseled.block.iron_block_processed		加工铁块
rechiseled	rechiseled.block.iron_block_processed_connecting		加工铁块
rechiseled	rechiseled.block.iron_block_pulverized		粉碎铁块
rechiseled	rechiseled.block.iron_block_reinforced		强化铁块
rechiseled	rechiseled.block.iron_block_sheets		铁皮块
rechiseled	rechiseled.block.iron_block_small_bricks		小铁块瓦
rechiseled	rechiseled.block.iron_block_small_bricks_connecting		小铁块瓦
rechiseled	rechiseled.block.iron_block_smooth		平滑铁块
rechiseled	rechiseled.block.lapis_block_bordered		镶边青金石块
rechiseled	rechiseled.block.lapis_block_bordered_connecting		镶边青金石块
rechiseled	rechiseled.block.lapis_block_chiseled		錾制青金石块
rechiseled	rechiseled.block.lapis_block_chiseled_connecting		錾制青金石块
rechiseled	rechiseled.block.lapis_block_cobbled		粗砺青金石块
rechiseled	rechiseled.block.lapis_block_connecting_connecting		青金石块
rechiseled	rechiseled.block.lapis_block_crushed		碎裂青金石块
rechiseled	rechiseled.block.lapis_block_decorated		雕饰青金石块
rechiseled	rechiseled.block.lapis_block_decorated_connecting		雕饰青金石块
rechiseled	rechiseled.block.lapis_block_glossy		光亮青金石块
rechiseled	rechiseled.block.lapis_block_glossy_connecting		光亮青金石块
rechiseled	rechiseled.block.lapis_block_inverted_tiles		倒转青金石块瓦
rechiseled	rechiseled.block.lapis_block_inverted_tiles_connecting		倒转青金石块瓦
rechiseled	rechiseled.block.lapis_block_mosaic		马赛克青金石块
rechiseled	rechiseled.block.lapis_block_mosaic_connecting		马赛克青金石块
rechiseled	rechiseled.block.lapis_block_pattern		花纹青金石块
rechiseled	rechiseled.block.lapis_block_pattern_connecting		花纹青金石块
rechiseled	rechiseled.block.lapis_block_pillar		青金石块柱
rechiseled	rechiseled.block.lapis_block_pillar_connecting		青金石块柱
rechiseled	rechiseled.block.lapis_block_polished		磨制青金石块
rechiseled	rechiseled.block.lapis_block_polished_connecting		磨制青金石块
rechiseled	rechiseled.block.lapis_block_scales		鳞纹青金石块
rechiseled	rechiseled.block.lapis_block_scales_connecting		鳞纹青金石块
rechiseled	rechiseled.block.lapis_block_small_tiles		小青金石块瓦
rechiseled	rechiseled.block.lapis_block_small_tiles_connecting		小青金石块瓦
rechiseled	rechiseled.block.lapis_block_smooth		平滑青金石块
rechiseled	rechiseled.block.lapis_block_stripes		条纹青金石块
rechiseled	rechiseled.block.lapis_block_stripes_connecting		条纹青金石块
rechiseled	rechiseled.block.lapis_block_swirling		漩涡纹青金石块
rechiseled	rechiseled.block.lapis_block_tiles		青金石块瓦
rechiseled	rechiseled.block.lapis_block_tiles_connecting		青金石块瓦
rechiseled	rechiseled.block.netherite_block_beams		横梁下界合金块
rechiseled	rechiseled.block.netherite_block_beams_connecting		横梁下界合金块
rechiseled	rechiseled.block.netherite_block_bricks		下界合金块砖
rechiseled	rechiseled.block.netherite_block_bricks_connecting		下界合金块砖
rechiseled	rechiseled.block.netherite_block_chiseled		錾制下界合金块
rechiseled	rechiseled.block.netherite_block_chiseled_connecting		錾制下界合金块
rechiseled	rechiseled.block.netherite_block_compacted		压实下界合金块
rechiseled	rechiseled.block.netherite_block_compacted_connecting		压实下界合金块
rechiseled	rechiseled.block.netherite_block_decorated		雕饰下界合金块
rechiseled	rechiseled.block.netherite_block_decorated_connecting		雕饰下界合金块
rechiseled	rechiseled.block.netherite_block_diagonal_tiles		对角线下界合金块瓦
rechiseled	rechiseled.block.netherite_block_diagonal_tiles_connecting		对角线下界合金块瓦
rechiseled	rechiseled.block.netherite_block_indented		凹刻下界合金块
rechiseled	rechiseled.block.netherite_block_indented_connecting		凹刻下界合金块
rechiseled	rechiseled.block.netherite_block_meteoric		陨铁下界合金块
rechiseled	rechiseled.block.netherite_block_patterned		花纹下界合金块
rechiseled	rechiseled.block.netherite_block_patterned_connecting		花纹下界合金块
rechiseled	rechiseled.block.netherite_block_pillar		下界合金块柱
rechiseled	rechiseled.block.netherite_block_pillar_connecting		下界合金块柱
rechiseled	rechiseled.block.netherite_block_small_tiles		小下界合金块瓦
rechiseled	rechiseled.block.netherite_block_small_tiles_connecting		小下界合金块瓦
rechiseled	rechiseled.block.netherite_block_smooth		平滑下界合金块
rechiseled	rechiseled.block.redstone_block_bordered		镶边红石块
rechiseled	rechiseled.block.redstone_block_bordered_connecting		镶边红石块
rechiseled	rechiseled.block.redstone_block_brick_bordered		砖砌镶边红石块
rechiseled	rechiseled.block.redstone_block_bricks		红石块砖
rechiseled	rechiseled.block.redstone_block_bricks_connecting		红石块砖
rechiseled	rechiseled.block.redstone_block_chiseled_clovers		凿刻三叶草红石块
rechiseled	rechiseled.block.redstone_block_chiseled_clovers_connecting		凿刻三叶草红石块
rechiseled	rechiseled.block.redstone_block_circles		圆环红石块
rechiseled	rechiseled.block.redstone_block_circles_connecting		圆环红石块
rechiseled	rechiseled.block.redstone_block_compressed		压缩红石块
rechiseled	rechiseled.block.redstone_block_compressed_connecting		压缩红石块
rechiseled	rechiseled.block.redstone_block_crushed		碎裂红石块
rechiseled	rechiseled.block.redstone_block_diagonal_tiles		对角线红石块瓦
rechiseled	rechiseled.block.redstone_block_diagonal_tiles_connecting		对角线红石块瓦
rechiseled	rechiseled.block.redstone_block_patterned		花纹红石块
rechiseled	rechiseled.block.redstone_block_patterned_connecting		花纹红石块
rechiseled	rechiseled.block.redstone_block_paving		铺装红石块
rechiseled	rechiseled.block.redstone_block_paving_connecting		铺装红石块
rechiseled	rechiseled.block.redstone_block_pillar		红石块柱
rechiseled	rechiseled.block.redstone_block_pillar_connecting		红石块柱
rechiseled	rechiseled.block.redstone_block_polished		磨制红石块
rechiseled	rechiseled.block.redstone_block_polished_connecting		磨制红石块
rechiseled	rechiseled.block.redstone_block_scales		鳞纹红石块
rechiseled	rechiseled.block.redstone_block_scales_connecting		鳞纹红石块
rechiseled	rechiseled.block.redstone_block_small_tiles		小红石块瓦
rechiseled	rechiseled.block.redstone_block_small_tiles_connecting		小红石块瓦
rechiseled	rechiseled.block.redstone_block_smooth		平滑红石块
rechiseled	rechiseled.block.stone_cobbled		粗砺石头
rechiseled	rechiseled.block.stone_slated		板岩石头
rechiseledcreate	block.rechiseledcreate.mechanical_chisel		机械錾具
rechiseledcreate	rechiseledcreate		重錾：机械动力联动
rechiseledcreate	rechiseledcreate.block.acacia_window_covered		绝缘金合欢木窗户
rechiseledcreate	rechiseledcreate.block.acacia_window_covered_connecting		绝缘金合欢木窗户
rechiseledcreate	rechiseledcreate.block.acacia_window_diagonal		对角线金合欢木窗户
rechiseledcreate	rechiseledcreate.block.acacia_window_diagonal_connecting		对角线金合欢木窗户
rechiseledcreate	rechiseledcreate.block.acacia_window_large		大金合欢木窗户
rechiseledcreate	rechiseledcreate.block.acacia_window_large_connecting		大金合欢木窗户
rechiseledcreate	rechiseledcreate.block.acacia_window_panes		金合欢窗格
rechiseledcreate	rechiseledcreate.block.acacia_window_panes_connecting		金合欢窗格
rechiseledcreate	rechiseledcreate.block.acacia_window_slim		纤细金合欢窗户
rechiseledcreate	rechiseledcreate.block.acacia_window_slim_connecting		纤细金合欢窗户
rechiseledcreate	rechiseledcreate.block.acacia_window_swirling		旋纹金合欢窗户
rechiseledcreate	rechiseledcreate.block.acacia_window_swirling_connecting		旋纹金合欢窗户
rechiseledcreate	rechiseledcreate.block.acacia_window_tiles		金合欢木窗户瓦
rechiseledcreate	rechiseledcreate.block.acacia_window_tiles_connecting		金合欢木窗户瓦
rechiseledcreate	rechiseledcreate.block.andesite_cut_polished_connecting		磨制切制安山岩
rechiseledcreate	rechiseledcreate.block.andesite_cut_small_brick_connecting		小安山岩砖
rechiseledcreate	rechiseledcreate.block.asurine_cut_polished_connecting		磨制切制皓蓝石
rechiseledcreate	rechiseledcreate.block.asurine_cut_small_brick_connecting		小皓蓝石砖
rechiseledcreate	rechiseledcreate.block.birch_window_bars		白桦木窗户栏杆
rechiseledcreate	rechiseledcreate.block.birch_window_bars_connecting		白桦木窗户栏杆
rechiseledcreate	rechiseledcreate.block.birch_window_diagonal		对角线白桦木窗户
rechiseledcreate	rechiseledcreate.block.birch_window_diagonal_connecting		对角线白桦木窗户
rechiseledcreate	rechiseledcreate.block.birch_window_large		大白桦木窗户
rechiseledcreate	rechiseledcreate.block.birch_window_large_connecting		大白桦木窗户
rechiseledcreate	rechiseledcreate.block.birch_window_panes		白桦窗格
rechiseledcreate	rechiseledcreate.block.birch_window_panes_connecting		白桦窗格
rechiseledcreate	rechiseledcreate.block.birch_window_slim		纤细白桦窗户
rechiseledcreate	rechiseledcreate.block.birch_window_slim_connecting		纤细白桦窗户
rechiseledcreate	rechiseledcreate.block.birch_window_swirling		旋纹白桦窗户
rechiseledcreate	rechiseledcreate.block.birch_window_swirling_connecting		旋纹白桦窗户
rechiseledcreate	rechiseledcreate.block.birch_window_tiles		白桦木窗户瓦
rechiseledcreate	rechiseledcreate.block.birch_window_tiles_connecting		白桦木窗户瓦
rechiseledcreate	rechiseledcreate.block.calcite_cut_polished_connecting		磨制切制方解石
rechiseledcreate	rechiseledcreate.block.calcite_cut_small_brick_connecting		小方解石砖
rechiseledcreate	rechiseledcreate.block.crimsite_cut_polished_connecting		磨制切制绯红岩
rechiseledcreate	rechiseledcreate.block.crimsite_cut_small_brick_connecting		小绯红岩砖
rechiseledcreate	rechiseledcreate.block.crimson_window_bars		绯红木窗户栏杆
rechiseledcreate	rechiseledcreate.block.crimson_window_bars_connecting		绯红木窗户栏杆
rechiseledcreate	rechiseledcreate.block.crimson_window_covered		绝缘绯红木窗户
rechiseledcreate	rechiseledcreate.block.crimson_window_covered_connecting		绝缘绯红木窗户
rechiseledcreate	rechiseledcreate.block.crimson_window_large		大绯红木窗户
rechiseledcreate	rechiseledcreate.block.crimson_window_large_connecting		大绯红木窗户
rechiseledcreate	rechiseledcreate.block.crimson_window_panes		绯红窗格
rechiseledcreate	rechiseledcreate.block.crimson_window_panes_connecting		绯红窗格
rechiseledcreate	rechiseledcreate.block.crimson_window_slim		纤细绯红窗户
rechiseledcreate	rechiseledcreate.block.crimson_window_slim_connecting		纤细绯红窗户
rechiseledcreate	rechiseledcreate.block.crimson_window_swirling		旋纹绯红窗户
rechiseledcreate	rechiseledcreate.block.crimson_window_swirling_connecting		旋纹绯红窗户
rechiseledcreate	rechiseledcreate.block.crimson_window_tiles		绯红木窗户瓦
rechiseledcreate	rechiseledcreate.block.crimson_window_tiles_connecting		绯红木窗户瓦
rechiseledcreate	rechiseledcreate.block.dark_oak_window_bars		深色橡木窗户栏杆
rechiseledcreate	rechiseledcreate.block.dark_oak_window_bars_connecting		深色橡木窗户栏杆
rechiseledcreate	rechiseledcreate.block.dark_oak_window_covered		绝缘深色橡木窗户
rechiseledcreate	rechiseledcreate.block.dark_oak_window_covered_connecting		绝缘深色橡木窗户
rechiseledcreate	rechiseledcreate.block.dark_oak_window_diagonal		对角线深色橡木窗户
rechiseledcreate	rechiseledcreate.block.dark_oak_window_diagonal_connecting		对角线深色橡木窗户
rechiseledcreate	rechiseledcreate.block.dark_oak_window_panes		深色橡木窗格
rechiseledcreate	rechiseledcreate.block.dark_oak_window_panes_connecting		深色橡木窗格
rechiseledcreate	rechiseledcreate.block.dark_oak_window_slim		纤细深色橡木窗户
rechiseledcreate	rechiseledcreate.block.dark_oak_window_slim_connecting		纤细深色橡木窗户
rechiseledcreate	rechiseledcreate.block.dark_oak_window_swirling		旋纹深色橡木窗户
rechiseledcreate	rechiseledcreate.block.dark_oak_window_swirling_connecting		旋纹深色橡木窗户
rechiseledcreate	rechiseledcreate.block.dark_oak_window_tiles		深色橡木窗户瓦
rechiseledcreate	rechiseledcreate.block.dark_oak_window_tiles_connecting		深色橡木窗户瓦
rechiseledcreate	rechiseledcreate.block.deepslate_cut_polished_connecting		磨制切制深板岩
rechiseledcreate	rechiseledcreate.block.deepslate_cut_small_brick_connecting		小深板岩砖
rechiseledcreate	rechiseledcreate.block.diorite_cut_polished_connecting		磨制切制闪长岩
rechiseledcreate	rechiseledcreate.block.diorite_cut_small_brick_connecting		小闪长岩砖
rechiseledcreate	rechiseledcreate.block.dripstone_cut_polished_connecting		磨制切制滴水石块
rechiseledcreate	rechiseledcreate.block.dripstone_cut_small_brick_connecting		滴水石小砖块
rechiseledcreate	rechiseledcreate.block.granite_cut_polished_connecting		磨制切制花岗岩
rechiseledcreate	rechiseledcreate.block.granite_cut_small_brick_connecting		小花岗岩砖
rechiseledcreate	rechiseledcreate.block.jungle_window_bars		丛林木窗户栏杆
rechiseledcreate	rechiseledcreate.block.jungle_window_bars_connecting		丛林木窗户栏杆
rechiseledcreate	rechiseledcreate.block.jungle_window_covered		绝缘丛林窗户
rechiseledcreate	rechiseledcreate.block.jungle_window_covered_connecting		绝缘丛林窗户
rechiseledcreate	rechiseledcreate.block.jungle_window_diagonal		对角线丛林窗户
rechiseledcreate	rechiseledcreate.block.jungle_window_diagonal_connecting		对角线丛林窗户
rechiseledcreate	rechiseledcreate.block.jungle_window_large		大丛林木窗户
rechiseledcreate	rechiseledcreate.block.jungle_window_large_connecting		大丛林木窗户
rechiseledcreate	rechiseledcreate.block.jungle_window_panes		丛林窗格
rechiseledcreate	rechiseledcreate.block.jungle_window_panes_connecting		丛林窗格
rechiseledcreate	rechiseledcreate.block.jungle_window_swirling		旋纹丛林窗户
rechiseledcreate	rechiseledcreate.block.jungle_window_swirling_connecting		旋纹丛林窗户
rechiseledcreate	rechiseledcreate.block.jungle_window_tiles		丛林木窗户瓦
rechiseledcreate	rechiseledcreate.block.jungle_window_tiles_connecting		丛林木窗户瓦
rechiseledcreate	rechiseledcreate.block.limestone_cut_polished_connecting		磨制切制石灰岩
rechiseledcreate	rechiseledcreate.block.limestone_cut_small_brick_connecting		小石灰岩砖
rechiseledcreate	rechiseledcreate.block.oak_window_bars		橡木窗户栏杆
rechiseledcreate	rechiseledcreate.block.oak_window_bars_connecting		橡木窗户栏杆
rechiseledcreate	rechiseledcreate.block.oak_window_covered		绝缘橡木窗户
rechiseledcreate	rechiseledcreate.block.oak_window_covered_connecting		绝缘橡木窗户
rechiseledcreate	rechiseledcreate.block.oak_window_diagonal		对角线橡木窗户
rechiseledcreate	rechiseledcreate.block.oak_window_diagonal_connecting		对角线橡木窗户
rechiseledcreate	rechiseledcreate.block.oak_window_large		大橡木窗户
rechiseledcreate	rechiseledcreate.block.oak_window_large_connecting		大橡木窗户
rechiseledcreate	rechiseledcreate.block.oak_window_slim		纤细橡木窗户
rechiseledcreate	rechiseledcreate.block.oak_window_slim_connecting		纤细橡木窗户
rechiseledcreate	rechiseledcreate.block.oak_window_swirling		旋纹橡木窗户
rechiseledcreate	rechiseledcreate.block.oak_window_swirling_connecting		旋纹橡木窗户
rechiseledcreate	rechiseledcreate.block.oak_window_tiles		橡木窗户瓦
rechiseledcreate	rechiseledcreate.block.oak_window_tiles_connecting		橡木窗户瓦
rechiseledcreate	rechiseledcreate.block.ochrum_cut_polished_connecting		磨制切制赭金砂
rechiseledcreate	rechiseledcreate.block.ochrum_cut_small_brick_connecting		小赭金砂砖
rechiseledcreate	rechiseledcreate.block.rose_quartz_bricks		玫瑰石英砖
rechiseledcreate	rechiseledcreate.block.rose_quartz_bricks_connecting		玫瑰石英砖
rechiseledcreate	rechiseledcreate.block.rose_quartz_chiseled		錾制玫瑰石英
rechiseledcreate	rechiseledcreate.block.rose_quartz_chiseled_connecting		錾制玫瑰石英
rechiseledcreate	rechiseledcreate.block.rose_quartz_crushed		粉碎玫瑰石英
rechiseledcreate	rechiseledcreate.block.rose_quartz_crushed_connecting		粉碎玫瑰石英
rechiseledcreate	rechiseledcreate.block.rose_quartz_polished_block		磨制玫瑰石英块
rechiseledcreate	rechiseledcreate.block.rose_quartz_polished_block_connecting		磨制玫瑰石英块
rechiseledcreate	rechiseledcreate.block.rose_quartz_squares		玫瑰石英方格
rechiseledcreate	rechiseledcreate.block.rose_quartz_squares_connecting		玫瑰石英方格
rechiseledcreate	rechiseledcreate.block.rose_quartz_tiles_connecting		玫瑰石英瓦
rechiseledcreate	rechiseledcreate.block.scorchia_cut_polished_connecting		磨制切制焦黑熔渣
rechiseledcreate	rechiseledcreate.block.scorchia_cut_small_brick_connecting		小焦黑熔渣砖
rechiseledcreate	rechiseledcreate.block.scoria_cut_polished_connecting		磨制切制熔渣
rechiseledcreate	rechiseledcreate.block.scoria_cut_small_brick_connecting		小熔渣砖
rechiseledcreate	rechiseledcreate.block.spruce_window_bars		云杉木窗户栏杆
rechiseledcreate	rechiseledcreate.block.spruce_window_bars_connecting		云杉木窗户栏杆
rechiseledcreate	rechiseledcreate.block.spruce_window_covered		绝缘云杉木窗户
rechiseledcreate	rechiseledcreate.block.spruce_window_covered_connecting		绝缘云杉木窗户
rechiseledcreate	rechiseledcreate.block.spruce_window_diagonal		对角线云杉木窗户
rechiseledcreate	rechiseledcreate.block.spruce_window_diagonal_connecting		对角线云杉木窗户
rechiseledcreate	rechiseledcreate.block.spruce_window_large		大云杉木窗户
rechiseledcreate	rechiseledcreate.block.spruce_window_large_connecting		大云杉木窗户
rechiseledcreate	rechiseledcreate.block.spruce_window_panes		云杉窗格
rechiseledcreate	rechiseledcreate.block.spruce_window_panes_connecting		云杉窗格
rechiseledcreate	rechiseledcreate.block.spruce_window_slim		纤细云杉窗户
rechiseledcreate	rechiseledcreate.block.spruce_window_slim_connecting		纤细云杉窗户
rechiseledcreate	rechiseledcreate.block.spruce_window_swirling		旋纹云杉窗户
rechiseledcreate	rechiseledcreate.block.spruce_window_swirling_connecting		旋纹云杉窗户
rechiseledcreate	rechiseledcreate.block.spruce_window_tiles		云杉木窗户瓦
rechiseledcreate	rechiseledcreate.block.spruce_window_tiles_connecting		云杉木窗户瓦
rechiseledcreate	rechiseledcreate.block.tuff_cut_polished_connecting		磨制切制凝灰岩
rechiseledcreate	rechiseledcreate.block.tuff_cut_small_brick_connecting		小凝灰岩砖
rechiseledcreate	rechiseledcreate.block.veridium_cut_polished_connecting		磨制切制辉绿岩
rechiseledcreate	rechiseledcreate.block.veridium_cut_small_brick_connecting		小辉绿岩砖
rechiseledcreate	rechiseledcreate.block.warped_window_bars		诡异木窗户栏杆
rechiseledcreate	rechiseledcreate.block.warped_window_bars_connecting		诡异木窗户栏杆
rechiseledcreate	rechiseledcreate.block.warped_window_covered		绝缘诡异木窗户
rechiseledcreate	rechiseledcreate.block.warped_window_covered_connecting		绝缘诡异木窗户
rechiseledcreate	rechiseledcreate.block.warped_window_diagonal		对角线诡异木窗户
rechiseledcreate	rechiseledcreate.block.warped_window_diagonal_connecting		对角线诡异木窗户
rechiseledcreate	rechiseledcreate.block.warped_window_large		大诡异木窗户
rechiseledcreate	rechiseledcreate.block.warped_window_large_connecting		大诡异木窗户
rechiseledcreate	rechiseledcreate.block.warped_window_panes		诡异窗格
rechiseledcreate	rechiseledcreate.block.warped_window_panes_connecting		诡异窗格
rechiseledcreate	rechiseledcreate.block.warped_window_slim		纤细诡异窗户
rechiseledcreate	rechiseledcreate.block.warped_window_slim_connecting		纤细诡异窗户
rechiseledcreate	rechiseledcreate.block.warped_window_tiles		诡异木窗户瓦
rechiseledcreate	rechiseledcreate.block.warped_window_tiles_connecting		诡异木窗户瓦
rechiseledcreate	rechiseledcreate.item_group		重錾：机械动力联动
reeses-sodium-options	rso.search_bar_empty		搜索选项……
refinedcooking	itemGroup.refinedcooking		精致烹饪
refinedstorage	itemGroup.refinedstorage		精致存储
regions_unexplored	itemGroup.regions_unexplored_building_blocks_tab		未探索的地区：建筑
regions_unexplored	itemGroup.regions_unexplored_decorations_tab		未探索的地区：自然
regions_unexplored	itemGroup.regions_unexplored_nether_tab		未探索的地区：下界
regions_unexplored	itemGroup.regions_unexplored_other_tab		未探索的地区：杂项
resourcify	resourcify.browse.by		作者：%s
resourcify	resourcify.browse.minecraft_version		Minecraft 版本
resourcify	resourcify.browse.minecraft_version.placeholder		选择版本
resourcify	resourcify.browse.search		搜索%s...
resourcify	resourcify.browse.sort.downloads		下载量
resourcify	resourcify.browse.sort.follows		关注数
resourcify	resourcify.browse.sort.newest		最新发布
resourcify	resourcify.browse.sort.relevance		相关度
resourcify	resourcify.browse.sort.updated		最近更新
resourcify	resourcify.categories.mod.adventure		冒险
resourcify	resourcify.categories.mod.categories		分类
resourcify	resourcify.categories.mod.cursed		整活
resourcify	resourcify.categories.mod.decoration		装饰
resourcify	resourcify.categories.mod.economy		经济
resourcify	resourcify.categories.mod.equipment		装备
resourcify	resourcify.categories.mod.food		食物
resourcify	resourcify.categories.mod.game-mechanics		游戏机制
resourcify	resourcify.categories.mod.library		库
resourcify	resourcify.categories.mod.magic		魔法
resourcify	resourcify.categories.mod.management		管理
resourcify	resourcify.categories.mod.minigame		小游戏
resourcify	resourcify.categories.mod.mobs		生物
resourcify	resourcify.categories.mod.optimization		优化
resourcify	resourcify.categories.mod.social		社交
resourcify	resourcify.categories.mod.storage		存储
resourcify	resourcify.categories.mod.technology		科技
resourcify	resourcify.categories.mod.transportation		交通运输
resourcify	resourcify.categories.mod.utility		实用
resourcify	resourcify.categories.mod.worldgen		世界生成
resourcify	resourcify.categories.resourcepack.128x		128x
resourcify	resourcify.categories.resourcepack.16x		16x
resourcify	resourcify.categories.resourcepack.256x		256x
resourcify	resourcify.categories.resourcepack.32x		32x
resourcify	resourcify.categories.resourcepack.48x		48x
resourcify	resourcify.categories.resourcepack.512x+		512x 或更高
resourcify	resourcify.categories.resourcepack.64x		64x
resourcify	resourcify.categories.resourcepack.8x-		8x 或更低
resourcify	resourcify.categories.resourcepack.audio		音效
resourcify	resourcify.categories.resourcepack.blocks		方块
resourcify	resourcify.categories.resourcepack.categories		分类
resourcify	resourcify.categories.resourcepack.combat		战斗
resourcify	resourcify.categories.resourcepack.core-shaders		核心着色器
resourcify	resourcify.categories.resourcepack.cursed		整活
resourcify	resourcify.categories.resourcepack.decoration		装饰
resourcify	resourcify.categories.resourcepack.entities		实体
resourcify	resourcify.categories.resourcepack.environment		环境
resourcify	resourcify.categories.resourcepack.equipment		装备
resourcify	resourcify.categories.resourcepack.features		特性
resourcify	resourcify.categories.resourcepack.fonts		字体
resourcify	resourcify.categories.resourcepack.gui		界面
resourcify	resourcify.categories.resourcepack.items		物品
resourcify	resourcify.categories.resourcepack.locale		本地化
resourcify	resourcify.categories.resourcepack.modded		模组向
resourcify	resourcify.categories.resourcepack.models		模型
resourcify	resourcify.categories.resourcepack.realistic		写实
resourcify	resourcify.categories.resourcepack.resolutions		分辨率
resourcify	resourcify.categories.resourcepack.simplistic		简约
resourcify	resourcify.categories.resourcepack.themed		主题
resourcify	resourcify.categories.resourcepack.tweaks		微调
resourcify	resourcify.categories.resourcepack.utility		实用
resourcify	resourcify.categories.resourcepack.vanilla-like		原版风格
resourcify	resourcify.categories.shader.atmosphere		大气
resourcify	resourcify.categories.shader.bloom		泛光
resourcify	resourcify.categories.shader.cartoon		卡通
resourcify	resourcify.categories.shader.categories		分类
resourcify	resourcify.categories.shader.colored-lighting		彩色光照
resourcify	resourcify.categories.shader.cursed		整活
resourcify	resourcify.categories.shader.fantasy		奇幻
resourcify	resourcify.categories.shader.features		特性
resourcify	resourcify.categories.shader.foliage		植被
resourcify	resourcify.categories.shader.high		高
resourcify	resourcify.categories.shader.low		低
resourcify	resourcify.categories.shader.medium		中
resourcify	resourcify.categories.shader.path-tracing		光线追踪
resourcify	resourcify.categories.shader.pbr		基于物理的渲染
resourcify	resourcify.categories.shader.performance_impact		性能影响
resourcify	resourcify.categories.shader.potato		土豆
resourcify	resourcify.categories.shader.realistic		写实
resourcify	resourcify.categories.shader.reflections		反射
resourcify	resourcify.categories.shader.screenshot		截图
resourcify	resourcify.categories.shader.semi-realistic		半写实
resourcify	resourcify.categories.shader.shadows		阴影
resourcify	resourcify.categories.shader.vanilla-like		原版风格
resourcify	resourcify.project.categories		分类：
resourcify	resourcify.project.description		简介
resourcify	resourcify.project.discord		Discord
resourcify	resourcify.project.external_resources		外部资源：
resourcify	resourcify.project.gallery		画廊
resourcify	resourcify.project.issues		问题反馈
resourcify	resourcify.project.members		项目成员：
resourcify	resourcify.project.modrinth		Modrinth
resourcify	resourcify.project.source		源代码
resourcify	resourcify.project.versions		版本
resourcify	resourcify.project.wiki		维基
resourcify	resourcify.screens.close		关闭
resourcify	resourcify.type.data_packs		数据包
resourcify	resourcify.type.resource_packs		资源包
resourcify	resourcify.type.shaders		着色器
resourcify	resourcify.updates.changelog		更新日志
resourcify	resourcify.updates.checking		正在检查更新...
resourcify	resourcify.updates.update		更新
resourcify	resourcify.updates.update_all		全部更新
resourcify	resourcify.updates.update_plural		个更新
resourcify	resourcify.updates.update_singular		个更新
resourcify	resourcify.updates.updates		更新
resourcify	resourcify.updates.updates_available		有 %d %s 可用！
resourcify	resourcify.updates.updating		正在更新...
resourcify	resourcify.updates.wait		请等待所有更新完成后再关闭此界面。
resourcify	resourcify.version.download_count		%,d 次下载
resourcify	resourcify.version.install		安装
resourcify	resourcify.version.install_version		安装 %s
resourcify	resourcify.version.installed		已安装
resourcify	resourcify.version.installing		正在安装...
resourcify	resourcify.version.published_on		发布于 %1$tb %1$te，%1$tY
resourcify	resourcify.version.type.alpha		阿尔法版
resourcify	resourcify.version.type.beta		贝塔版
resourcify	resourcify.version.type.release		正式版
resourcify	resourcify.version.type.snapshot		快照版
rftoolsbase	itemGroup.rftoolsbase		RFTools 基础
rftoolspower	itemGroup.rftoolspower		RFTools 能源
rftoolsstorage	itemGroup.rftoolsstorage		RFTools 存储
rftoolsutility	itemGroup.rftoolsutility		RFTools 实用
rottencreatures	itemGroup.rottencreatures.rottencreatures		腐烂生物
rsrequestify	itemGroup.rsrequestify		RS：请求合成
scannable	itemGroup.scannable.common		扫描仪
sebastrnlib	category.appliedcooking.description		这个模组可以让你直接在$(6)傻瓜烹饪$()厨房多方块结构中使用$(5)应用能源2$()网络物品栏里的物品！$(br2)它为游戏新增了一个方块。$(br2)如果你已经下载了这个模组，右侧就能看到对应的章节与条目。如果还没有，你可以在$(l:https://www.curseforge.com/minecraft/mc-mods/applied-cooking)这里$()下载。
sebastrnlib	category.appliedcooking.name		应用烹饪
sebastrnlib	category.meloncube.description		点击右侧的条目，了解更多关于一款超值 Minecraft 服务器托管服务的折扣信息！
sebastrnlib	category.meloncube.name		MelonCube 推广
sebastrnlib	category.refinedcooking.description		这个模组可以让你直接在$(6)傻瓜烹饪$()厨房多方块结构中使用$(1)精致存储$()网络物品栏里的物品！$(br2)它为游戏新增了两个方块和一个物品。$(br2)如果你已经下载了这个模组，右侧就能看到对应的章节与条目。如果还没有，你可以在$(l:https://www.curseforge.com/minecraft/mc-mods/refined-cooking)这里$()下载。
sebastrnlib	category.refinedcooking.name		精致烹饪
sebastrnlib	entry.appliedcooking.kitchenstation.name		ME 厨房工作台
sebastrnlib	entry.appliedcooking.kitchenstation.page0		只需 ME 厨房工作台，就能把$(6)CFB$()与$(5)应用能源2$()连接起来。$(br2)拿到它之后，需要在$(5)AE2$()的 ME 安全终端中像配置无线终端那样对它进行配置。然后把它作为$(6)CFB$()厨房多方块结构的一部分放置即可。这样一来，你就能在烹饪台中使用$(5)AE2$()网络物品栏里的物品进行合成！
sebastrnlib	entry.appliedcooking.kitchenstation.page1		$(br2)你可以查看下一页的图片，了解 ME 厨房工作台在已连接（紫色屏幕）与未连接（黑色屏幕）时的样子。
sebastrnlib	entry.appliedcooking.kitchenstation.page2		未连接时，屏幕会显示为黑色。
sebastrnlib	entry.appliedcooking.kitchenstation.page2.title		未连接
sebastrnlib	entry.appliedcooking.kitchenstation.page3		已连接时，屏幕会显示为紫色。
sebastrnlib	entry.appliedcooking.kitchenstation.page3.title		已连接
sebastrnlib	entry.meloncube.promo.name		MelonCube 推广
sebastrnlib	entry.meloncube.promo.page0		我，Sebastrn，是 MelonCube 托管的合作伙伴。
sebastrnlib	entry.meloncube.promo.page1		MelonCube 的目标是以实惠的价格提供最优质的服务和产品。$(br2)如果你需要 Minecraft 服务器托管，请点击下方的按钮$(bold)并且$()使用我的 25% 折扣码：$(br2)$(bold)Sebastrn$()$(br2)感谢支持！
sebastrnlib	entry.refinedcooking.kitchenaccesspoint.name		厨房接入点
sebastrnlib	entry.refinedcooking.kitchenaccesspoint.page0		厨房接入点是用来把$(6)CFB$()与$(1)精致存储$()连接起来的方块之一。可以把它看作$(1)RS$()网络变送器。$(br2)拿到它之后，需要把它作为$(1)RS$()网络的一部分放置。将厨房网卡放入这个方块，即可把它连接到厨房工作台并共享你的$(1)RS$()网络物品栏！
sebastrnlib	entry.refinedcooking.kitchenaccesspoint.page1		$(br2)你可以查看下一页的图片，了解厨房接入点在已连接（绿色天线）与未连接（黑色天线）时的样子。
sebastrnlib	entry.refinedcooking.kitchenaccesspoint.page2		未连接时，天线会显示为黑色。
sebastrnlib	entry.refinedcooking.kitchenaccesspoint.page2.title		未连接
sebastrnlib	entry.refinedcooking.kitchenaccesspoint.page3		已连接时，天线会显示为绿色。
sebastrnlib	entry.refinedcooking.kitchenaccesspoint.page3.title		已连接
sebastrnlib	entry.refinedcooking.kitchennetworkcard.name		厨房网卡
sebastrnlib	entry.refinedcooking.kitchennetworkcard.page0		厨房网卡是用来把$(6)CFB$()与$(1)精致存储$()连接起来的物品之一。$(br2)拿到它之后，需要手持它右键点击厨房工作台来进行配置。然后把这张卡放进你$(1)RS$()网络中的厨房接入点里。现在你就能使用$(1)RS$()网络物品栏里的物品进行合成！
sebastrnlib	entry.refinedcooking.kitchennetworkcard.page1		$(br2)如果你正在使用或曾经使用过$(1)精致存储$()，你会发现网络变送器、网络接收器与网卡之间有相似之处。
sebastrnlib	entry.refinedcooking.kitchenstation.name		厨房工作台
sebastrnlib	entry.refinedcooking.kitchenstation.page0		厨房工作台是用来把$(6)CFB$()与$(1)精致存储$()连接起来的方块之一。可以把它看作$(1)RS$()网络接收器。$(br2)拿到它之后，需要把它作为$(6)CFB$()厨房多方块结构的一部分放置，手持厨房网卡右键点击它，并把这张卡放进已连接到你$(1)RS$()网络的厨房接入点里。
sebastrnlib	entry.refinedcooking.kitchenstation.page1		$(br2)你可以查看下一页的图片，了解厨房工作台在已连接（绿色屏幕）与未连接（黑色屏幕）时的样子。
sebastrnlib	entry.refinedcooking.kitchenstation.page2		未连接时，屏幕会显示为黑色。
sebastrnlib	entry.refinedcooking.kitchenstation.page2.title		未连接
sebastrnlib	entry.refinedcooking.kitchenstation.page3		已连接时，屏幕会显示为绿色。
sebastrnlib	entry.refinedcooking.kitchenstation.page3.title		已连接
sebastrnlib	item.sebastrnlib.book		Sebastrn 的模组！
sebastrnlib	messages.sebastrnlib.thanks1		如果你看到了这条消息，说明你已经安装了精致烹饪或应用烹饪。如果你想进一步了解它们，可以合成那本名为
sebastrnlib	messages.sebastrnlib.thanks2		的手册/书，你可以用 JEI 或 REI 找到它！
sebastrnlib	sebastrnlib.landing		你好，$(playername)！$(br2)把你$(6)傻瓜烹饪（CFB）$()的厨房多方块结构与你最喜欢的网络存储模组连接起来吧。$(br2)$(4)精致烹饪$()把$(6)CFB$()与$(1)精致存储$()连接起来。$(br2)$(2)应用烹饪$()把$(6)CFB$()与$(5)应用能源2$()连接起来。
secondchanceforge	secondchanceforge.config.option.coyoteTimeEnabled		土狼时间
secondchanceforge	secondchanceforge.config.option.coyoteTimeTicks		土狼时间刻数
secondchanceforge	secondchanceforge.config.option.secondChanceActivationHealth		第二次机会触发生命值
secondchanceforge	secondchanceforge.config.option.secondChanceActivationPercent		第二次机会触发生命值百分比
secondchanceforge	secondchanceforge.config.option.secondChanceAnvils		第二次机会：铁砧
secondchanceforge	secondchanceforge.config.option.secondChanceArrows		第二次机会：箭矢
secondchanceforge	secondchanceforge.config.option.secondChanceElytraCrash		第二次机会：鞘翅撞击
secondchanceforge	secondchanceforge.config.option.secondChanceEnabled		第二次机会
secondchanceforge	secondchanceforge.config.option.secondChanceExplosions		第二次机会：爆炸
secondchanceforge	secondchanceforge.config.option.secondChanceFallingBlocks		第二次机会：下落的方块
secondchanceforge	secondchanceforge.config.option.secondChanceFalls		第二次机会：跌落
secondchanceforge	secondchanceforge.config.option.secondChanceFireworks		第二次机会：烟花
secondchanceforge	secondchanceforge.config.option.secondChanceHealthRemainder		第二次机会剩余生命值
secondchanceforge	secondchanceforge.config.option.secondChanceLightning		第二次机会：闪电
secondchanceforge	secondchanceforge.config.option.secondChanceMagic		第二次机会：魔法
secondchanceforge	secondchanceforge.config.option.secondChanceMobs		第二次机会：生物
secondchanceforge	secondchanceforge.config.option.secondChancePlayers		第二次机会：玩家
secondchanceforge	secondchanceforge.config.option.secondChanceRemainderPercent		第二次机会剩余生命值百分比
secondchanceforge	secondchanceforge.config.option.secondChanceSound		第二次机会音效
secondchanceforge	secondchanceforge.config.option.secondChanceStalactite		第二次机会：钟乳石
secondchanceforge	secondchanceforge.config.option.secondChanceStalagmite		第二次机会：石笋
secondchanceforge	secondchanceforge.config.option.secondChanceTridents		第二次机会：三叉戟
secondchanceforge	secondchanceforge.config.option.secondChanceWitherSkulls		第二次机会：凋灵之首
secondchanceforge	secondchanceforge.config.option.usePercentConfig		使用百分比配置
secondchanceforge	secondchanceforge.config.title		第二次机会配置
secondchanceforge	secondchanceforge.config.tooltip.coyoteTimeEnabled		决定是否启用「土狼时间」功能。\n「土狼时间」允许玩家在从方块上掉落后的一两秒内起跳，以免坠入坑中。\n这不会让玩家二段跳，只会在走下方块时允许起跳。
secondchanceforge	secondchanceforge.config.tooltip.coyoteTimeTicks		决定玩家从方块上掉落后，可借助「土狼时间」起跳的时长（以刻为单位）。
secondchanceforge	secondchanceforge.config.tooltip.secondChanceActivationHealth		决定触发「第二次机会」所需的玩家初始生命值。
secondchanceforge	secondchanceforge.config.tooltip.secondChanceActivationPercent		决定触发「第二次机会」所需的玩家初始生命值百分比。
secondchanceforge	secondchanceforge.config.tooltip.secondChanceAnvils		决定「第二次机会」功能是否会被下落的铁砧触发。
secondchanceforge	secondchanceforge.config.tooltip.secondChanceArrows		决定「第二次机会」功能是否会被箭矢触发。
secondchanceforge	secondchanceforge.config.tooltip.secondChanceElytraCrash		决定「第二次机会」功能是否会在撞墙时触发。
secondchanceforge	secondchanceforge.config.tooltip.secondChanceEnabled		决定是否启用「第二次机会」功能。\n在生命值不低于 7 颗心时受到来自生物或爆炸的致命伤害后，「第二次机会」会把玩家的生命值保留在半颗心。
secondchanceforge	secondchanceforge.config.tooltip.secondChanceExplosions		决定「第二次机会」功能是否会被爆炸触发。
secondchanceforge	secondchanceforge.config.tooltip.secondChanceFallingBlocks		决定「第二次机会」功能是否会被下落的方块触发。
secondchanceforge	secondchanceforge.config.tooltip.secondChanceFalls		决定「第二次机会」功能是否会被跌落伤害触发。
secondchanceforge	secondchanceforge.config.tooltip.secondChanceFireworks		决定「第二次机会」功能是否会被烟花触发。
secondchanceforge	secondchanceforge.config.tooltip.secondChanceHealthRemainder		决定「第二次机会」触发后玩家应剩余的生命值。
secondchanceforge	secondchanceforge.config.tooltip.secondChanceLightning		决定「第二次机会」功能是否会被闪电触发。
secondchanceforge	secondchanceforge.config.tooltip.secondChanceMagic		决定「第二次机会」功能是否会被魔法（例如药水）触发。
secondchanceforge	secondchanceforge.config.tooltip.secondChanceMobs		决定「第二次机会」功能是否会被生物触发。
secondchanceforge	secondchanceforge.config.tooltip.secondChancePlayers		决定「第二次机会」功能是否会被玩家触发。
secondchanceforge	secondchanceforge.config.tooltip.secondChanceRemainderPercent		决定「第二次机会」触发后玩家应剩余的生命值百分比。
secondchanceforge	secondchanceforge.config.tooltip.secondChanceSound		决定该效果触发时是否播放「第二次机会」音效。
secondchanceforge	secondchanceforge.config.tooltip.secondChanceStalactite		决定「第二次机会」功能是否会被下落的钟乳石触发。
secondchanceforge	secondchanceforge.config.tooltip.secondChanceStalagmite		决定「第二次机会」功能是否会在落到石笋上时触发。
secondchanceforge	secondchanceforge.config.tooltip.secondChanceTridents		决定「第二次机会」功能是否会被投掷出的三叉戟触发。
secondchanceforge	secondchanceforge.config.tooltip.secondChanceWitherSkulls		决定「第二次机会」功能是否会被凋灵之首触发。
secondchanceforge	secondchanceforge.config.tooltip.usePercentConfig		决定是否使用「生命值百分比」配置值来取代精确数值。
selene	fluid.selene.generic_fluid		未命名流体
selene	item.minecraft.potion_lingering		滞留药水
selene	item.minecraft.potion_splash		喷溅药水
sfm	chat.sfm.labelgun.pull		已从管理器拉取标签。
sfm	chat.sfm.labelgun.push		已向管理器推送标签。
sfm	gui.sfm.label.labelgun.placeholder		标签
sfm	gui.sfm.manager.button.export_clipboard		导出到剪贴板
sfm	gui.sfm.manager.button.import_clipboard		从剪贴板导入
sfm	item.sfm.disk.tooltip.label		 - %s：%d 个方块
sfm	item.sfm.disk.tooltip.label.header		标签
sfm	item.sfm.labelgun.tooltip.1		右键工厂管理器以推送标签。
sfm	item.sfm.labelgun.tooltip.2		潜行时右键工厂管理器以拉取标签。
sfm	itemGroup.sfm		超级工厂管理
simplylight	itemGroup.simplylight		简易光源
skinlayers3d	text.skinlayers.basevoxelsize.tooltip		玩家所用体素的大小
skinlayers3d	text.skinlayers.bodyvoxelheightsize.tooltip		玩家身体所用体素的高度（用于防止穿模进头部或从手臂伸出）
skinlayers3d	text.skinlayers.bodyvoxelwidthsize.tooltip		玩家躯干所用体素的宽度（用于防止穿模进手臂）
skinlayers3d	text.skinlayers.enable.hat.tooltip		将玩家的帽子层渲染为 3D 模型
skinlayers3d	text.skinlayers.enable.jacket.tooltip		将玩家的外套层渲染为 3D 模型
skinlayers3d	text.skinlayers.enable.leftpants.tooltip		将玩家的左裤腿层渲染为 3D 模型
skinlayers3d	text.skinlayers.enable.leftsleeve.tooltip		将玩家的左袖子层渲染为 3D 模型
skinlayers3d	text.skinlayers.enable.rightpants.tooltip		将玩家的右裤腿层渲染为 3D 模型
skinlayers3d	text.skinlayers.enable.rightsleeve.tooltip		将玩家的右袖子层渲染为 3D 模型
skinlayers3d	text.skinlayers.fastrender.enable.tooltip		以最快速度渲染 3D 模型，这可能导致一些透明度显示异常
skinlayers3d	text.skinlayers.firstperson.voxelsize		第一人称体素大小
skinlayers3d	text.skinlayers.firstperson.voxelsize.tooltip		第一人称下玩家手部所用体素的大小
skinlayers3d	text.skinlayers.headvoxelsize.tooltip		玩家头部所用体素的大小
skinlayers3d	text.skinlayers.renderdistancelod.tooltip		模型切换为较低细节等级（原版 2D）的距离
skinlayers3d	text.skinlayers.skulls.enable.tooltip		将玩家头颅（方块）渲染为 3D 模型
skinlayers3d	text.skinlayers.skulls.voxelsize.tooltip		玩家头颅（方块/物品）所用体素的大小
skinlayers3d	text.skinlayers.skullsitems.enable.tooltip		将玩家头颅（物品）渲染为 3D 模型
skyguis	itemGroup.skyguis		天空界面
skyguis	screen.skyguis.button.abort		中止
skyguis	screen.skyguis.button.confirm		确认
skyguis	screen.skyguis.button.create		创建
skyguis	screen.skyguis.button.ok		确定
skyguis	screen.skyguis.template		模板
skyguis	screen.skyguis.text.add		添加
skyguis	screen.skyguis.text.created_at		创建于
skyguis	screen.skyguis.text.invalid		无效
skyguis	screen.skyguis.text.invite		邀请
skyguis	screen.skyguis.text.invite_multiple_users		已成功邀请 %s 名玩家
skyguis	screen.skyguis.text.kick		踢出
skyguis	screen.skyguis.text.last_changed		上次修改
skyguis	screen.skyguis.text.members		成员
skyguis	screen.skyguis.text.name		名称
skyguis	screen.skyguis.text.player_not_in_team		你不属于该队伍。
skyguis	screen.skyguis.text.previous_screen		上一页界面
skyguis	screen.skyguis.text.remove		移除
skyguis	screen.skyguis.text.request_to_join		申请加入
skyguis	screen.skyguis.text.requested_to_join		已申请加入
skyguis	screen.skyguis.text.select_all		全选
skyguis	screen.skyguis.text.selected_amount		已选择 %s 名玩家
skyguis	screen.skyguis.text.shape_does_not_exist		该形状不存在。
skyguis	screen.skyguis.text.show		显示
skyguis	screen.skyguis.text.spawns		生成点
skyguis	screen.skyguis.text.team_id		队伍 ID
skyguis	screen.skyguis.text.teams		队伍
skyguis	screen.skyguis.text.unselect_all		取消全选
skyguis	screen.skyguis.text.visit_team		访问队伍
skyguis	screen.skyguis.text.you_sure_ignore		你确定要忽略来自 "%s" 的邀请吗？
skyguis	screen.skyguis.text.you_sure_invite		你确定要邀请这 %s 名玩家吗？
skyguis	screen.skyguis.text.you_sure_join		你确定要加入 "%s" 吗？
skyguis	screen.skyguis.text.you_sure_kick		你确定要踢出这 %s 名玩家吗？
skyguis	screen.skyguis.text.your_team		你的队伍：
skyguis	screen.skyguis.title.all_teams		所有队伍
skyguis	screen.skyguis.title.create_team		创建新队伍
skyguis	screen.skyguis.title.invitations		你的邀请
skyguis	skyguis.key.all_teams_screen		打开主界面
smallships	itemGroup.smallships.smallships		小型船只
sophisticatedcore	gui.sophisticatedcore.tooltip.stack_limit		上限：%s
sophisticatedcore	item.sophisticatedcore.storage.tooltip.energy		%s FE
sophisticatedcore	item.sophisticatedcore.storage.tooltip.fluid		%s mB %s
sophisticatedstorageutils	event.sophisticatedstorageutils.packed_storage		你的箱子/木桶因物品过多而被自动打包！
sophisticatedvault	block.sophisticatedstorage.altar_chest		祭坛箱
sophisticatedvault	block.sophisticatedstorage.enigma_chest		谜之箱
sophisticatedvault	block.sophisticatedstorage.flesh_chest		血肉箱
sophisticatedvault	block.sophisticatedstorage.gilded_barrel		镀金桶
sophisticatedvault	block.sophisticatedstorage.gilded_chest		镀金箱
sophisticatedvault	block.sophisticatedstorage.gilded_strongbox		镀金保险箱
sophisticatedvault	block.sophisticatedstorage.hardened_chest		硬化箱
sophisticatedvault	block.sophisticatedstorage.living_barrel		活木桶
sophisticatedvault	block.sophisticatedstorage.living_chest		活木箱
sophisticatedvault	block.sophisticatedstorage.living_strongbox		活木保险箱
sophisticatedvault	block.sophisticatedstorage.ornate_barrel		华饰桶
sophisticatedvault	block.sophisticatedstorage.ornate_chest		华饰箱
sophisticatedvault	block.sophisticatedstorage.ornate_strongbox		华饰保险箱
sophisticatedvault	block.sophisticatedstorage.treasure_chest		宝藏箱
sophisticatedvault	block.sophisticatedstorage.unique_crate		独特板条箱
sophisticatedvault	block.sophisticatedstorage.wooden_barrel		木桶
sophisticatedvault	block.sophisticatedstorage.wooden_chest		木箱
sophisticatedvault	wood_name.sophisticatedstorage.chromatic		幻彩
sophisticatedvault	wood_name.sophisticatedstorage.driftwood		浮木
sophisticatedvault	wood_name.sophisticatedstorage.overgrown		丛生
sophisticatedvault	wood_name.sophisticatedstorage.tenos		Tenos
sophisticatedvault	wood_name.sophisticatedstorage.vault_wooden_planks		宝库木
sophisticatedvault	wood_name.sophisticatedstorage.velara		Velara
sophisticatedvaultupgrades	block.sophisticatedvaultupgrades.debagnetizer		消磁器
sophisticatedvaultupgrades	gui.sophisticatedbackpacks.upgrades.diffuser.tooltip		扩散器设置
sophisticatedvaultupgrades	gui.sophisticatedbackpacks.upgrades.recycler.tooltip		回收器设置
sophisticatedvaultupgrades	item.sophisticatedbackpacks.activator_upgrade		激活升级
sophisticatedvaultupgrades	item.sophisticatedbackpacks.activator_upgrade.tooltip		右键点击宝藏门时，会消耗背包物品栏中的宝藏钥匙来开启它们。
sophisticatedvaultupgrades	item.sophisticatedbackpacks.diffuser_upgrade		灵魂扩散器升级
sophisticatedvaultupgrades	item.sophisticatedbackpacks.diffuser_upgrade.tooltip		自动将符合过滤条件且具有灵魂值的物品扩散为灵魂之尘。
sophisticatedvaultupgrades	item.sophisticatedbackpacks.diffuser_upgrade_advanced		高级灵魂扩散器升级
sophisticatedvaultupgrades	item.sophisticatedbackpacks.diffuser_upgrade_advanced.tooltip		自动将符合过滤条件且具有灵魂值的物品扩散为灵魂之尘。
sophisticatedvaultupgrades	item.sophisticatedbackpacks.drop_upgrade		丢弃升级
sophisticatedvaultupgrades	item.sophisticatedbackpacks.drop_upgrade.tooltip		丢弃符合过滤条件的物品。
sophisticatedvaultupgrades	item.sophisticatedbackpacks.drop_upgrade_advanced		高级丢弃升级
sophisticatedvaultupgrades	item.sophisticatedbackpacks.drop_upgrade_advanced.tooltip		丢弃符合过滤条件的物品。
sophisticatedvaultupgrades	item.sophisticatedbackpacks.identification_upgrade		鉴定升级
sophisticatedvaultupgrades	item.sophisticatedbackpacks.identification_upgrade.tooltip		自动鉴定进入背包的未鉴定物品。潜行右键点击可设定所有者。注意：已鉴定的装备会提高你的精神恢复代价。请务必将它排在你已有的任何拾取升级之前！
sophisticatedvaultupgrades	item.sophisticatedbackpacks.identification_upgrade_advanced		高级鉴定升级
sophisticatedvaultupgrades	item.sophisticatedbackpacks.identification_upgrade_advanced.tooltip		自动鉴定进入背包的未鉴定物品，并可切换其是否在宝库中生效。潜行右键点击可设定所有者。请务必将它排在你已有的任何拾取升级之前！
sophisticatedvaultupgrades	item.sophisticatedbackpacks.opener_upgrade		开启升级
sophisticatedvaultupgrades	item.sophisticatedbackpacks.opener_upgrade.tooltip		自动开启宝石盒、欧米伽盒等特定物品。
sophisticatedvaultupgrades	item.sophisticatedbackpacks.recycler_upgrade		宝库回收器升级
sophisticatedvaultupgrades	item.sophisticatedbackpacks.recycler_upgrade.tooltip		像宝库回收器那样回收可回收物品。
sophisticatedvaultupgrades	item.sophisticatedbackpacks.recycler_upgrade_advanced		高级宝库回收器升级
sophisticatedvaultupgrades	item.sophisticatedbackpacks.recycler_upgrade_advanced.tooltip		像宝库回收器那样回收可回收物品。
sophisticatedvaultupgrades	item.sophisticatedstorage.diffuser_upgrade		灵魂扩散器升级
sophisticatedvaultupgrades	item.sophisticatedstorage.diffuser_upgrade.tooltip		自动将符合过滤条件且具有灵魂值的物品扩散为灵魂之尘。
sophisticatedvaultupgrades	item.sophisticatedstorage.diffuser_upgrade_advanced		高级灵魂扩散器升级
sophisticatedvaultupgrades	item.sophisticatedstorage.diffuser_upgrade_advanced.tooltip		自动将符合过滤条件且具有灵魂值的物品扩散为灵魂之尘。还可自动压缩为灵魂碎片并送入你的碎片袋。
sophisticatedvaultupgrades	item.sophisticatedstorage.drop_upgrade		丢弃升级
sophisticatedvaultupgrades	item.sophisticatedstorage.drop_upgrade.tooltip		丢弃符合过滤条件的物品。
sophisticatedvaultupgrades	item.sophisticatedstorage.drop_upgrade_advanced		高级丢弃升级
sophisticatedvaultupgrades	item.sophisticatedstorage.drop_upgrade_advanced.tooltip		丢弃符合过滤条件的物品。
sophisticatedvaultupgrades	item.sophisticatedstorage.identification_upgrade		鉴定升级
sophisticatedvaultupgrades	item.sophisticatedstorage.identification_upgrade.tooltip		自动鉴定进入存储的未鉴定物品。潜行右键点击可设定所有者。
sophisticatedvaultupgrades	item.sophisticatedstorage.opener_upgrade		开启升级
sophisticatedvaultupgrades	item.sophisticatedstorage.opener_upgrade.tooltip		自动开启宝石盒、欧米伽盒等特定物品。
sophisticatedvaultupgrades	item.sophisticatedstorage.recycler_upgrade		宝库回收器升级
sophisticatedvaultupgrades	item.sophisticatedstorage.recycler_upgrade.tooltip		像宝库回收器那样回收可回收物品。
sophisticatedvaultupgrades	item.sophisticatedstorage.recycler_upgrade_advanced		高级宝库回收器升级
sophisticatedvaultupgrades	item.sophisticatedstorage.recycler_upgrade_advanced.tooltip		像宝库回收器那样回收可回收物品。
sophisticatedvaultupgrades	item.sophisticatedvaultupgrades.debagnetizer		消磁器
spirittrace	entity.spirittrace.player_spirit		%s 的灵魂
spirittrace	key.categories.spirittrace		SpiritTrace
spirittrace	key.spirittrace.cycle_waypoint_mode		切换灵魂路径点模式
spirittrace	message.spirittrace.waypoint_mode		灵魂路径点：%s
spirittrace	option.spirittrace.waypoint_mode.all		所有灵魂
spirittrace	option.spirittrace.waypoint_mode.off		关闭
spirittrace	option.spirittrace.waypoint_mode.own		仅自己的灵魂
storagedrawers	itemGroup.storagedrawers		储物抽屉
tectonic	pack_name.tectonic.increased_height		提高建筑高度上限
tectonic	pack_name.tectonic.legacy		Tectonic 经典版
tectonic	pack_name.tectonic.tectonic		Tectonic
tectonic	pack_name.tectonic.terratonic		Terratonic
tectonic	pack_name.tectonic.xl_biomes		超大生物群系
terrablender	commands.terrablender.biomeparams.failed		无法确定参数
terrablender	commands.terrablender.biomeparams.success		位置 %s %s %s 处的参数：%s
thermal_extra	itemGroup.thermal_extra.augments		热力扩展：强化组件
thermal_extra	itemGroup.thermal_extra.blocks		热力扩展：方块
thermal_extra	itemGroup.thermal_extra.resources		热力扩展：资源
tiab	itemGroup.tiab_creative_tab_name		瓶中时光
tinygates	block.tinygates.and_gate_block		与门
tinygates	block.tinygates.clock_block		时钟
tinygates	block.tinygates.counter_block		计数器
tinygates	block.tinygates.edge_detector_block		边沿检测器
tinygates	block.tinygates.not_gate_block		非门
tinygates	block.tinygates.or_gate_block		或门
tinygates	block.tinygates.rs_latch_block		RS 锁存器
tinygates	block.tinygates.t_flip_flop_block		T 触发器
tinygates	block.tinygates.xor_gate_block		异或门
tinygates	item.tinygates.tiny_and_gate		微型与门
tinygates	item.tinygates.tiny_clock		微型时钟
tinygates	item.tinygates.tiny_counter		微型计数器
tinygates	item.tinygates.tiny_edge_detector		微型边沿检测器
tinygates	item.tinygates.tiny_not_gate		微型非门
tinygates	item.tinygates.tiny_or_gate		微型或门
tinygates	item.tinygates.tiny_rs_latch		微型RS 锁存器
tinygates	item.tinygates.tiny_t_flip_flop		微型T 触发器
tinygates	item.tinygates.tiny_xor_gate		微型异或门
tinygates	itemGroup.tinygates		迷你传送门
tinygates	message.block.tinygates.and_gate_block		当左右两侧同时接收到信号时向正面输出。
tinygates	message.block.tinygates.clock_block		以设定的间隔向正面输出红石脉冲。\n右键点击打开界面以设定间隔。\n从背面输入红石信号可将其关闭。
tinygates	message.block.tinygates.counter_block		对背面输入端接收到的脉冲计数（最多 15）。\n显示该数值并向正面输出对应强度的信号。\n也可充当电位器。\n从左侧输入可锁定数值。\n从右侧输入可重置计数器。
tinygates	message.block.tinygates.edge_detector_block		在背面输入端的红石信号开始（上升沿）或结束（下降沿）时输出红石脉冲。\n右键点击可切换要检测的边沿（上升沿或下降沿）。
tinygates	message.block.tinygates.not_gate_block		当背面无信号时向正面输出。与红石火把类似，但只朝单一方向且无延迟。
tinygates	message.block.tinygates.or_gate_block		当左侧或右侧接收到信号时向正面输出。
tinygates	message.block.tinygates.rs_latch_block		当左侧信号（置位信号）收到脉冲时向正面输出。\n在右侧信号（复位信号）收到脉冲前保持输出。
tinygates	message.block.tinygates.t_flip_flop_block		背面收到脉冲时，正面的输出会翻转。
tinygates	message.block.tinygates.xor_gate_block		当输入信号不一致时向正面输出，类似于三路灯光开关。
tinygates	message.item.tinygates.tiny_and_gate		当左右两侧同时接收到信号时向正面输出。
tinygates	message.item.tinygates.tiny_clock		以设定的间隔向正面输出红石脉冲。\n右键点击打开界面以设定间隔。\n从背面输入红石信号可将其关闭。
tinygates	message.item.tinygates.tiny_counter		对背面输入端接收到的脉冲计数（最多 15）。\n显示该数值并向正面输出对应强度的信号。\n也可充当电位器。\n从左侧输入可锁定数值。\n从右侧输入可重置计数器。
tinygates	message.item.tinygates.tiny_edge_detector		在背面输入端的红石信号开始（上升沿）或结束（下降沿）时输出红石脉冲。\n右键点击可切换要检测的边沿（上升沿或下降沿）。
tinygates	message.item.tinygates.tiny_not_gate		当背面无信号时向正面输出。与红石火把类似，但只朝单一方向且无延迟。
tinygates	message.item.tinygates.tiny_or_gate		当左侧或右侧接收到信号时向正面输出。
tinygates	message.item.tinygates.tiny_rs_latch		当左侧信号（置位信号）收到脉冲时向正面输出。\n在右侧信号（复位信号）收到脉冲前保持输出。
tinygates	message.item.tinygates.tiny_t_flip_flop		背面收到脉冲时，正面的输出会翻转。
tinygates	message.item.tinygates.tiny_xor_gate		当输入信号不一致时向正面输出，类似于三路灯光开关。
tinygates	tinygates.close		关闭
tinygates	tinygates.fullsizegatemessage		全尺寸红石逻辑门。可以任意朝向放置，包括竖直放置。
tinygates	tinygates.gui.clock.msg		周期刻数（10 刻/秒）
titanium	itemGroup.resources		钛：资源
toms_storage	block.toms_storage.ts.inventory_cable_connector_framed		存储线缆连接器（镶框）
toms_storage	chat.toms_storage.inv_link_access_denied		拒绝访问
toms_storage	chat.toms_storage.terminal_bound		已绑定高级无线终端
toms_storage	chat.toms_storage.terminal_invalid_block		无效的方块
toms_storage	chat.toms_storage.terminal_out_of_range		终端超出范围
toms_storage	item.toms_storage.ts.adv_wireless_terminal		高级无线终端
toms_storage	item.toms_storage.ts.item_filter		物品过滤器
toms_storage	item.toms_storage.ts.polymorphic_item_filter		多态物品过滤器
toms_storage	item.toms_storage.ts.tag_item_filter		标签物品过滤器
toms_storage	itemGroup.toms_storage.tab		Tom 的简易存储
toms_storage	key.toms_storage.open_terminal		[Tom 的简易存储] 打开终端
toms_storage	narrator.toms_storage.inventory_link_channel		存储链接频道名称字段
toms_storage	tag.toms_storage.trims		存储桥接器
toms_storage	text.autoconfig.toms_storage.option.advWirelessRange		高级无线终端范围
toms_storage	text.autoconfig.toms_storage.option.invDupScanSize		存储整合器重复项查找的最大槽位数
toms_storage	text.autoconfig.toms_storage.option.invLinkBeaconLvl		高级无线终端无限范围所需的信标等级
toms_storage	text.autoconfig.toms_storage.option.invLinkBeaconLvlDim		高级无线终端无限范围所需的信标等级
toms_storage	text.autoconfig.toms_storage.option.multiblockInv		多方块结构物品容器
toms_storage	text.autoconfig.toms_storage.option.wirelessTermBeaconLvl		高级无线终端无限范围所需的信标等级
toms_storage	text.autoconfig.toms_storage.option.wirelessTermBeaconLvl.@Tooltip		设为 0 时只需附近有一个信标方块
toms_storage	text.autoconfig.toms_storage.option.wirelessTermBeaconLvlDim		高级无线终端跨维度访问所需的信标等级
toms_storage	text.autoconfig.toms_storage.option.wirelessTermBeaconLvlDim.@Tooltip		设为 0 时只需附近有一个信标方块
toms_storage	text.autoconfig.toms_storage.title		Tom 的简易存储配置
toms_storage	tomsstorage.config.adv_wireless_beacon_lvl		高级无线终端无限范围所需的信标等级\n设为 0 时只需附近有一个信标方块
toms_storage	tomsstorage.config.adv_wireless_beacon_lvl_dim		高级无线终端跨维度访问所需的信标等级\n设为 0 时只需附近有一个信标方块
toms_storage	tomsstorage.config.adv_wireless_range		高级无线终端范围
toms_storage	tomsstorage.config.inv_dup_scan_size		存储整合器重复项查找的最大槽位数
toms_storage	tomsstorage.config.inv_link_beacon_lvl		高级无线终端无限范围所需的信标等级
toms_storage	tomsstorage.config.inv_link_beacon_lvl_dim		高级无线终端无限范围所需的信标等级
toms_storage	tomsstorage.config.multiblock_inv		多方块结构物品容器
toms_storage	tooltip.toms_storage.adv_wireless_terminal		潜行右键点击终端以绑定。\\范围：%d 个方块\\在已绑定终端 8 个方块范围内建造 %d 级信标，即可在同一维度的任意位置访问。\\在已绑定终端 8 个方块范围内建造 %d 级信标，即可跨维度的任意位置访问。\\终端所在区块必须处于加载状态
toms_storage	tooltip.toms_storage.adv_wireless_terminal.bound		已绑定至 %s 中的 (%s, %s, %s)
toms_storage	tooltip.toms_storage.adv_wireless_terminal.keybind		按下 %s 键打开
toms_storage	tooltip.toms_storage.allowList_0		拒绝匹配项
toms_storage	tooltip.toms_storage.allowList_1		允许匹配项
toms_storage	tooltip.toms_storage.ghostMode_0		按住 SHIFT 时启用排序
toms_storage	tooltip.toms_storage.ghostMode_1		按住 SHIFT 时禁用排序
toms_storage	tooltip.toms_storage.inventory_cable_connector_link		将其放置在 %d 级信标上，即可在同一维度的任意位置访问该存储链接。\\将其放置在 %d 级信标上，即可跨维度的任意位置访问该存储链接。\\两侧的区块都必须处于加载状态
toms_storage	tooltip.toms_storage.item_filter		允许按多个物品、耐久与 NBT 进行过滤
toms_storage	tooltip.toms_storage.items_missing		部分物品可能无法放入合成网格
toms_storage	tooltip.toms_storage.keepLast_0		不在槽位中保留最后一个物品
toms_storage	tooltip.toms_storage.keepLast_1		在槽位中保留最后一个物品
toms_storage	tooltip.toms_storage.link_public_0		私有频道
toms_storage	tooltip.toms_storage.link_public_1		公共频道
toms_storage	tooltip.toms_storage.link_remote_0		访问远程物品容器
toms_storage	tooltip.toms_storage.link_remote_1		提供物品容器以供远程访问
toms_storage	tooltip.toms_storage.matchNBT_0		不匹配 NBT
toms_storage	tooltip.toms_storage.matchNBT_1		匹配 NBT
toms_storage	tooltip.toms_storage.nbt_overflow		此物品的标签过大，可能无法在终端中正确显示
toms_storage	tooltip.toms_storage.poly_item_filter		仅允许放入此物品容器中已存在的物品
toms_storage	tooltip.toms_storage.priority_0		优先级：最低
toms_storage	tooltip.toms_storage.priority_1		优先级：低
toms_storage	tooltip.toms_storage.priority_2		优先级：普通
toms_storage	tooltip.toms_storage.priority_3		优先级：高
toms_storage	tooltip.toms_storage.priority_4		优先级：最高
toms_storage	tooltip.toms_storage.tag_item_filter		使用标签过滤
toms_storage	tooltip.toms_storage.tallMode_0		终端尺寸：默认
toms_storage	tooltip.toms_storage.tallMode_1		终端尺寸：自适应
toms_storage	tooltip.toms_storage.terminal_beacon		信标等级：%d%s
toms_storage	tooltip.toms_storage.terminal_beacon.anywhere		此终端可在任意位置访问\\需配合高级无线终端
toms_storage	tooltip.toms_storage.terminal_beacon.sameDim		此终端可在\\本维度的任意位置访问\\需配合高级无线终端
toms_storage	ts.inventory_connector		存储链接
toms_storage	ts.inventory_connector.beacon_level		信标等级：%d
transmog	transmog.config.disable_during_pvp_duration		PvP 期间禁用
transmog	transmog.config.disable_during_pvp_duration.label		%d 秒
transmog	transmog.config.disable_during_pvp_duration.tooltip		若你攻击了其他玩家，将在一段时间内暂时停止渲染幻化外观。设为 0 则不启用此限制。
transmog	transmog.config.tooltip		提示信息详细程度
transmog	transmog.config.tooltip.full		完整
transmog	transmog.config.tooltip.full.tooltip		将物品幻化成的外观物品的原始提示信息一并加入其提示中。此为默认选项。
transmog	transmog.config.tooltip.minimal		简略
transmog	transmog.config.tooltip.minimal.tooltip		仅将物品幻化成的外观物品的名称加入其提示中。
transmog	transmog.config.tooltip.none		无
transmog	transmog.config.tooltip.none.tooltip		不在提示中添加任何幻化相关信息。
twigs	itemGroup.twigs:item_group		树枝
unobtanium	item.container.tooltip.info		按住 Shift 查看内容
valhelsia_core	cosmetic.valhelsia_core.blue_valhelsia_cape		蓝色 Valhelsia 披风
valhelsia_core	cosmetic.valhelsia_core.brown_valhelsia_cape		棕色 Valhelsia 披风
valhelsia_core	cosmetic.valhelsia_core.category.back		背部
valhelsia_core	cosmetic.valhelsia_core.category.face		面部
valhelsia_core	cosmetic.valhelsia_core.category.hand		手部
valhelsia_core	cosmetic.valhelsia_core.category.hat		头部
valhelsia_core	cosmetic.valhelsia_core.category.special		特殊
valhelsia_core	cosmetic.valhelsia_core.gray_valhelsia_cape		灰色 Valhelsia 披风
valhelsia_core	cosmetic.valhelsia_core.green_valhelsia_cape		绿色 Valhelsia 披风
valhelsia_core	cosmetic.valhelsia_core.khytwel_valhelsia_cape		Khytwel 款 Valhelsia 披风
valhelsia_core	cosmetic.valhelsia_core.light_gray_valhelsia_cape		淡灰色 Valhelsia 披风
valhelsia_core	cosmetic.valhelsia_core.orange_valhelsia_cape		橙色 Valhelsia 披风
valhelsia_core	cosmetic.valhelsia_core.purple_valhelsia_cape		紫色 Valhelsia 披风
valhelsia_core	cosmetic.valhelsia_core.red_valhelsia_cape		红色 Valhelsia 披风
valhelsia_core	cosmetic.valhelsia_core.team_valhelsia_cape		队伍款 Valhelsia 披风
valhelsia_core	cosmetic.valhelsia_core.vaelzan_valhelsia_cape		Vaelzan 款 Valhelsia 披风
valhelsia_core	cosmetic.valhelsia_core.yellow_valhelsia_cape		黄色 Valhelsia 披风
valhelsia_core	gui.valhelsia_core.categories		分类
valhelsia_core	gui.valhelsia_core.config.continue		继续
valhelsia_core	gui.valhelsia_core.config.error		配置项出错
valhelsia_core	gui.valhelsia_core.config.error.title		配置错误
valhelsia_core	gui.valhelsia_core.config.ignoring		已忽略它。
valhelsia_core	gui.valhelsia_core.config.next_error		下一个错误
valhelsia_core	gui.valhelsia_core.cosmeticsSettings		Valhelsia 外观饰品
valhelsia_core	gui.valhelsia_core.cosmeticsSettings.buyCosmetics		你可以在我们的商店购买外观饰品来支持我们：%s
valhelsia_core	gui.valhelsia_core.cosmeticsSettings.noCosmetics		你当前处于离线状态，或者还没有购买过任何外观饰品。
valhelsia_core	gui.valhelsia_core.cosmeticsSettings.search_empty		没有找到该名称的外观饰品
valhelsia_core	gui.valhelsia_core.cosmeticsSettings.search_hint		搜索……
valhelsia_core	gui.valhelsia_core.cosmeticsWardrobe		Valhelsia 外观衣橱
valhelsia_core	gui.valhelsia_core.cosmeticsWardrobe.cancel		取消
valhelsia_core	gui.valhelsia_core.cosmeticsWardrobe.save		保存
vaultarhud	key.categories.vaultarhud		Vaultar HUD
vaultarhud	key.vaultarhud.enable		启用/禁用 HUD
vaultarhud	key.vaultarhud.toggle		按住显示 HUD
vaultbeacon	block.vaultbeacon.black_haste_catalyst		急迫催化剂
vaultbeacon	block.vaultbeacon.black_jump_catalyst		跳跃催化剂
vaultbeacon	block.vaultbeacon.black_range_catalyst		范围催化剂
vaultbeacon	block.vaultbeacon.black_regen_catalyst		恢复催化剂
vaultbeacon	block.vaultbeacon.black_resistance_catalyst		抗性催化剂
vaultbeacon	block.vaultbeacon.black_saturation_catalyst		饱和催化剂
vaultbeacon	block.vaultbeacon.black_speed_catalyst		速度催化剂
vaultbeacon	block.vaultbeacon.black_strength_catalyst		力量催化剂
vaultbeacon	block.vaultbeacon.diamond_haste_catalyst		急迫催化剂
vaultbeacon	block.vaultbeacon.diamond_jump_catalyst		跳跃催化剂
vaultbeacon	block.vaultbeacon.diamond_range_catalyst		范围催化剂
vaultbeacon	block.vaultbeacon.diamond_regen_catalyst		恢复催化剂
vaultbeacon	block.vaultbeacon.diamond_resistance_catalyst		抗性催化剂
vaultbeacon	block.vaultbeacon.diamond_saturation_catalyst		饱和催化剂
vaultbeacon	block.vaultbeacon.diamond_speed_catalyst		速度催化剂
vaultbeacon	block.vaultbeacon.diamond_strength_catalyst		力量催化剂
vaultbeacon	block.vaultbeacon.iron_haste_catalyst		急迫催化剂
vaultbeacon	block.vaultbeacon.iron_jump_catalyst		跳跃催化剂
vaultbeacon	block.vaultbeacon.iron_range_catalyst		范围催化剂
vaultbeacon	block.vaultbeacon.iron_regen_catalyst		恢复催化剂
vaultbeacon	block.vaultbeacon.iron_resistance_catalyst		抗性催化剂
vaultbeacon	block.vaultbeacon.iron_saturation_catalyst		饱和催化剂
vaultbeacon	block.vaultbeacon.iron_speed_catalyst		速度催化剂
vaultbeacon	block.vaultbeacon.iron_strength_catalyst		力量催化剂
vaultbeacon	block.vaultbeacon.steel_haste_catalyst		急迫催化剂
vaultbeacon	block.vaultbeacon.steel_jump_catalyst		跳跃催化剂
vaultbeacon	block.vaultbeacon.steel_range_catalyst		范围催化剂
vaultbeacon	block.vaultbeacon.steel_regen_catalyst		恢复催化剂
vaultbeacon	block.vaultbeacon.steel_resistance_catalyst		抗性催化剂
vaultbeacon	block.vaultbeacon.steel_saturation_catalyst		饱和催化剂
vaultbeacon	block.vaultbeacon.steel_speed_catalyst		速度催化剂
vaultbeacon	block.vaultbeacon.steel_strength_catalyst		力量催化剂
vaultbeacon	block.vaultbeacon.vault_beacon		宝库信标
vaultbeacon	block.vaultbeacon.vault_beacon.locked		已上锁的宝库信标
vaultbeacon	configs.vaultbeacon.cancel		取消
vaultbeacon	configs.vaultbeacon.cancel.tooltip		丢弃所有已更改的配置。
vaultbeacon	configs.vaultbeacon.maxHaste.name		急迫：
vaultbeacon	configs.vaultbeacon.maxHaste.tooltip		计入的急迫增益催化剂的最大数量。
vaultbeacon	configs.vaultbeacon.maxJump.name		跳跃：
vaultbeacon	configs.vaultbeacon.maxJump.tooltip		计入的跳跃增益催化剂的最大数量。
vaultbeacon	configs.vaultbeacon.maxRange.name		范围：
vaultbeacon	configs.vaultbeacon.maxRange.tooltip		计入的范围增益催化剂的最大数量。
vaultbeacon	configs.vaultbeacon.maxRegen.name		恢复：
vaultbeacon	configs.vaultbeacon.maxRegen.tooltip		计入的恢复增益催化剂的最大数量。
vaultbeacon	configs.vaultbeacon.maxResistance.name		抗性：
vaultbeacon	configs.vaultbeacon.maxResistance.tooltip		计入的抗性增益催化剂的最大数量。
vaultbeacon	configs.vaultbeacon.maxSaturation.name		饱和：
vaultbeacon	configs.vaultbeacon.maxSaturation.tooltip		计入的饱和增益催化剂的最大数量。
vaultbeacon	configs.vaultbeacon.maxSpeed.name		速度：
vaultbeacon	configs.vaultbeacon.maxSpeed.tooltip		计入的速度增益催化剂的最大数量。
vaultbeacon	configs.vaultbeacon.maxStrength.name		力量：
vaultbeacon	configs.vaultbeacon.maxStrength.tooltip		计入的力量增益催化剂的最大数量。
vaultbeacon	configs.vaultbeacon.reset		重置配置
vaultbeacon	configs.vaultbeacon.reset.tooltip		将配置恢复为默认值。
vaultbeacon	configs.vaultbeacon.save		保存配置
vaultbeacon	configs.vaultbeacon.save.tooltip		保存所有已更改的配置。
vaultbeacon	configs.vaultbeacon.title		宝库信标配置
vaultbeacon	item.vaultbeacon.security_key		安全钥匙
vaultbeacon	tooltip.vaultbeacon.catalyst.info		替代宝库信标基座中的宝库石。\n手持红石火把右键点击可隐藏增益纹理。
vaultbeacon	tooltip.vaultbeacon.security_key.info		用于宝库信标，将其锁定为你和你的研究团队所有。
vaultbeacon	tooltip.vaultbeacon.vault_beacon.info		以宝库石作为基座。\n手持宝库水晶右键点击以激活。
vaultcuriosenhancements	curios.identifier.antique_collector_book		古董邮票收藏册
vaultcuriosenhancements	curios.identifier.coin_pouch		硬币袋
vaultcuriosenhancements	curios.identifier.shard_pouch		碎片袋
vaultcuriosenhancements	curios.identifier.vault_map		宝库地图
vaultcuriosenhancements	key.categories.vault_curios_enhancements		宝库饰品增强
vaultcuriosenhancements	vault_curios_enhancements.open_radial_curios		打开饰品轮盘
vaultcuriosenhancements	vault_curios_enhancements.opencompass		打开罗盘目标选择
vaultfilters	create.item_attributes.affix_number		拥有一个至少增加"%1$s"的词缀
vaultfilters	create.item_attributes.affix_number.inverted		没有至少增加"%1$s"的词缀
vaultfilters	create.item_attributes.affix_plural		至少拥有"%2$s"个"%1$s"词缀
vaultfilters	create.item_attributes.affix_plural.inverted		没有至少"%2$s"个"%1$s"词缀
vaultfilters	create.item_attributes.affix_single		拥有一个"%1$s"词缀
vaultfilters	create.item_attributes.affix_single.inverted		没有"%1$s"词缀
vaultfilters	create.item_attributes.artifact_id		是一件 ID 为"%1$s"的神器
vaultfilters	create.item_attributes.artifact_id.inverted		不是 ID 为"%1$s"的神器
vaultfilters	create.item_attributes.atleast_soul		至少拥有"%1$s"灵魂价值
vaultfilters	create.item_attributes.atleast_soul.inverted		没有至少"%1$s"灵魂价值
vaultfilters	create.item_attributes.bag_empty		是一个空袋子
vaultfilters	create.item_attributes.bag_empty.inverted		不是一个空袋子
vaultfilters	create.item_attributes.bag_upgrade		是一个装有"%1$s"的袋子
vaultfilters	create.item_attributes.bag_upgrade.inverted		不是一个装有"%1$s"的袋子
vaultfilters	create.item_attributes.bag_uuid		是一个 UUID 为"%1$s"的袋子
vaultfilters	create.item_attributes.bag_uuid.inverted		不是一个 UUID 为"%1$s"的袋子
vaultfilters	create.item_attributes.base_ability_affix		拥有一个提升"%1$s"专精的词缀
vaultfilters	create.item_attributes.base_ability_affix.inverted		没有提升"%1$s"专精的词缀
vaultfilters	create.item_attributes.base_ability_card		是一张提升"%1$s"专精的卡片
vaultfilters	create.item_attributes.base_ability_card.inverted		不是一张提升"%1$s"专精的卡片
vaultfilters	create.item_attributes.boss_rune_booster_pack_type		是一个给予"%1$s"卡包的符文
vaultfilters	create.item_attributes.boss_rune_booster_pack_type.inverted		不是一个给予"%1$s"卡包的符文
vaultfilters	create.item_attributes.boss_rune_gear_rarity		是一个给予"%1$s"装备的符文
vaultfilters	create.item_attributes.boss_rune_gear_rarity.inverted		不是一个给予"%1$s"装备的符文
vaultfilters	create.item_attributes.boss_rune_gives_item		是一个给予"%1$s"的符文
vaultfilters	create.item_attributes.boss_rune_gives_item.inverted		不是一个给予"%1$s"的符文
vaultfilters	create.item_attributes.boss_rune_inscription_type		是一个给予"%1$s"类型铭刻的符文
vaultfilters	create.item_attributes.boss_rune_inscription_type.inverted		不是一个给予"%1$s"类型铭刻的符文
vaultfilters	create.item_attributes.boss_rune_modifier		是一个带有"%1$s"词缀的符文
vaultfilters	create.item_attributes.boss_rune_modifier.inverted		不是一个带有"%1$s"词缀的符文
vaultfilters	create.item_attributes.card_color		是一张"%1$s"色的卡片
vaultfilters	create.item_attributes.card_color.inverted		不是一张"%1$s"色的卡片
vaultfilters	create.item_attributes.card_condition_comp		是一张带有"%1$s"条件的卡片
vaultfilters	create.item_attributes.card_condition_comp.inverted		不是一张带有"%1$s"条件的卡片
vaultfilters	create.item_attributes.card_condition_group		是一张条件基于"%1$s"卡片的卡片
vaultfilters	create.item_attributes.card_condition_group.inverted		不是一张条件基于"%1$s"卡片的卡片
vaultfilters	create.item_attributes.card_condition_num		是一张条件允许"%1$s"张匹配卡片的卡片
vaultfilters	create.item_attributes.card_condition_num.inverted		不是一张条件允许"%1$s"张匹配卡片的卡片
vaultfilters	create.item_attributes.card_deck_has_modifier		是一个带有词缀的卡组
vaultfilters	create.item_attributes.card_deck_has_modifier.inverted		不是一个带有词缀的卡组
vaultfilters	create.item_attributes.card_deck_type		是一个"%1$s"
vaultfilters	create.item_attributes.card_deck_type.inverted		不是一个"%1$s"
vaultfilters	create.item_attributes.card_has_condition		是一张带有条件的卡片
vaultfilters	create.item_attributes.card_has_condition.inverted		不是一张带有条件的卡片
vaultfilters	create.item_attributes.card_modifier		是一张带有"%1$s"词缀的卡片
vaultfilters	create.item_attributes.card_modifier.inverted		不是一张带有"%1$s"词缀的卡片
vaultfilters	create.item_attributes.card_modifier_number		是一张至少拥有"%1$s"基础词缀的卡片
vaultfilters	create.item_attributes.card_modifier_number.inverted		不是一张至少拥有"%1$s"基础词缀的卡片
vaultfilters	create.item_attributes.card_pack_choose		在 MR 激活器模块中从已开启的卡包中选择一张卡片
vaultfilters	create.item_attributes.card_pack_choose.inverted		不在 MR 激活器模块中从已开启的卡包中选择卡片
vaultfilters	create.item_attributes.card_pack_opened		是一个已开启的卡包
vaultfilters	create.item_attributes.card_pack_opened.inverted		不是一个已开启的卡包
vaultfilters	create.item_attributes.card_pack_type		是一个"%1$s"卡包
vaultfilters	create.item_attributes.card_pack_type.inverted		不是一个"%1$s"卡包
vaultfilters	create.item_attributes.card_scale_type		是一张基于"%1$s"卡片计算的卡片
vaultfilters	create.item_attributes.card_scale_type.inverted		不是一张基于"%1$s"卡片计算的卡片
vaultfilters	create.item_attributes.card_scales		是一张可叠算的卡片
vaultfilters	create.item_attributes.card_scales.inverted		不是一张可叠算的卡片
vaultfilters	create.item_attributes.card_task		是一张根据"%1$s"提供奖励的资源卡
vaultfilters	create.item_attributes.card_task.inverted		不是一张根据"%1$s"提供奖励的资源卡
vaultfilters	create.item_attributes.card_task_number		是一张每份奖励最多需要"%1$s"次操作的资源卡
vaultfilters	create.item_attributes.card_task_number.inverted		不是一张每份奖励最多需要"%1$s"次操作的资源卡
vaultfilters	create.item_attributes.card_tier		是一张至少为"%1$s"阶的卡片
vaultfilters	create.item_attributes.card_tier.inverted		不是一张至少为"%1$s"的卡片
vaultfilters	create.item_attributes.card_type		是一张"%1$s"类型的卡片
vaultfilters	create.item_attributes.card_type.inverted		不是一张"%1$s"类型的卡片
vaultfilters	create.item_attributes.card_upgradable		是一张可升级的卡片
vaultfilters	create.item_attributes.card_upgradable.inverted		不是一张可升级的卡片
vaultfilters	create.item_attributes.catalyst_category		是一个带有"%1$s"类别词缀的催化剂
vaultfilters	create.item_attributes.catalyst_category.inverted		不是一个带有"%1$s"类别词缀的催化剂
vaultfilters	create.item_attributes.catalyst_modifier		是一个带有"%1$s"词缀的催化剂
vaultfilters	create.item_attributes.catalyst_modifier.inverted		不是一个带有"%1$s"词缀的催化剂
vaultfilters	create.item_attributes.catalyst_size		是一个尺寸至多为"%1$s"的催化剂
vaultfilters	create.item_attributes.catalyst_size.inverted		不是一个尺寸至多为"%1$s"的催化剂
vaultfilters	create.item_attributes.charm_affinity		至少增加"%1$s"亲和
vaultfilters	create.item_attributes.charm_affinity.inverted		没有至少增加"%1$s"亲和
vaultfilters	create.item_attributes.charm_god		增加对"%1$s"的亲和
vaultfilters	create.item_attributes.charm_god.inverted		没有增加对"%1$s"的亲和
vaultfilters	create.item_attributes.charm_rarity		是一个"%1$s"护符
vaultfilters	create.item_attributes.charm_rarity.inverted		不是一个"%1$s"护符
vaultfilters	create.item_attributes.charm_uses		一个至少剩余"%1$s"次使用次数的护符
vaultfilters	create.item_attributes.charm_uses.inverted		不是一个至少剩余"%1$s"次使用次数的护符
vaultfilters	create.item_attributes.companion_cooldown		是一个冷却中的同伴
vaultfilters	create.item_attributes.companion_cooldown.inverted		不是一个冷却中的同伴
vaultfilters	create.item_attributes.companion_egg_series		是一个"%1$s"系列的同伴蛋
vaultfilters	create.item_attributes.companion_egg_series.inverted		不是一个"%1$s"系列的同伴蛋
vaultfilters	create.item_attributes.companion_hearts		是一个至少拥有"%1$s"颗心的同伴
vaultfilters	create.item_attributes.companion_hearts.inverted		不是一个至少拥有"%1$s"颗心的同伴
vaultfilters	create.item_attributes.companion_level		是一个至少为"%1$s"级的同伴
vaultfilters	create.item_attributes.companion_level.inverted		不是一个至少为"%1$s"级的同伴
vaultfilters	create.item_attributes.companion_max_hearts		是一个至少拥有"%1$s"颗最大心的同伴
vaultfilters	create.item_attributes.companion_max_hearts.inverted		不是一个至少拥有"%1$s"颗最大心的同伴
vaultfilters	create.item_attributes.companion_relic_count		是一个至少拥有"%1$s"个词缀的同伴遗物
vaultfilters	create.item_attributes.companion_relic_count.inverted		不是一个至少拥有"%1$s"个词缀的同伴遗物
vaultfilters	create.item_attributes.companion_relic_modifiers		是一个带有"%1$s"词缀的同伴遗物
vaultfilters	create.item_attributes.companion_relic_modifiers.inverted		不是一个带有"%1$s"词缀的同伴遗物
vaultfilters	create.item_attributes.companion_retired		是一个已退役的同伴
vaultfilters	create.item_attributes.companion_retired.inverted		不是一个已退役的同伴
vaultfilters	create.item_attributes.companion_series		是一个"%1$s"系列的同伴
vaultfilters	create.item_attributes.companion_series.inverted		不是一个"%1$s"系列的同伴
vaultfilters	create.item_attributes.companion_skin_name		是一个皮肤为"%1$s"的同伴
vaultfilters	create.item_attributes.companion_skin_name.inverted		不是一个皮肤为"%1$s"的同伴
vaultfilters	create.item_attributes.companion_temporal		是一个带有"%1$s"时序词缀的同伴
vaultfilters	create.item_attributes.companion_temporal.inverted		不是一个带有"%1$s"时序词缀的同伴
vaultfilters	create.item_attributes.companion_trail_type		拥有"%1$s"尾迹类型
vaultfilters	create.item_attributes.companion_trail_type.inverted		没有"%1$s"尾迹类型
vaultfilters	create.item_attributes.corrupted_affix		拥有一个腐化的"%1$s"词缀
vaultfilters	create.item_attributes.corrupted_affix.inverted		没有腐化的"%1$s"词缀
vaultfilters	create.item_attributes.corrupted_implicit		拥有一个腐化的"%1$s"内蕴
vaultfilters	create.item_attributes.corrupted_implicit.inverted		没有腐化的"%1$s"内蕴
vaultfilters	create.item_attributes.corrupted_prefix		拥有一个腐化的"%1$s"前缀
vaultfilters	create.item_attributes.corrupted_prefix.inverted		没有腐化的"%1$s"前缀
vaultfilters	create.item_attributes.corrupted_suffix		拥有一个腐化的"%1$s"后缀
vaultfilters	create.item_attributes.corrupted_suffix.inverted		没有腐化的"%1$s"后缀
vaultfilters	create.item_attributes.current_potential		至少拥有"%1$s"合成潜力
vaultfilters	create.item_attributes.current_potential.inverted		没有至少"%1$s"合成潜力
vaultfilters	create.item_attributes.cut_count		已被免费切割"%1$s"次
vaultfilters	create.item_attributes.cut_count.inverted		未被免费切割"%1$s"次
vaultfilters	create.item_attributes.deck_core_type		是一个"%1$s"
vaultfilters	create.item_attributes.deck_core_type.inverted		不是一个"%1$s"
vaultfilters	create.item_attributes.deck_core_value		是一个至少拥有"%1$s"数值的卡组核心
vaultfilters	create.item_attributes.deck_core_value.inverted		不是一个至少拥有"%1$s"数值的卡组核心
vaultfilters	create.item_attributes.exact_soul		恰好拥有"%1$s"灵魂价值
vaultfilters	create.item_attributes.exact_soul.inverted		没有恰好"%1$s"灵魂价值
vaultfilters	create.item_attributes.faceted_focus_type		是一个带有"%1$s"词缀的棱面聚焦物
vaultfilters	create.item_attributes.faceted_focus_type.inverted		不是一个带有"%1$s"词缀的棱面聚焦物
vaultfilters	create.item_attributes.gear_rarity		是一件"%1$s"装备
vaultfilters	create.item_attributes.gear_rarity.inverted		不是一件"%1$s"装备
vaultfilters	create.item_attributes.gear_transmog		使用了"%1$s"幻化
vaultfilters	create.item_attributes.gear_transmog.inverted		没有使用"%1$s"幻化
vaultfilters	create.item_attributes.gear_unique		是一件唯一装备
vaultfilters	create.item_attributes.gear_unique.inverted		不是一件唯一装备
vaultfilters	create.item_attributes.gear_unique_key		是一件"%1$s"唯一装备
vaultfilters	create.item_attributes.gear_unique_key.inverted		不是一件"%1$s"唯一装备
vaultfilters	create.item_attributes.greater_affix		拥有一个强效"%1$s"词缀
vaultfilters	create.item_attributes.greater_affix.inverted		没有强效"%1$s"词缀
vaultfilters	create.item_attributes.has_corrupted		拥有一个腐化词缀
vaultfilters	create.item_attributes.has_corrupted.inverted		没有腐化词缀
vaultfilters	create.item_attributes.has_crafted		拥有一个合成词缀
vaultfilters	create.item_attributes.has_crafted.inverted		没有合成词缀
vaultfilters	create.item_attributes.has_frozen		拥有一个冰封词缀
vaultfilters	create.item_attributes.has_frozen.inverted		没有冰封词缀
vaultfilters	create.item_attributes.has_greater		拥有一个强效词缀
vaultfilters	create.item_attributes.has_greater.inverted		没有强效词缀
vaultfilters	create.item_attributes.has_legendary_plural		至少拥有"%1$s"个传奇词缀
vaultfilters	create.item_attributes.has_legendary_plural.inverted		没有至少"%1$s"个传奇词缀
vaultfilters	create.item_attributes.has_legendary_single		拥有一个传奇词缀
vaultfilters	create.item_attributes.has_legendary_single.inverted		没有传奇词缀
vaultfilters	create.item_attributes.has_living		是一件带有生命的装备
vaultfilters	create.item_attributes.has_living.inverted		不是一件带有生命的装备
vaultfilters	create.item_attributes.has_soul		拥有灵魂价值
vaultfilters	create.item_attributes.has_soul.inverted		没有灵魂价值
vaultfilters	create.item_attributes.implicit		拥有一个"%1$s"内蕴
vaultfilters	create.item_attributes.implicit.inverted		没有"%1$s"内蕴
vaultfilters	create.item_attributes.implicit_number		拥有一个至少增加"%1$s"的内蕴
vaultfilters	create.item_attributes.implicit_number.inverted		没有至少增加"%1$s"的内蕴
vaultfilters	create.item_attributes.inner_boss_rune		是一个奖励匹配"%1$s"的符文
vaultfilters	create.item_attributes.inner_boss_rune.inverted		不是一个奖励匹配"%1$s"的符文
vaultfilters	create.item_attributes.inner_card_pack		是一个包含匹配"%1$s"卡片的补充包
vaultfilters	create.item_attributes.inner_card_pack.inverted		不是一个包含匹配"%1$s"卡片的补充包
vaultfilters	create.item_attributes.inner_jewel_pouch		是一个包含匹配"%1$s"宝石的宝石袋
vaultfilters	create.item_attributes.inner_jewel_pouch.inverted		不是一个包含匹配"%1$s"宝石的宝石袋
vaultfilters	create.item_attributes.inscription_completion		至少增加"%1$s"完成度
vaultfilters	create.item_attributes.inscription_completion.inverted		没有至少增加"%1$s"完成度
vaultfilters	create.item_attributes.inscription_instability		至多增加"%1$s"不稳定性
vaultfilters	create.item_attributes.inscription_instability.inverted		没有至多增加"%1$s"不稳定性
vaultfilters	create.item_attributes.inscription_room		增加一个"%1$s"房间
vaultfilters	create.item_attributes.inscription_room.inverted		没有增加"%1$s"房间
vaultfilters	create.item_attributes.inscription_size		是一个尺寸至多为"%1$s"的铭刻
vaultfilters	create.item_attributes.inscription_size.inverted		不是一个尺寸至多为"%1$s"的铭刻
vaultfilters	create.item_attributes.inscription_time		至少增加"%1$s"秒
vaultfilters	create.item_attributes.inscription_time.inverted		没有至少增加"%1$s"秒
vaultfilters	create.item_attributes.inscription_type		 增加一个"%1$s"类型的房间
vaultfilters	create.item_attributes.inscription_type.inverted		没有增加"%1$s"类型的房间
vaultfilters	create.item_attributes.is_corrupted		是一件腐化的装备
vaultfilters	create.item_attributes.is_corrupted.inverted		不是一件腐化的装备
vaultfilters	create.item_attributes.is_crafted		是一件合成的装备
vaultfilters	create.item_attributes.is_crafted.inverted		不是一件合成的装备
vaultfilters	create.item_attributes.is_unidentified		是未鉴定的
vaultfilters	create.item_attributes.is_unidentified.inverted		不是未鉴定的
vaultfilters	create.item_attributes.item_name		是物品 ID 为"%1$s"的
vaultfilters	create.item_attributes.item_name.inverted		不是物品 ID 为"%1$s"的
vaultfilters	create.item_attributes.item_type		是一件"%1$s"物品
vaultfilters	create.item_attributes.item_type.inverted		不是一件"%1$s"物品
vaultfilters	create.item_attributes.jewel_pouch_choose		在 MR 激活器模块中从已开启的宝石袋中选择一颗宝石
vaultfilters	create.item_attributes.jewel_pouch_choose.inverted		不在 MR 激活器模块中从已开启的宝石袋中选择宝石
vaultfilters	create.item_attributes.jewel_pouch_opened		是一个已开启的宝石袋
vaultfilters	create.item_attributes.jewel_pouch_opened.inverted		不是一个宝石袋
vaultfilters	create.item_attributes.jewel_rarity		是一颗"%1$s"宝石
vaultfilters	create.item_attributes.jewel_rarity.inverted		不是一颗"%1$s"宝石
vaultfilters	create.item_attributes.jewel_size		是一颗尺寸至多为"%1$s"的宝石
vaultfilters	create.item_attributes.jewel_size.inverted		不是一颗尺寸至多为"%1$s"的宝石
vaultfilters	create.item_attributes.legendary_affix_plural		至少拥有"%2$s"个传奇"%1$s"词缀
vaultfilters	create.item_attributes.legendary_affix_plural.inverted		没有至少"%2$s"个传奇"%1$s"词缀
vaultfilters	create.item_attributes.legendary_affix_single		拥有一个传奇"%1$s"词缀
vaultfilters	create.item_attributes.legendary_affix_single.inverted		没有传奇"%1$s"词缀
vaultfilters	create.item_attributes.legendary_prefix		拥有一个传奇"%1$s"前缀
vaultfilters	create.item_attributes.legendary_prefix.inverted		没有传奇"%1$s"前缀
vaultfilters	create.item_attributes.legendary_suffix		拥有一个传奇"%1$s"后缀
vaultfilters	create.item_attributes.legendary_suffix.inverted		没有传奇"%1$s"后缀
vaultfilters	create.item_attributes.level		至少为"%1$s"级
vaultfilters	create.item_attributes.level.inverted		不是至少为"%1$s"级
vaultfilters	create.item_attributes.max_legendary		拥有满值传奇
vaultfilters	create.item_attributes.max_legendary.inverted		没有满值传奇
vaultfilters	create.item_attributes.max_potential		至少拥有"%1$s"最大合成潜力
vaultfilters	create.item_attributes.max_potential.inverted		没有至少"%1$s"最大合成潜力
vaultfilters	create.item_attributes.modifier_group_plural		在"%1$s"组中至少拥有"%2$s"个词缀
vaultfilters	create.item_attributes.modifier_group_plural.inverted		在"%1$s"组中没有至少"%2$s"个词缀
vaultfilters	create.item_attributes.modifier_group_single		在"%1$s"组中拥有一个词缀
vaultfilters	create.item_attributes.modifier_group_single.inverted		在"%1$s"组中没有词缀
vaultfilters	create.item_attributes.prefix		拥有一个"%1$s"前缀
vaultfilters	create.item_attributes.prefix.inverted		没有"%1$s"前缀
vaultfilters	create.item_attributes.prefix_number		拥有一个至少增加"%1$s"的前缀
vaultfilters	create.item_attributes.prefix_number.inverted		没有至少增加"%1$s"的前缀
vaultfilters	create.item_attributes.repair		至少拥有"%1$s"个未使用的修理槽
vaultfilters	create.item_attributes.repair.inverted		没有至少"%1$s"个未使用的修理槽
vaultfilters	create.item_attributes.rotten_scav		是一件腐坏的拾荒物品
vaultfilters	create.item_attributes.rotten_scav.inverted		不是一件腐坏的拾荒物品
vaultfilters	create.item_attributes.size		是一颗尺寸至多为"%1$s"的宝石
vaultfilters	create.item_attributes.size.inverted		不是一颗尺寸至多为"%1$s"的宝石
vaultfilters	create.item_attributes.soulbound_base		拥有灵魂绑定作为基础属性
vaultfilters	create.item_attributes.soulbound_base.inverted		没有灵魂绑定作为基础属性
vaultfilters	create.item_attributes.suffix		拥有一个"%1$s"后缀
vaultfilters	create.item_attributes.suffix.inverted		没有"%1$s"后缀
vaultfilters	create.item_attributes.suffix_number		拥有一个至少增加"%1$s"的后缀
vaultfilters	create.item_attributes.suffix_number.inverted		没有至少增加"%1$s"的后缀
vaultfilters	create.item_attributes.temporal_relic_modifier		是一个带有"%1$s"词缀的时序遗物
vaultfilters	create.item_attributes.temporal_relic_modifier.inverted		不是一个带有"%1$s"词缀的时序遗物
vaultfilters	create.item_attributes.tool_material		是一件"%1$s"宝库工具
vaultfilters	create.item_attributes.tool_material.inverted		不是一件"%1$s"宝库工具
vaultfilters	create.item_attributes.trinket_color		是一个"%1$s"色的饰品
vaultfilters	create.item_attributes.trinket_color.inverted		不是一个"%1$s"色的饰品
vaultfilters	create.item_attributes.trinket_name		是一个"%1$s"饰品
vaultfilters	create.item_attributes.trinket_name.inverted		不是一个"%1$s"饰品
vaultfilters	create.item_attributes.trinket_uses		一个至少剩余"%1$s"次使用次数的饰品
vaultfilters	create.item_attributes.trinket_uses.inverted		不是一个至少剩余"%1$s"次使用次数的饰品
vaultfilters	item.create.attribute_filter.tooltip.behaviour1		打开_配置界面_。
vaultfilters	item.create.attribute_filter.tooltip.condition1		右键点击时
vaultfilters	item.create.attribute_filter.tooltip.summary		将_物品_与一组_属性_或_类别_进行匹配，包含与 _Vault Hunters_ 相关的属性，用于分拣装备、宝石等。可用于某些模组的_过滤槽_（默认支持 Create、RS、MR、AE2 和背包）。多个此物品可放入一个_列表过滤器_中。
vaultfilters	item.create.filter.tooltip.behaviour1		打开_配置界面_。
vaultfilters	item.create.filter.tooltip.condition1		右键点击时
vaultfilters	item.create.filter.tooltip.summary		将_物品_与一组_物品_或_其他过滤器_（属性过滤器和列表过滤器）进行匹配。可用于某些模组的_过滤槽_（默认支持 Create、RS、MR、AE2 和背包）
vaultfilters	item.vaultfilters.card_pack_augment		卡包开启器增强件
vaultfilters	item.vaultfilters.jewel_pouch_augment		宝石袋开启器增强件
vaultfilters	modularrouters.itemText.usage.item.card_pack_augment		用于激活器模块。 \n在卡包上激活时，若存在匹配过滤器的卡片，将选择第一张匹配的卡片。
vaultfilters	modularrouters.itemText.usage.item.jewel_pouch_augment		用于激活器模块。 \n在宝石袋上激活时，若存在匹配过滤器的宝石，将选择第一颗匹配的宝石。
vaultfruitbag	configs.vaultfruitbag.fruits.name		宝库果实
vaultfruitbag	configs.vaultfruitbag.fruits.tooltip		允许放入袋中的宝库果实。最多 21 种
vaultfruitbag	configs.vaultfruitbag.pickup.name		启用拾取
vaultfruitbag	configs.vaultfruitbag.pickup.tooltip		启用/禁用自动将宝库果实拾取进袋子的功能。
vaultfruitbag	configs.vaultfruitbag.soulbound.name		启用灵魂绑定
vaultfruitbag	configs.vaultfruitbag.soulbound.tooltip		启用/禁用为袋子添加 §9灵魂绑定§r §r 的功能。
vaultfruitbag	item.vaultfruitbag.bag		果实袋
vaultfruitbag	tooltip.vaultfruitbag.fruit		%sx %s
vaultfruitbag	tooltip.vaultfruitbag.info		存放每种宝库果实各一组。
vaultfruitbag	tooltip.vaultfruitbag.soulbound		在铁砧上与灵魂绑定宝石合成即可添加灵魂绑定。
vaultintegrations	block.vaultintegrations.altar_conduit		祭坛导管
vaultintegrations	item.vaultintegrations.quantity_enhancement		数量强化
vaultintegrations	item.vaultintegrations.speed_enhancement		速度强化
vaultintegrations	item.vaultintegrations.teleport_enhancement		传送强化
vaultintegrations	itemGroup.vaultintegrations		宝库集成
vaultlootbeams	key.categories.vaultlootbeams		宝库战利品光柱
vaultlootbeams	key.vaultlootbeams.open_config		打开配置
vaultlootbeams	key.vaultlootbeams.reload_config		从文件重新加载配置
vaultlootbeams	vaultlootbeams.config.animateShadow		阴影动画
vaultlootbeams	vaultlootbeams.config.animateShadow.tooltip		光柱阴影是否随物品上下浮动而动。
vaultlootbeams	vaultlootbeams.config.beamAlpha		光柱不透明度
vaultlootbeams	vaultlootbeams.config.beamAlpha.tooltip		光柱的不透明度。
vaultlootbeams	vaultlootbeams.config.beamColorMode		光柱颜色模式
vaultlootbeams	vaultlootbeams.config.beamColorMode.tooltip		由什么来决定光柱的颜色。
vaultlootbeams	vaultlootbeams.config.beamHeight		光柱高度
vaultlootbeams	vaultlootbeams.config.beamHeight.tooltip		光柱的高度。
vaultlootbeams	vaultlootbeams.config.beamNameplate		渲染光柱名牌
vaultlootbeams	vaultlootbeams.config.beamNameplate.tooltip		是否渲染名牌。名牌由物品名称、数量（可配置）与稀有度（可配置）组成。
vaultlootbeams	vaultlootbeams.config.beamParticles		渲染光柱粒子
vaultlootbeams	vaultlootbeams.config.beamParticles.tooltip		是否渲染光柱粒子。
vaultlootbeams	vaultlootbeams.config.beamRadius		光柱半径
vaultlootbeams	vaultlootbeams.config.beamRadius.tooltip		光柱的半径。
vaultlootbeams	vaultlootbeams.config.beamRenderMode		光柱渲染模式
vaultlootbeams	vaultlootbeams.config.beamRenderMode.tooltip		控制光柱所用的纹理与着色器。
vaultlootbeams	vaultlootbeams.config.beamShadow		渲染光柱阴影
vaultlootbeams	vaultlootbeams.config.beamShadow.tooltip		光柱是否渲染发光的阴影。
vaultlootbeams	vaultlootbeams.config.beamYOffset		光柱 Y 轴偏移
vaultlootbeams	vaultlootbeams.config.beamYOffset.tooltip		光柱在 Y 轴上的偏移。
vaultlootbeams	vaultlootbeams.config.category.beam_colors		光柱颜色
vaultlootbeams	vaultlootbeams.config.category.beam_nameplate		光柱名牌
vaultlootbeams	vaultlootbeams.config.category.beam_particles		光柱粒子
vaultlootbeams	vaultlootbeams.config.category.beam_properties		光柱属性
vaultlootbeams	vaultlootbeams.config.category.general		常规
vaultlootbeams	vaultlootbeams.config.category.landing_sound		落地音效
vaultlootbeams	vaultlootbeams.config.colors		颜色
vaultlootbeams	vaultlootbeams.config.colors.preview		颜色预览：
vaultlootbeams	vaultlootbeams.config.colors.tooltip		光柱的颜色。设置多种颜色时会在它们之间渐变过渡。
vaultlootbeams	vaultlootbeams.config.colors.transition		过渡预览
vaultlootbeams	vaultlootbeams.config.customNameplateRarities		自定义名牌稀有度
vaultlootbeams	vaultlootbeams.config.customNameplateRarities.tooltip		需要在名牌下方显示的自定义稀有度。（必须位于物品名称的下一行）
vaultlootbeams	vaultlootbeams.config.error.invalidColor		颜色无效，格式应类似 0xFFFFFF
vaultlootbeams	vaultlootbeams.config.error.invalidItem		物品标识符无效
vaultlootbeams	vaultlootbeams.config.error.invalidItemMatcher		物品匹配器无效
vaultlootbeams	vaultlootbeams.config.error.invalidModId		模组 ID 无效
vaultlootbeams	vaultlootbeams.config.error.invalidTag		标签标识符无效
vaultlootbeams	vaultlootbeams.config.items		物品
vaultlootbeams	vaultlootbeams.config.items.tooltip		应使用这些颜色的物品。
vaultlootbeams	vaultlootbeams.config.landingSound		播放落地音效
vaultlootbeams	vaultlootbeams.config.landingSound.tooltip		物品落地时是否播放音效。
vaultlootbeams	vaultlootbeams.config.listSyntax		所有物品列表条目可以是以下任意一种：{modid}:{item}（仅该物品）、{modid}:*{matcher}（该模组中 ID 以 matcher 结尾的所有物品）、#{tag}（该标签内的所有物品），或 {modid}（该模组内的所有物品）。
vaultlootbeams	vaultlootbeams.config.manage_color_groups		管理颜色组
vaultlootbeams	vaultlootbeams.config.manage_color_groups.tooltip		输入要添加或删除的新颜色组，重新打开此编辑器时即会生效。
vaultlootbeams	vaultlootbeams.config.manage_particle_groups		管理粒子组
vaultlootbeams	vaultlootbeams.config.manage_particle_groups.tooltip		输入要添加或删除的新粒子组，重新打开此编辑器时即会生效。
vaultlootbeams	vaultlootbeams.config.nameplateBackgroundAlpha		名牌背景不透明度
vaultlootbeams	vaultlootbeams.config.nameplateBackgroundAlpha.tooltip		名牌背景与边框的不透明度。
vaultlootbeams	vaultlootbeams.config.nameplateBlacklist		渲染名牌黑名单
vaultlootbeams	vaultlootbeams.config.nameplateBlacklist.tooltip		无论如何都不渲染名牌的物品。
vaultlootbeams	vaultlootbeams.config.nameplateCondition		渲染名牌条件
vaultlootbeams	vaultlootbeams.config.nameplateCondition.tooltip		渲染名牌的全局条件。
vaultlootbeams	vaultlootbeams.config.nameplateIncludeCount		渲染名牌数量
vaultlootbeams	vaultlootbeams.config.nameplateIncludeCount.tooltip		名牌上是否显示物品数量。
vaultlootbeams	vaultlootbeams.config.nameplateLookSensitivity		名牌注视灵敏度
vaultlootbeams	vaultlootbeams.config.nameplateLookSensitivity.tooltip		玩家需要多准地看向物品才会渲染名牌。
vaultlootbeams	vaultlootbeams.config.nameplateOnLook		注视时显示名牌
vaultlootbeams	vaultlootbeams.config.nameplateOnLook.tooltip		看向物品时是否渲染名牌。
vaultlootbeams	vaultlootbeams.config.nameplateOutline		渲染名牌描边
vaultlootbeams	vaultlootbeams.config.nameplateOutline.tooltip		名牌是否带边框。设为否则是带背景的扁平名牌。
vaultlootbeams	vaultlootbeams.config.nameplateScale		名牌缩放
vaultlootbeams	vaultlootbeams.config.nameplateScale.tooltip		名牌的缩放比例。
vaultlootbeams	vaultlootbeams.config.nameplateTextAlpha		名牌文字不透明度
vaultlootbeams	vaultlootbeams.config.nameplateTextAlpha.tooltip		名牌文字的不透明度。
vaultlootbeams	vaultlootbeams.config.nameplateWhitelist		渲染名牌白名单
vaultlootbeams	vaultlootbeams.config.nameplateWhitelist.tooltip		无论渲染条件如何都渲染名牌的物品。
vaultlootbeams	vaultlootbeams.config.nameplateYOffset		名牌 Y 轴偏移
vaultlootbeams	vaultlootbeams.config.nameplateYOffset.tooltip		名牌在 Y 轴上的偏移。
vaultlootbeams	vaultlootbeams.config.new_id		新 ID
vaultlootbeams	vaultlootbeams.config.new_id.tooltip		将当前 ID 重命名为该值。
vaultlootbeams	vaultlootbeams.config.particleBlacklist		渲染粒子黑名单
vaultlootbeams	vaultlootbeams.config.particleBlacklist.tooltip		无论如何都不渲染粒子的物品。
vaultlootbeams	vaultlootbeams.config.particleCondition		渲染粒子条件
vaultlootbeams	vaultlootbeams.config.particleCondition.tooltip		渲染粒子的全局条件。
vaultlootbeams	vaultlootbeams.config.particleCount		粒子数量
vaultlootbeams	vaultlootbeams.config.particleCount.tooltip		每秒生成的粒子数量。
vaultlootbeams	vaultlootbeams.config.particleLifetime		粒子存活时间
vaultlootbeams	vaultlootbeams.config.particleLifetime.tooltip		粒子的存活时间，单位为刻。
vaultlootbeams	vaultlootbeams.config.particleSize		粒子大小
vaultlootbeams	vaultlootbeams.config.particleSize.tooltip		粒子的大小。
vaultlootbeams	vaultlootbeams.config.particleSpeed		粒子速度
vaultlootbeams	vaultlootbeams.config.particleSpeed.tooltip		粒子的速度。
vaultlootbeams	vaultlootbeams.config.particleSpread		粒子扩散范围
vaultlootbeams	vaultlootbeams.config.particleSpread.tooltip		粒子的扩散范围。
vaultlootbeams	vaultlootbeams.config.particleWhitelist		渲染粒子白名单
vaultlootbeams	vaultlootbeams.config.particleWhitelist.tooltip		无论渲染条件如何都渲染粒子的物品。
vaultlootbeams	vaultlootbeams.config.renderBlacklist		渲染黑名单
vaultlootbeams	vaultlootbeams.config.renderBlacklist.tooltip		无论如何都不渲染战利品光柱的物品。
vaultlootbeams	vaultlootbeams.config.renderCondition		渲染条件
vaultlootbeams	vaultlootbeams.config.renderCondition.tooltip		物品渲染战利品光柱的全局要求。
vaultlootbeams	vaultlootbeams.config.renderDistance		渲染距离
vaultlootbeams	vaultlootbeams.config.renderDistance.tooltip		玩家需要靠多近才能看到光柱。（注意：原版物品在 24 格以外就不再渲染）
vaultlootbeams	vaultlootbeams.config.renderVanillaRarities		渲染原版稀有度
vaultlootbeams	vaultlootbeams.config.renderVanillaRarities.tooltip		是否在名牌下方显示原版稀有度。
vaultlootbeams	vaultlootbeams.config.renderWhitelist		渲染白名单
vaultlootbeams	vaultlootbeams.config.renderWhitelist.tooltip		无论渲染条件如何都渲染战利品光柱的物品。
vaultlootbeams	vaultlootbeams.config.requireGround		要求物品在地面
vaultlootbeams	vaultlootbeams.config.requireGround.tooltip		物品是否需要位于地面才会渲染战利品光柱。
vaultlootbeams	vaultlootbeams.config.shadowAlphaMultiplier		阴影不透明度倍率
vaultlootbeams	vaultlootbeams.config.shadowAlphaMultiplier.tooltip		应用于阴影不透明度的倍率。
vaultlootbeams	vaultlootbeams.config.shadowRadius		阴影半径
vaultlootbeams	vaultlootbeams.config.shadowRadius.tooltip		阴影的半径。
vaultlootbeams	vaultlootbeams.config.soundBlacklist		播放音效黑名单
vaultlootbeams	vaultlootbeams.config.soundBlacklist.tooltip		无论如何都不播放音效的物品。
vaultlootbeams	vaultlootbeams.config.soundCondition		播放音效条件
vaultlootbeams	vaultlootbeams.config.soundCondition.tooltip		播放音效的全局条件。
vaultlootbeams	vaultlootbeams.config.soundVolume		音效音量
vaultlootbeams	vaultlootbeams.config.soundVolume.tooltip		音效的音量。
vaultlootbeams	vaultlootbeams.config.soundWhitelist		播放音效白名单
vaultlootbeams	vaultlootbeams.config.soundWhitelist.tooltip		无论渲染条件如何都播放音效的物品。
vaultlootbeams	vaultlootbeams.config.title		宝库战利品光柱配置
vaultlootbeams	vaultlootbeams.config.whiteBeamCenter		渲染白色光柱核心
vaultlootbeams	vaultlootbeams.config.whiteBeamCenter.tooltip		光柱是否渲染一道白色的中心光柱。
vaultlootbeams	vaultlootbeams.config.whitelistColorOverrides		白名单颜色覆盖
vaultlootbeams	vaultlootbeams.config.whitelistColorOverrides.tooltip		带有颜色覆盖的物品是否也算作白名单内而参与渲染。
vaultmapper	key.categories.vaultmapper		宝库地图
vaultmapper	key.vaultmapper.mark		标记当前房间
vaultmapper	key.vaultmapper.openconfig		打开配置界面
vaultmapper	key.vaultmapper.reconnectsync		重启 VMSync（调试）
vaultmapper	key.vaultmapper.togglemap		切换宝库地图
vaultmapper	key.vaultmapper.toggleviewercode		切换观众代码
vending_companions	block.vending_companions.companion_vending_machine		伙伴储物柜
vhatcaniroll	key.categories.vhatcaniroll		VHat can I roll?
vhatcaniroll	vhatcaniroll.key.hover_tooltip		按住 %s 查看词条
vhatcaniroll	vhatcaniroll.openmodscreen		打开「VHat can I roll?」界面
vhatcaniroll	vhatcaniroll.openmodscreen_hover		打开「VHat can I roll?」界面（悬停）
vhatcaniroll	vhatcaniroll.screen.title.crafted		打造词条
vhatcaniroll	vhatcaniroll.screen.title.etchings		蚀刻
vhatcaniroll	vhatcaniroll.screen.title.random		随机词条
vhatcaniroll	vhatcaniroll.screen.title.transmogs		幻化外观
vhatcaniroll	vhatcaniroll.screen.title.unique		独特装备
visual_keybinder	key.raws_visual_keybinder.category		可视化按键绑定
visual_keybinder	key.raws_visual_keybinder.open_screen		打开可视化按键绑定界面
voicechat	cloth_config.voicechat.category.group_chat_icons		群组聊天图标
voicechat	cloth_config.voicechat.config.ptt_deactivation_delay		按键通话关闭延迟
voicechat	cloth_config.voicechat.config.ptt_deactivation_delay.description		使用按键通话时麦克风关闭所需的时间。\n数值 1 表示 20 毫秒，2 表示 40 毫秒，3 表示 60 毫秒，以此类推。
voicechat	cloth_config.voicechat.config.show_hud_icons		显示语音聊天 HUD 图标
voicechat	cloth_config.voicechat.config.show_hud_icons.description		是否在 HUD 上显示语音聊天图标
voicechat	cloth_config.voicechat.config.show_nametag_icons		显示语音聊天名牌图标
voicechat	cloth_config.voicechat.config.show_nametag_icons.description		是否在玩家名旁显示语音聊天图标
voicechat	message.voicechat.default_microphone		系统默认
voicechat	message.voicechat.default_speaker		系统默认
voicechat	message.voicechat.gain		增益：%s
voicechat	message.voicechat.gain.auto		自动
voicechat	message.voicechat.gain.manual		手动
voicechat	message.voicechat.gain.manual.warning		请保持启用麦克风自动增益调节，以确保听到你声音的所有人获得一致的音量。
voicechat	message.voicechat.microphone_gain.warning		放大超过 %s dB 可能导致音频失真及其他问题！
voicechat	message.voicechat.native_error		部分模块加载失败——你的操作系统可能不受支持。
voicechat	message.voicechat.onboarding.activation.voice		你说话时 %s 会自动激活麦克风。
voicechat	message.voicechat.onboarding.voice.description		启用麦克风测试，并确认说话时能听到自己的声音。若无效，请改用手动语音激活并调整语音激活阈值。
voicechat	message.voicechat.onboarding.voice.title		调整语音激活
voicechat	message.voicechat.test_speaker		按下以播放测试音效。
voicechat	message.voicechat.voice_activation_detection		语音激活：%s
voicechat	message.voicechat.voice_activation_detection.auto		自动
voicechat	message.voicechat.voice_activation_detection.manual		手动
voidworld	voidworld.empty_world_type		虚空
waddles	_comment		提示信息
waterframes	itemGroup.waterframes		水幕画框
waterframes	waterframes.gui.label.url		URL
waterframes	waterframes.gui.url		URL
waterframes	waterframes.status.buffering		正在缓冲……
waterframes	waterframes.status.cache		已从缓存加载
waterframes	waterframes.status.failed.video		打开视频失败
waterframes	waterframes.status.idle.desc		输入任意 URL 即可开始
weather_control	advancements.dream_block_ach.descr		掌控时间！
weather_control	advancements.dream_block_ach.title		梦境之力
weather_control	advancements.dream_item_ach.descr		双重掌控时间！
weather_control	advancements.dream_item_ach.title		便携梦境之力
weather_control	advancements.give_book.descr		了解天气控制
weather_control	advancements.give_book.title		天气百科
weather_control	advancements.rain_block_ach.descr		掌控天气！
weather_control	advancements.rain_block_ach.title		降雨之力
weather_control	advancements.rain_item_ach.descr		双重掌控天气！
weather_control	advancements.rain_item_ach.title		便携降雨之力
weather_control	block.weather_control.dw_active		§5织梦者
weather_control	block.weather_control.dw_offline		§5织梦者
weather_control	block.weather_control.dw_online		§5织梦者
weather_control	block.weather_control.rm_active		§3唤雨者
weather_control	block.weather_control.rm_offline		§3唤雨者
weather_control	block.weather_control.rm_online		§3唤雨者
weather_control	enchantment.weather_control.cd_enchant		冷却附魔
weather_control	enchantment.weather_control.cd_enchant.desc		让唤雨者迷你与织梦者迷你无冷却时间。
weather_control	enchantment.weather_control.xp_enchant		经验附魔
weather_control	enchantment.weather_control.xp_enchant.desc		让唤雨者迷你与织梦者迷你无需消耗经验。
weather_control	item.weather_control.dream_disk		§b音乐唱片
weather_control	item.weather_control.dream_disk.desc		§5梦系列：梦境
weather_control	item.weather_control.dw_casing		织梦者外壳
weather_control	item.weather_control.dw_core		织梦者核心
weather_control	item.weather_control.dw_sensor		织梦者传感器
weather_control	item.weather_control.dw_vent		织梦者通风口
weather_control	item.weather_control.dwp		§5织梦者迷你
weather_control	item.weather_control.mini_housing		迷你控制器
weather_control	item.weather_control.p_book		P 手册
weather_control	item.weather_control.rain_disk		§b音乐唱片
weather_control	item.weather_control.rain_disk.desc		§5梦系列：雨
weather_control	item.weather_control.rm_casing		唤雨者外壳
weather_control	item.weather_control.rm_core		唤雨者核心
weather_control	item.weather_control.rm_sensor		唤雨者传感器
weather_control	item.weather_control.rm_vent		唤雨者通风口
weather_control	item.weather_control.rmp		§3唤雨者迷你
weather_control	itemGroup.tabmod_tab		天气控制
xercapaint	canvas.byAuthor		作者：%1$s
xercapaint	canvas.editTitle		输入画作标题：
xercapaint	canvas.empty		空白画布
xercapaint	canvas.finalizeButton		签名并关闭
xercapaint	canvas.finalizeWarning		注意！画作一旦签名，将无法再编辑。
xercapaint	canvas.generation.0		原作
xercapaint	canvas.generation.1		原作的复制品
xercapaint	canvas.generation.2		复制品的复制品
xercapaint	canvas.signButton		签名
xercapaint	easel.deny		现在有其他人正在创作这幅画
xercapaint	export.fail		无法导出画作
xercapaint	export.success		画作已导出至 %1$s
xercapaint	import.fail.1		在生存模式下导入画作，主手必须持有空白画布
xercapaint	import.fail.2		在生存模式下导入该画作，画布尺寸必须正确（%1$s）
xercapaint	import.fail.3		在生存模式下导入画作，副手必须持有含全部基础颜色的调色板
xercapaint	import.fail.4		无法解析命令或读取画作文件（%1$s）
xercapaint	import.success		画作已导入
xnet	itemGroup.xnet		XNet
yungscavebiomes	death.attack.ycb_icicle		%1$s 被掉落的冰锥刺穿
yungscavebiomes	death.attack.ycb_icicle.player		%1$s 在与 %2$s 战斗时被掉落的冰锥刺穿
yungscavebiomes	death.attack.ycb_pricklyVines		%1$s 被尖刺藤蔓扎死
yungscavebiomes	death.attack.ycb_pricklyVines.player		%1$s 在试图逃离 %2$s 时被尖刺藤蔓扎死
yungscavebiomes	itemGroup.yungscavebiomes.general		YUNG 的洞穴群系
yungscavebiomes	text.autoconfig.yungscavebiomes-fabric-1_18_2.option.lostCaves.enableSandstorms		启用沙暴
yungscavebiomes	text.autoconfig.yungscavebiomes-fabric-1_18_2.option.lostCaves.extraSandstormParticles		沙暴期间渲染额外粒子
yungscavebiomes	text.autoconfig.yungscavebiomes-fabric-1_18_2.option.lostCaves.maxSandstormDuration		沙暴最长持续时间（秒）
yungscavebiomes	text.autoconfig.yungscavebiomes-fabric-1_18_2.option.lostCaves.maxTimeBetweenSandstorms		沙暴最大间隔时间（秒）
yungscavebiomes	text.autoconfig.yungscavebiomes-fabric-1_18_2.option.lostCaves.minSandstormDuration		沙暴最短持续时间（秒）
yungscavebiomes	text.autoconfig.yungscavebiomes-fabric-1_18_2.option.lostCaves.minTimeBetweenSandstorms		沙暴最小间隔时间（秒）
yungscavebiomes	text.autoconfig.yungscavebiomes-fabric-1_18_2.title		YUNG 的洞穴生物群系
advancedperipherals	itemGroup.advancedperipheralstab	Advanced Peripherals	Advanced Peripherals
ae2insertexportcard	itemGroup.ae2insertexportcard	AE2 Insert Export Card	AE2 导入导出卡
botanicalmachinery	itemGroup.botanicalmachinery	Botanical Machinery	Botanical Machinery
copycats	itemGroup.copycats.functional	Create: Copycats+ | Functional	Create: Copycats+ | 功能
copycats	itemGroup.copycats.main	Create: Copycats+ | Decorative	Create: Copycats+ | 装饰
fluiddrawerslegacy	itemGroup.fluiddrawers	Fluid Drawers	Fluid Drawers
functionalstorage	itemGroup.functionalstorage	Functional Storage	Functional Storage
immersive_paintings	itemGroup.immersive_paintings.immersive_paintings_tab	Immersive Paintings	Immersive Paintings
lightmanscurrency	itemGroup.lightmanscurrency.coins	Rupees & Items	卢比与物品
merequester	itemGroup.merequester	ME Requester	ME Requester
sophisticatedbackpacks	itemGroup.sophisticatedbackpacks	Sophisticated Backpacks	Sophisticated Backpacks
sophisticatedbackpacks	itemGroup.sophisticatedbackpacks	Sophisticated Backpacks	Sophisticated Backpacks
sophisticatedstorage	itemGroup.sophisticatedstorage	Sophisticated Storage	Sophisticated Storage
advancedperipherals	itemGroup.advancedperipherals	Advanced Peripherals	Advanced Peripherals
ae2things	itemGroup.ae2things	AE2 Things	AE2 扩展
angelring	itemGroup.angelring	Angel Ring 2	天使指环2
appbot	itemGroup.appbot	Applied Botanics	应用植物学
ae2	itemGroup.ae2	Applied Energistics 2	应用能源2
architects_palette	itemGroup.architects_palette	Architect's Palette	建筑师的调色板
minecraft	itemGroup.architectury	Architectury	Architectury
autoreglib	itemGroup.autoreglib	AutoRegLib	AutoRegLib
minecraft	itemGroup.balm	Balm	Balm
bdlib	itemGroup.bdlib	BdLib	BdLib
bettertridents	itemGroup.bettertridents	Better Tridents	更好的三叉戟
bobberdetector	itemGroup.bobberdetector	Bobber Detector	浮漂检测器
bookshelf	itemGroup.bookshelf	Bookshelf	书架
brandonscore	itemGroup.brandonscore	Brandon's Core	Brandon's Core
buildersdelight	itemGroup.buildersdelight	Builder's Delight	建筑工的乐事
cable_facades	itemGroup.cable_facades	Cable Facades	线缆外观
cagerium	itemGroup.cagerium	cagerium	cagerium
camera	itemGroup.camera	Camera Mod	相机模组
casinocraft	itemGroup.casinocraft	CasinoCraft	CasinoCraft
cccbridge	itemGroup.cccbridge	CC:C Bridge	CC:C Bridge
ccvault	itemGroup.ccvault	CC Vault	CC Vault
chipped	itemGroup.chipped	Chipped	凿刻
chunkymcchunkface	itemGroup.chunkymcchunkface	Chunky McChunkFace	Chunky McChunkFace
luphieclutteredmod	itemGroup.luphieclutteredmod	Cluttered	杂物
codechickenlib	itemGroup.codechickenlib	CodeChicken Lib	CodeChicken Lib
cofh_core	itemGroup.cofh_core	CoFH Core	CoFH Core
minecraft	itemGroup.collective	Collective	Collective
commoncapabilities	itemGroup.commoncapabilities	CommonCapabilities	CommonCapabilities
vending_companions	itemGroup.vending_companions	Companion Locker	伙伴储物柜
compressedcreativity	itemGroup.compressedcreativity	Compressed Creativity	压缩动力
controllable	itemGroup.controllable	Controllable	Controllable
cookingforblockheads	itemGroup.cookingforblockheads	CookingForBlockheads	方块人烹饪
copycats	itemGroup.copycats	Create: Copycats+	Create: Copycats+
crafting_on_a_stick	itemGroup.crafting_on_a_stick	Crafting On A Stick	手杖合成
crafttweaker	itemGroup.crafttweaker	CraftTweaker	CraftTweaker
create	itemGroup.create	Create	机械动力
create_enchantment_industry	itemGroup.create_enchantment_industry	Create Enchantment Industry	机械动力：附魔工业
create_mechanical_extruder	itemGroup.create_mechanical_extruder	Create Mechanical Extruder	机械动力：机械挤压机
createaddition	itemGroup.createaddition	Create Crafts & Additions	机械动力：工艺与附加
createdeco	itemGroup.createdeco	Create Deco	机械动力装饰
createdieselgenerators	itemGroup.createdieselgenerators	Create Diesel Generators	机械动力：柴油动力
cucumber	itemGroup.cucumber	Cucumber Library	Cucumber Library
curios	itemGroup.curios	Curios API	Curios API
davebuildingmod	itemGroup.davebuildingmod	Dave's Building Extended	DBE 扩展
decorative_blocks	itemGroup.decorative_blocks	Decorative Blocks	装饰方块
draconicadditions	itemGroup.draconicadditions	Draconic Additions	龙之进化：附加
draconicevolution	itemGroup.draconicevolution	Draconic Evolution	龙之进化
dungeons_mobs	itemGroup.dungeons_mobs	Dungeons Mobs	地下城生物
dyenamics	itemGroup.dyenamics	Dyenamics	动染学
dyenamicsandfriends	itemGroup.dyenamicsandfriends	Dyenamics and Friends	动染学与朋友
eccentrictome	itemGroup.eccentrictome	Eccentric Tome	怪诞之书
ecologics	itemGroup.ecologics	Ecologics	丰富的生态
effortlessbuilding	itemGroup.effortlessbuilding	Effortless Building	轻松建造
elevatorid	itemGroup.elevatorid	Elevator Mod	电梯模组
enercell	itemGroup.enercell	Enercell	Enercell
entangled	itemGroup.entangled	Entangled	纠缠
explorerscompass	itemGroup.explorerscompass	Explorer's Compass	探险家指南针
extrastorage	itemGroup.extrastorage	Extra Storage	额外存储
farmingforblockheads	itemGroup.farmingforblockheads	Farming for Blockheads	方块人农场
fluiddrawerslegacy	itemGroup.fluiddrawerslegacy	Fluid Drawers Legacy	Fluid Drawers
framedblocks	itemGroup.framedblocks	FramedBlocks	镶框方块
framedcompactdrawers	itemGroup.framedcompactdrawers	Framed Compacting Drawers	镶框压缩抽屉
ftblibrary	itemGroup.ftblibrary	FTB Library	FTB Library
geckolib3	itemGroup.geckolib3	GeckoLib	GeckoLib
iammusicplayer	itemGroup.iammusicplayer	Iam Music Player Renewed	音乐播放器
immersive_aircraft	itemGroup.immersive_aircraft	Immersive Aircraft	沉浸式飞机
immersive_paintings	itemGroup.immersive_paintings	Immersive Paintings	Immersive Paintings
incorporeal	itemGroup.incorporeal	Incorporeal 3	无形
industrialforegoing	itemGroup.industrialforegoing	Industrial Foregoing	工业先锋
ironchests	itemGroup.ironchests	Iron Chests: Restocked	铁箱：再库存
irongenerators	itemGroup.irongenerators	Iron Generators	铁发电机
ispawner	itemGroup.ispawner	iSpawner	iSpawner
itemfilters	itemGroup.itemfilters	Item Filters	物品过滤器
javd	itemGroup.javd	Just Another Void Dim	JAVD
jecalculation	itemGroup.jecalculation	Just Enough Calculation	Just Enough Calculation
jei	itemGroup.jei	Just Enough Items	Just Enough Items
laserbridges	itemGroup.laserbridges	Laser Bridges & Doors	激光桥与门
lctech	itemGroup.lctech	Lightman's Currency Tech	Lightman's Currency Tech
libx	itemGroup.libx	LibX	LibX
lightmanscurrency	itemGroup.lightmanscurrency	Lightman's Currency	Lightman's Currency
littlecontraptions	itemGroup.littlecontraptions	Little Contraptions	小小装置
littlelogistics	itemGroup.littlelogistics	Little Logistics	小小物流
minecraft	itemGroup.lucky77	Lucky77	Lucky77
mantle	itemGroup.mantle	Mantle	Mantle
masuplots	itemGroup.masuplots	MasuPlots	MasuPlots
mcjtylib	itemGroup.mcjtylib	McJtyLib	McJtyLib
measurements	itemGroup.measurements	Measurements	测量工具
mekanism	itemGroup.mekanism	Mekanism	通用机械
mekanismgenerators	itemGroup.mekanismgenerators	Mekanism: Generators	通用机械发电机
mifa	itemGroup.mifa	More Industrial Foregoing Addons	更多工业先锋附加
mining_dimension	itemGroup.mining_dimension	Mining World	挖矿世界
dummmmmmy	itemGroup.dummmmmmy	MmmMmmMmmMmm	MmmMmmMmmMmm
mobprocessor	itemGroup.mobprocessor	MobProcessor	生物处理器
modernfix	itemGroup.modernfix	ModernFix	ModernFix
more_immersive_wires	itemGroup.more_immersive_wires	More Immersive Wires	更多沉浸工程线缆
moremekanismprocessing	itemGroup.moremekanismprocessing	More Mekanism Processing	更多通用机械处理
morphtool	itemGroup.morphtool	Morph-o-Tool	变形工具
naturalist	itemGroup.naturalist	Naturalist	自然主义
naturescompass	itemGroup.naturescompass	Nature's Compass	自然指南针
otyacraftengine	itemGroup.otyacraftengine	Otyacraft Engine	Otyacraft Engine
parcool	itemGroup.parcool	ParCool!	跑酷!
patchouli	itemGroup.patchouli	Patchouli	Patchouli
placebo	itemGroup.placebo	Placebo	Placebo
minecraft	itemGroup.puzzleslib	Puzzles Lib	Puzzles Lib
quark	itemGroup.quark	Quark	Quark
rechiseled	itemGroup.rechiseled	Rechiseled	Rechiseled
rechiseledcreate	itemGroup.rechiseledcreate	Rechiseled: Create	Rechiseled: Create
regions_unexplored	itemGroup.regions_unexplored	Regions Unexplored	未至之域
rottencreatures	itemGroup.rottencreatures	Rotten Creatures	腐烂生物
rsinfinitybooster	itemGroup.rsinfinitybooster	RSInfinityBooster	RSInfinityBooster
scannable	itemGroup.scannable	Scannable	扫描仪
selene	itemGroup.selene	Selene	Selene
skyblockbuilder	itemGroup.skyblockbuilder	Skyblock Builder	空岛构建
smallships	itemGroup.smallships	Small Ships	小型船只
snad	itemGroup.snad	Snad	Snad
sophisticatedcore	itemGroup.sophisticatedcore	Sophisticated Core	Sophisticated Core
sophisticatedvault	itemGroup.sophisticatedvault	Sophisticated Vault Storage	Sophisticated Vault Storage
sophisticatedvaultupgrades	itemGroup.sophisticatedvaultupgrades	Sophisticated Vault Upgrades	Sophisticated Vault Upgrades
minecraft	itemGroup.supermartijn642corelib	SuperMartijn642's Core Lib	SuperMartijn642's Core Lib
minecraft	itemGroup.thermal_dynamics	Thermal Dynamics	热力动力学
minecraft	itemGroup.thermal_expansion	Thermal Expansion	热力膨胀
thermal	itemGroup.thermal	Thermal Series	热力系列
thermal_extra	itemGroup.thermal_extra	Thermal: Extra	热力扩展
tiab	itemGroup.tiab	Time In A Bottle	瓶中时光
titanium	itemGroup.titanium	Titanium	钛
toolbelt	itemGroup.toolbelt	Tool Belt	工具腰带
transmog	itemGroup.transmog	Transmog	幻化多端
trashcans	itemGroup.trashcans	Trash Cans	垃圾桶
twigs	itemGroup.twigs	Twigs	树枝
valhelsia_core	itemGroup.valhelsia_core	Valhelsia Core	Valhelsia Core
vaultbeacon	itemGroup.vaultbeacon	Vault Beacon	宝库信标
vaultfruitbag	itemGroup.vaultfruitbag	Fruit Bag - VH Addon	果实袋
waddles	itemGroup.waddles	Waddles	Waddles
waystones	itemGroup.waystones	Waystones	指路石
weather_control	itemGroup.weather_control	Weather Control	天气控制
wildbackport	itemGroup.wildbackport	TheWildBackport	TheWildBackport
xercapaint	itemGroup.xercapaint	Joy of Painting	绘画之乐
minecraft	itemGroup.yungsapi	YUNG's API	YUNG's API
yungscavebiomes	itemGroup.yungscavebiomes	YUNG's Cave Biomes	YUNG 的洞穴群系
